name,key,link,related_aesthetics,decade_of_origin,key_motifs,key_colours,key_values,related_media,earliest_origin,latest_origin
2 Tone,2_Tone,https://aesthetics.fandom.com/wiki/2_Tone,"['Mod', 'New_Wave', 'Northern_Soul', 'Punk', 'Reggae', 'Rude_Boy', 'Skinhead']",Late 1970s,"Checkerboard pattern, suits, pork pie hats, loafers, band logos",Black and white,"Anti-racism, racial unity, working-class pride, social commentary",,1970.0,1970.0
2000s Modern Baroque,2000s_Modern_Baroque,https://aesthetics.fandom.com/wiki/2000s_Modern_Baroque,"['Baroque', 'Curly_Girly', 'McBling', 'Parisian_Girly', 'Vectorbloom']",2000s,"Ornate details, gilded accents, sumptuous fabrics, floral embroidery, a fusion of Baroque elements with modern lines and materials","Black and gold, but also a broader range including rich hues (red, purple, teal, navy) and softer tones (lavenders, pinks, blues)","Opulence, drama, a reinterpretation of tradition, a blend of old and new",,2000.0,2000.0
2000s Preppy,2000s_Preppy,https://aesthetics.fandom.com/wiki/2000s_Preppy,"['Barbiecore', 'Basic_Girl', 'Boujee', 'Bubblegum_Bitch', 'High_School_Dream', 'Old_Money', 'Preppy', 'Surfer', 'Tweencore']",2000s,"Wealth, popularity, femininity, elitism","Light and bright colors, a lot of pink, black and white",,"lueless, Gossip Girl",2000.0,2000.0
2000s Yoga Mom,2000s_Yoga_Mom,https://aesthetics.fandom.com/wiki/2000s_Yoga_Mom,[],"Late 90's, Early 2000's","Yoga mats, suburban SUVs, large tote bags, thermal mugs, white kitchens, oversized glasses, physical planners, blonde highlights","Black, white, light gray, beige, sage green, pastel blue, pale pink","Disciplined wellness, balance between motherhood and self-care, domestic order, discreet aspirational consumption",,1990.0,2000.0
2010s Bright Kawaii,2010s_Bright_Kawaii,https://aesthetics.fandom.com/wiki/2010s_Bright_Kawaii,"['2010s_Soft_Kawaii', '2010s_Meme_Maximalism', 'Pastel_Goth', 'Weeaboo']",2010s,"Anime, arcades, mascots, school uniforms",Bright pastels,,,2010.0,2010.0
2010s Dark Fandom,2010s_Dark_Fandom,https://aesthetics.fandom.com/wiki/2010s_Dark_Fandom,"['Brostep', 'Digital_Horror', 'Emo', 'Gorecore', 'Nightcore_(aesthetic)', 'Welwitschia_Goth', 'Yandere']",2010s,"Monochrome color palette (black-red-white), blood splatters, glowing eyes, kitchen knives, glitch/static, surgical masks, ""Desmotivaciones"" posters, red spider lilies, chains","Black, blood red, dark grey, white","Madness as power, trauma, emotional release, rebellion against innocence, the ""corruption"" of childhood media","irai Nikki, Tokyo Ghoul, Yandere Simulator, Elfen Lied, Five Nights at Freddy's, Creepypasta",2010.0,2010.0
2010s Meme Maximalism,2010s_Meme_Maximalism,https://aesthetics.fandom.com/wiki/2010s_Meme_Maximalism,"['2010s_Soft_Kawaii', 'Deep_Fried_Meme', 'Galaxy_Print', 'Glitchcore', 'Glitter_Graphics', 'Internet_Awesomesauce', 'MLG', 'Scenecore', 'Vectordelia', 'Webcore']",2020s (drawing from Late 2000s-Mid 2010s),"Rage comics (Trollface, etc.),  Nyan Cat, Epic Face, image macros, Advice Animals, splatters, rainbow gradients, Sparkledogs, kaomoji","Bright primary and secondary colors, rainbows","""Epicness,"" random humor, nostalgia, controlled chaos, ""cringe culture is dead""","sdfmovie, YouTube Poop,MLG, Regretevator (Roblox game)",2000.0,2020.0
2010s Soft Kawaii,2010s_Soft_Kawaii,https://aesthetics.fandom.com/wiki/2010s_Soft_Kawaii,"['Kawaii', 'Twee']",2010s,"Kawaii mascots, sweets, florals","Pink, cream, mint green, brown",,,2010.0,2010.0
2010s Summer Nostalgia,2010s_Summer_Nostalgia,https://aesthetics.fandom.com/wiki/2010s_Summer_Nostalgia,"['2014_Tumblr', 'Basic_Girl', 'Electropop_08', 'Galaxy_Print', 'Nostalgiacore', 'Seapunk', 'VSCO_Girl']",Early-to-Mid 2010s,"Palm trees (especially silhouetted at sunset), ocean and pool scenes, beach bonfires, high-waisted shorts, floppy hats, large sunglasses, flamingo floaties, Arizona Iced Tea, fads like the Ice Bucket Challenge and Pokémon Go (2016), ""Keep Calm"" memes","Sun-bleached white, saturated teal/blue, neon pink/purple (from filters), golden yellow/orange (sun flare)","Care-free illusion, peace and joy, instant celebrity, youthful freedom, sun worship","-Eazy (""Tumblr Girls,"" ""Lady Killers"")",2010.0,2010.0
2014 Girly,2014_Girly,https://aesthetics.fandom.com/wiki/2014_Girly,"['2014_Tumblr', 'Barbiecore', 'Pale_Grunge', 'Pink_Princess', 'Quality_Tumblr', 'Shabby_Chic']",2012-2016,,"Various shades of pink, cream white, beige, and mint","kindess, femininity, and being grateful. most values are learnt from Audrey Hepburn","umblr, TikTok",2012.0,2016.0
2020 Alt,2020_Alt,https://aesthetics.fandom.com/wiki/2020_Alt,"['E-Boy', 'E-Girl', 'Emo', 'Femboy', 'Glitchcore', 'Goblincore', 'Indie_Kid', 'Kandi_Raver', 'Mallgoth', 'Sanriocore', 'Scenecore', 'Sigilkore']",Early 2020s,"Bunny/frog hats, layered shirts, fishnets, chains, arm warmers, anime, Sanrio characters, Monster Energy drinks","Primarily black, often with accents of pink, white, or neon colors","Online community, self-expression, leftist politics, queer liberation, anti-cringe culture, Black Lives Matter (BLM), ACAB","anganronpa, Dream SMP, Minecraft, Roblox, Kakegurui, Toilet-Bound Hanako-kun, Genshin Impact, OMORI, Hazbin Hotel, My Hero Academia, Among Us",2020.0,2020.0
2020s Preppy,2020s_Preppy,https://aesthetics.fandom.com/wiki/2020s_Preppy,"['Bubblegum_Bling', 'Coconut_Girl', 'Dopamine_Dressing', 'McBling', 'VSCO_Girl']",2020s,"Smiley faces, lightning bolts, chenille patches, bows","Hot pink, cyan, neon pastels, bright orange","Cheerfulness, affluence, cleanliness, popularity",,2020.0,2020.0
50s Suburbia,50s_Suburbia,https://aesthetics.fandom.com/wiki/50s_Suburbia,"['Mid-Century_Modern', 'Americana', 'Googie', 'Space_Age', 'Suburban_Gothic', 'Tradwife', 'Vintage_Americana']",1950s,"The nuclear family, manicured lawns, picket fences, station wagons, Tupperware parties, backyard barbecues, new household appliances","Pastels (mint green, baby pink, powder blue), cherry red, turquoise, white","Conformity, traditional gender roles, consumerism, family, community, optimism, ""keeping up with the Joneses""","eave It to Beaver, The Donna Reed Show, I Love Lucy, Pleasantville",1950.0,1950.0
8-Bit,8-Bit,https://aesthetics.fandom.com/wiki/8-Bit,"['Arcadecore', 'Cassette_Futurism', 'Early_Cyber', 'Lo-Fi', 'Low_Poly', 'PC-98', 'Pixelscape', 'Pixel_UI', 'Shanzhai']",1980s,"Extremely limited color palettes, minimal animation, blocky graphics, lack of outlines or shading, lettering with blocky dropshadows",,,prite comics,1980.0,1980.0
80s Workout,80s_Workout,https://aesthetics.fandom.com/wiki/80s_Workout,"['Camp', 'Mallsoft', 'Memphis_Design', 'Vaporwave']",1980s,"Leotards, leg warmers, sweatbands, neon colors, high-top sneakers, spandex, bike shorts","Bright neon (pink, green, yellow, blue), pastels, often in high-contrast combinations","Fitness as fun, energy, optimism, self-expression, social performance",,1980.0,1980.0
90s Cool,90s_Cool,https://aesthetics.fandom.com/wiki/90s_Cool,"['Y2K_Futurism', 'Techwear', 'Metalheart', 'Nu-Metal', 'Cyberdelic', '//www.are.na/evan-collins-1522646491/cyber-gen-x-corporate', 'Olderbrothercore', 'Abstract_Tech', 'Alternative', 'Berlin_Techno_Fashion', 'Biopunk', 'Corporate_Grunge', 'Cyberprep', 'Cyberpunk', 'Early_Cyber', 'Gen_X_Soft_Club', 'Grunge', 'Hacker_Chic', 'Goth', 'Mallgoth', 'Industrial', 'Metalheart', 'Nu-Metal', 'Cyberdelia', 'Raver', 'Y2K', 'Chromecore', 'Techwear', 'Teenpunk', 'Y2K_Futurism', 'Poster_Gal']",1990s,"Bullet time action, martial arts movies, slo-motion sequences, CGI, Y2K style costumes, action,cyberpunksettings, digital rain, Hollywood-style hacking/computer cracking","Green, blue, yellow, black","Lone savior complex, a massive emphasis on ""cool"", Post-Matrix action film-making","he Crow,The Matrix,Blade,Max Payne,Splinter Cell,GTA II & III,Metal Gear Solid",1990.0,1990.0
Abstract Tech,Abstract_Tech,https://aesthetics.fandom.com/wiki/Abstract_Tech,"['DORFic', 'Hexatron', 'Corporate', 'Cyberprep', 'Cyberpunk', 'Dark_Aero', 'Frutiger_Aero', 'Frutiger_Eco', 'Glassmorphism', 'Med-Tech_Visions', 'Metalheart', 'Robotcore', 'Skeuomorphism', 'TechnoNeko2000', 'Vectorheart', 'Y2K_Futurism']",c. 1990s-2000s,"glowing lines, concentric arcs/circles, hexagons, circuits, binary code, connected dots, robotics","blue, black, white","technological advancement, digital transformation, connectivity","inority Report,Iron Man(MCU),TRON: Legacy, other Digital Age sci-fi, technology stock images",1990.0,2000.0
Acid Design,Acid_Design,https://aesthetics.fandom.com/wiki/Acid_Design,"['Acid_House', 'Barber_Beats', 'Cyberdelia', 'Cyberpunk', 'Neo-Vectorheart', 'Neubrutalism', 'New_Beat', 'Psychedelia', 'Rave', 'Retrofuturism', 'Vectorheart', 'Y2K_Futurism']",Late 2010s (revival); 1990s (origin),"Chrome/liquid metal typography, wireframes, geometric shapes, dystopian imagery, psychedelic patterns, smiley faces","Black, neons, fluorescent colors","Individuality, uniqueness, visual dissonance, cynical humor, futurism",,1990.0,2010.0
Acid House,Acid_House,https://aesthetics.fandom.com/wiki/Acid_House,"['Acid_Design', 'Rave', 'Psychedelia', 'Groovival', 'Madchester', 'New_Beat']",1980s,"Smiley face, psychedelic patterns, baggy clothing, bucket hats, bandanas, dungarees","Bright neon colors (yellow, pink, green, orange)","Euphoria, unity, hedonism, escapism, peace, love",,1980.0,1980.0
Acubi,Acubi,https://aesthetics.fandom.com/wiki/Acubi,"['Avant_Apocalypse', 'Cyber_Grunge', 'Gloomy_Coquette', 'Minimalism', 'Stargirl', 'Y2K']",2020s,"Subversive basics, layering, cut-outs, ""slim top big pants"" silhouette, bolero cardigans","Neutrals (grey, black, white), earth tones (sage green, brown)","Minimalism, effortless cool, digital native fashion, comfort",,2020.0,2020.0
Adventurecore,Adventurecore,https://aesthetics.fandom.com/wiki/Adventurecore,"['Adventure_Pulp', 'Cabincore', 'Campcore', 'Goblincore', 'Naturecore']",2010s,"Exploration, the great outdoors, maps, compasses, hiking gear, dense forests, misty mountains","Earth tones (green, brown, dark blue, off-white)","Curiosity, exploration, yearning for the unknown, connection to nature","ravity Falls, Over the Garden Wall, The Legend of Zelda: Breath of the Wild",2010.0,2010.0
Adventure Pulp,Adventure_Pulp,https://aesthetics.fandom.com/wiki/Adventure_Pulp,"['Adventurecore', 'Dieselpunk', 'Junglecore', 'Safari_Chic', 'Steampunk', 'Tiki', 'Victorian']","1930s (original), 1980s (modern revival)","Ancient ruins, dense jungles, old maps, esoteric artifacts, prop planes, fedoras, treasure hunting","Brown, khaki, ochre, off-white, earth tones","Adventuring, discovery, competency, scholasticism, escaping the mundane",,1930.0,1980.0
Aestheticism,Aestheticism,https://aesthetics.fandom.com/wiki/Aestheticism,"['Arts_and_Crafts', 'Art_Nouveau', 'Decadence', 'Japonisme', 'Orientalism', 'Pre-Raphaelite', 'Romanticism', 'Victorian']",Late-19th century (approximately 1860s-1900s),"Peacocks, lilies, sunflowers, irises, Japanese motifs (fans, screens), classical figures, flowing lines, intricate patterns","Jewel tones (emerald green, sapphire blue, ruby red), Gold, Ivory, Peacock blue","Art for art's sake, beauty, sensuality, refinement, individualism","he Picture of Dorian Gray, Poems and Ballads (Swinburne), Studies in the History of the Renaissance, Yellow Book",1860.0,1900.0
Aesthetic Rap,Aesthetic_Rap,https://aesthetics.fandom.com/wiki/Aesthetic_Rap,"['Cloud_Rap', 'E-Boy', 'E-Girl', 'Lo-fi_Art', 'Meme_Rap', 'Trap_Metal', 'Vaporwave']",Early 2020s,"Anime Music Videos (AMVs), e-girls/e-boys, LED lights, firearms, luxury cars, VHS filters, Hello Kitty, money, juxtaposition of conventionally attractive women with weapons","Purple, pink, neon blue, black","Romance, infatuation (""simping""), nostalgia, main character energy, coolness",,2020.0,2020.0
Aetherpunk,Aetherpunk,https://aesthetics.fandom.com/wiki/Aetherpunk,"['Dungeonpunk', 'Fantasy', 'Steampunk']",nan,"Nature, Pagan Imagery, Gold everywhere",,"Utopianism, A fight against an evil dark force but not an industrial one,",,,
Afrofuturism,Afrofuturism,https://aesthetics.fandom.com/wiki/Afrofuturism,"['Androgynous', 'Art_Hoe', 'Cyber_Ghetto', 'Cyberpunk', 'Funk', 'Indigenous_Futurisms', 'Retrofuturism', 'Solarpunk', 'Synthwave']",1950s-Present,"Technology, cosmology, diaspora, reclamation","Metallic, deep blues, earth tones","Liberation, innovation, heritage, future vision","lack Panther, Sun Ra, Grace Jones, Octavia Butler, Samuel R. Delany",1950.0,1950.0
Afropunk,Afropunk,https://aesthetics.fandom.com/wiki/Afropunk,"['Afrofuturism', 'Alternative', 'Funk', 'Punk', 'Hip-Hop', 'Nu-Metal', 'Rockabilly']",1970s (origins)2000s (wider popularization),"DIYaesthetics, Afrofuturist elements, African-inspired prints and patterns, natural hairstyles (e.g., afros, dreadlocks, braids), body modifications (piercings, tattoos), reclaimed punk iconography (spikes, leather, ripped denim)",,"Rebellion, independence, anti-conformity, social justice, self-expression, Black liberation","fro-Punk (2003 film), Afropunk Festival",1970.0,2000.0
After Hours,After_Hours,https://aesthetics.fandom.com/wiki/After_Hours,"['City_Pop', 'Doomer', 'Ethereal', 'Film_Noir', 'Industrial_Decay', 'Liminal_Space', 'Lo-Fi', 'Mallsoft', 'Post-Apocalyptic', 'Seapunk', 'Synthwave', 'Urbancore', 'Vaporwave']",2010s,"Darkness, emptiness, familiarity, tranquility, melancholy","Darker colors due to shadows, Gold, Yellow",,o Players Online,2010.0,2010.0
Agejo,Agejo,https://aesthetics.fandom.com/wiki/Agejo,"['Gyaru', 'Hime_Gyaru', 'Himekaji', 'Kogal', 'Girly_Kei', 'Heisei_Retro', 'McBling']",Mid 2000s,"Animal print (especially leopard and zebra), rhinestones, lace, roses, bows, ribbons, gold embellishments","Hot pink, black, red, blue, purple","Glamour, sexuality, classiness, hyper-femininity","oakuma Ageha Magazine, Popteen Magazine, Egg Magazine",2000.0,2000.0
Aggrotech,Aggrotech,https://aesthetics.fandom.com/wiki/Aggrotech,"['Cybergoth', 'Cyberpunk', 'Electronic_Body_Music', 'Industrial', 'Post-Apocalyptic']",Late 1990s,"Gas masks, biohazard symbols, tactical gear, body horror, heavy machinery, aggressive synthesizers","Neon green, acid yellow, blood red, black","Misanthropy, apocalypticism, techno-nihilism",,1990.0,1990.0
Ah Beng,Ah_Beng,https://aesthetics.fandom.com/wiki/Ah_Beng,"['Bogan', 'B%C5%8Ds%C5%8Dzoku', 'Chav', 'McBling']",1990s,"Rebonded/dyed Hair (blonde/red), loud and flashy Accessories (chunky jewelry), motor enthusiasm/reckless driving, visible Western brands, Singlish/Hokkien language preference",,"Materialism, anti-intellectualism, loyalty (to gang/clique), hedonism, anti-establishment (unintentionally)","hua Chu Kang Pte Ltd (Sitcom), Army Daze (Film)",1990.0,1990.0
Akibapop,Akibapop,https://aesthetics.fandom.com/wiki/Akibapop,"['Bubblegum_Dance', 'Colorful_Pop', 'Denpa', 'Dokukawaii', 'Lolicore', 'Moe', 'Otaku']",Early 2000s,"High-pitched vocals, catchy melodies, nonsensical lyrics, repetition, otaku themes","Bright colours, pink, pastels","Bizarreness, catchiness,cuteness, energy, chaos","oujin music, Touhou Project, Japanese rhythm games (e.g., Sound Voltex, Benami series, Beatmania, Yunyun Syndrome!? Rhythm Psychosis)",2000.0,2000.0
Aliencore,Aliencore,https://aesthetics.fandom.com/wiki/Aliencore,"['Atompunk', 'Cryptidcore', 'Psychedelia', 'Raygun_Gothic', 'Retrofuturism', 'Space_Age', 'Y2K_Futurism']",1990s,"Aliens, outer space, UFOs","Black, green, violet, magenta, cyan","Apathy, exploration, individualism, mystery",,1990.0,1990.0
Aliyahcore,Aliyahcore,https://aesthetics.fandom.com/wiki/Aliyahcore,"['Bubblegum_Bling', 'Cyberpunk', 'Grunge', 'Harajuku_Fashion', 'Kawaii']",2020s,"Earmuffs, fishnets (as sleeves and stockings), garter belts, fur-trimmed platform boots, miniskirts, layered belts",,"Unapologetic self-expression, confidence, creativity, individuality",,2020.0,2020.0
Amekaji,Amekaji,https://aesthetics.fandom.com/wiki/Amekaji,"['Gyaru', 'Hip-Hop', 'Kogal', 'McBling', 'Swag', 'Y2K']",Late 1990s–2000s,"Bright colors, oversized hoodies, brand logos, puffer vests, flared pants, mini skirts, layered clothing, surf and skate culture","Vibrant palettes including pink, yellow, turquoise, and orange, often with earthy base tones","Playfulness, energy, brand loyalty, American pop culture, casual comfort","agazines (egg, Ranzuki)",1990.0,2000.0
American Kitsch,American_Kitsch,https://aesthetics.fandom.com/wiki/American_Kitsch,"['50s_Suburbia', 'Americana', 'Camp', 'Diner', 'Heroic_Realism', 'Pin-up', 'Raggare', 'Vintage_Americana']",1920s,,,,,1920.0,1920.0
American Pioneers,American_Pioneers,https://aesthetics.fandom.com/wiki/American_Pioneers,"['Adventurecore', 'Americana', 'Campcore', 'Cottagecore', 'Prairie', 'Western']",nan,"The American prairie, supplies used on the journey, danger",,"Manifest Destiny, self-sufficiency, colonialism",,,
American Thanksgiving,American_Thanksgiving,https://aesthetics.fandom.com/wiki/American_Thanksgiving,"['Americana', 'Autumn', 'Christian_Girl_Autumn', 'Halloween', 'Historical_Americana']",November 1621,"Fall harvest, turkeys, pie, family, cornucopia",Autumnal colors,"American tradition, family, domesticity, gratefulness", Charlie Brown Thanksgiving,1621.0,1621.0
Analog Horror,Analog_Horror,https://aesthetics.fandom.com/wiki/Analog_Horror,"['Digital_Horror', 'Glitch_Art', 'Horror', 'Liminal_Space', 'Signalwave', 'Weirdcore']",Mid-to-Late 2010s,"Nostalgia, static, glitches, psychological dread, ambiguous threats, corrupted broadcasts, hidden messages","Monochromatic (black and white), desaturated, limited use of blue, red, green","Unsettling the familiar, loss of control, fear of malfunctioning technology, questioning authority, cosmic horror","he Mandela Catalogue, Gemini Home Entertainment, Local 58 TV",2010.0,2010.0
Anarcho-Punk,Anarcho-Punk,https://aesthetics.fandom.com/wiki/Anarcho-Punk,"['Crustpunk', 'Folk_Punk', 'Gutter_Punk', 'Punk', 'Riot_Grrrl']",Late 1970s,"DIY clothing (patches, studs, stencils), anarchy symbol (Ⓐ), anti-war and anti-capitalist slogans, animal rights imagery, black and red color schemes",,"Anarchism, anti-authoritarianism, anti-capitalism, anti-war,DIY ethos, animal rights, environmentalism",,1970.0,1970.0
Ancient Egypt,Ancient_Egypt,https://aesthetics.fandom.com/wiki/Ancient_Egypt,"['Hellenic', 'Art_Deco', 'Egyptian_Revival']",3150 BC─30 BC,"Pyramids, mummies, sand, gold, tomb artwork, winged solar disc","Gold, white, ivory, brown, black, blue, red",,,-3150.0,-30.0
Androgynous,Androgynous,https://aesthetics.fandom.com/wiki/Androgynous,"['Club_Kids', 'Cybergoth', 'Deathrock', 'Femboy', 'Glam_Rock', 'Goth', 'Heroin_Chic', 'Minet', 'New_Romantic', 'Power_Dressing', 'Queercore', 'Succubus_Chic', 'Teddies', 'Tomboy', 'Trad_Goth', 'Visual_Kei']",nan,Gender-neutral clothing,All,Someone of the androgynous style might have some female characteristics (eg; long hair) and some male (eg; facial hair).,,,
Angelcore,Angelcore,https://aesthetics.fandom.com/wiki/Angelcore,"['Baroque', 'Coquette', 'Cottagecore', 'Devilcore', 'Ethereal', 'Fairycore', 'Hellenic', 'Neoclassicism', 'Rococo']",Late 2010s,"Angels, cherubs, wings, halos, doves, soft clouds, sunbeams, glitter","White, gold, light blue, light yellow, pastel pink","Beauty, benevolence, tranquility, unearthliness, purity, gentleness",ings of Desire (1987),2010.0,2010.0
Anglo Gothic,Anglo_Gothic,https://aesthetics.fandom.com/wiki/Anglo_Gothic,"['After_Hours', 'Liminal_Space', 'Chav', 'Dark_Academia', 'Regional_Gothic', 'Suburban_Gothic', 'Goth', 'Trad_Goth', 'Post-Punk', 'Cryptidcore', 'Britpop']",1990s,"Drizzling rain, overcast skies, cheap tea and biscuits, melancholy, council estates","Blue, grey, brown, green","Working class values, dissatisfaction, depression,","GMedia, Grime music, Arctic Monkeys, The Full Monty",1990.0,1990.0
Angura Kei,Angura_Kei,https://aesthetics.fandom.com/wiki/Angura_Kei,"['Goth', 'Visual_Kei', 'Showa_Retro', 'Taisho_Roman']",1960s (theatre),"Shironuri makeup, Japanese school uniforms (modified), traditional garments (Kimono, Haori), wartime/Showa era nostalgia, occult/Shinto symbolism, Bunka dolls, old wall clocks, travelling circuses","Black, white, red (symbolizing blood, nationalism, and drama)","Rejection of WesternRealism, political critique, nihilism, distortion of Japanese national identity, theatricality, grotesque exaggeration","erayama Shuji's work, Furuya Usamaru's Litchi Hikari Club (Manga), Yokoo Tadanori's posters",1960.0,1960.0
Animecore,Animecore,https://aesthetics.fandom.com/wiki/Animecore,"['Bubblegum_Dance', 'Cutecore', 'E-Girl', 'Femcel_(anime_subculture)', 'Kawaii', 'Kawaii_Gamer', 'Lolicore', 'Nightcore_(aesthetic)', 'Otaku', 'Scenecore', 'Superflat', 'TechnoNeko2000', 'Webcore', 'Weeaboo']",1990s (Origins)2010s (Aesthetic),"2000s moe anime characters, anime figurines, posters, cluttered desks, CRT monitors,glitter graphics(Blingee, PicMix), low-quality images","Bright, saturated colors, often with a neon or pastel tint","Nostalgia for 2000s anime culture, intense fandom, visual maximalism, online community","ucky Star, Azumanga Daioh, the Touhou Project series, Vocaloid",1990.0,2010.0
Antwerp Six,Antwerp_Six,https://aesthetics.fandom.com/wiki/Antwerp_Six,"['Archive', 'Deconstructivism', 'Goth', 'Romantic_Goth', 'Minimalism']",Mid-1980s,"Deconstruction, asymmetry, minimalism, monochromatic palettes, exposed seams/linings, oversized tailoring, intellectual rebellion, androgyny","Black, charcoal grey, off-white, muted earth tones (for deconstructive designers); saturated prints, bright colors (for Dries Van Noten/Walter Van Beirendonck)","Avant-garde, anti-fashion, intellectualism, craftsmanship, individuality, non-conformity",,1980.0,1980.0
Appalachian Gothic,Appalachian_Gothic,https://aesthetics.fandom.com/wiki/Appalachian_Gothic,"['Adventurecore', 'Suburban_Gothic', 'Regional_Gothic', 'Cabincore', 'After_Hours', 'Cryptidcore', 'Midwest_Gothic', 'Southern_Gothic', 'New_England_Gothic', 'Gothic', 'Dark_Naturalism']",1700's,"Forested mountains, supernatural occurences, small mountain towns","Greens, grays, rusty browns, some blue","Hard work, independence, conservatism",,1700.0,1700.0
Après-ski,Apr%C3%A8s-ski,https://aesthetics.fandom.com/wiki/Apr%C3%A8s-ski,"['Cabincore', 'Coastal_Grandmother', 'Old_Money', 'Winter']",1950s,"Knit sweaters (especially Fair Isle), turtlenecks, puffer jackets, ski chalets, fireplaces, fondue, mulled wine, vintage ski posters","Creams, whites, deep reds, navy blue, forest green, earth tones","Coziness, socializing, relaxation, comfort, rustic luxury",,1950.0,1950.0
Arabian Nights,Arabian_Nights,https://aesthetics.fandom.com/wiki/Arabian_Nights,"['Orientalism', 'Royalcore']",2020s,"Desert landscapes, traditional Middle Eastern garments (thobes, abayas), elaborate makeup, gold jewelry, slow-motion transitions",,"Cultural pride, beauty, tradition, modernity",laddin (1992),2020.0,2020.0
Arabfunny,Arabfunny,https://aesthetics.fandom.com/wiki/Arabfunny,"['Deep_Fried_Meme', 'Major_League_Gaming', 'Surreal_Meme', 'Weirdcore', 'Yabujincore']",Late 2010s,"Arabic text, random viral videos, red clickbait circles and arrows, Peter Griffin, low quality .JPEG compression, Arabic music/ringtones, emojis, loud sirens, low quality 3D animations, ""FREE DOWNLOAD"" buttons","Red, green, white, black (Pan-Arab colors), neon green","Irony, satire, sensory overload, absurdism, ""shitposting""","amood Habibi, Crazy Frog, Gummy Bear",2010.0,2010.0
Arcadecore,Arcadecore,https://aesthetics.fandom.com/wiki/Arcadecore,"['8-Bit', 'Glitch_Art', 'Kidcore', 'Mallgoth', 'Synthwave', 'Vaporwave', 'Webcore']",1980s,"Arcade cabinets, CRT screens, vector graphics, pixel art, neon lights, glowing joysticks and buttons, patterned carpets, tokens, tickets","Black, navy blue, fluorescent and neon colors (especially pink, cyan, and green)","Nostalgia, competition, social gathering, escapism, fun",,1980.0,1980.0
Aristocrat,Aristocrat,https://aesthetics.fandom.com/wiki/Aristocrat,"['Dandy', 'Gothic_Lolita', 'Ouji', 'Tanbi_Kei', 'Visual_Kei']",Mid-1990s,"Tailored waistcoats and trousers, androgynous silhouettes, jabots and cravats, long skirts, fitted jackets, monarchist imagery (fleur-de-lis, crowns), crosses, roses, velvet, lace-up boots","Black, white, crimson, midnight blue, silver/gold accents","Androgyny, elegance, darkness, maturity, historical reverence (19th-century European aristocracy)",,1990.0,1990.0
Art Academia,Art_Academia,https://aesthetics.fandom.com/wiki/Art_Academia,"['Art_Hoe', 'Chaotic_Academia', 'Dark_Academia', 'Figuration_Narrative', 'Light_Academia', 'Musical_Academia', 'Studyblr', 'Utopian_Scholastic']",nan,"Admiring art pieces, staring at statues, books, painting, drawing, sketching, jotting down notes, poetry, art museums","Cadmium yellow, dark browns, white, the whole rainbow","Art, knowledge, curiosity, literature, music, architecture",ust for Life,,
Artcore,Artcore,https://aesthetics.fandom.com/wiki/Artcore,"['Baroque', 'Colorful_Pop', 'Gothic', 'Gothic_Lolita']",Early 2000s,"Classical piano and strings, high-tempo breakbeats, anime-styled characters, fantasy elements (crystals, feathers),Gothic architecture","Cool-toned palettes: blue, purple, and white, often with high contrast","Melodrama, elegance, technical complexity, fusion of classical and electronic music","rcaea, Cytus II, CHUNITHM, KALPA, Maimai DX, O.N.G.E.K.I.",2000.0,2000.0
Art Deco,Art_Deco,https://aesthetics.fandom.com/wiki/Art_Deco,"['Art_Nouveau', 'Bauhaus', 'Cubism', 'Decopunk', '//cari.institute/aesthetics/deco-luxe', '//cari.institute/aesthetics/decoplex', 'Dieselpunk', 'Flapper', 'Fleischer_Style', 'Futurism', 'Gar%C3%A7onne', 'Roaring_Twenties', 'Streamline_Moderne', 'Weimar_Cabaret']",1910s–1930s,"Bold geometric shapes (chevrons, sunbursts, zig-zags), stepped forms, stylized natural forms, lavish ornamentation, symmetry","High contrast palettes, black, silver, gold, chrome, rich jewel tones","Luxury, glamour, modernity, progress, faith in technology, ""machine aesthetic,"" speed",,1910.0,1930.0
Arte Povera,Arte_Povera,https://aesthetics.fandom.com/wiki/Arte_Povera,"['Dau_al_Set', 'Industrial_Decay', 'Minimalism', 'Nouveau_R%C3%A9alisme']",Late 1960s,"Commonplace materials, ""poor"" materials, pre-industrial materials, earth, rocks, wood, metal, fabric, fire, organic materials, process, transformation","Often earthy tones, natural colours, but also industrial colours (depending on materials used)","Critique of consumerism, anti-materialism, anti-commercialism, rejection of traditional art values, emphasis on process, connection to nature, Italian cultural identity",,1960.0,1960.0
Art Hoe,Art_Hoe,https://aesthetics.fandom.com/wiki/Art_Hoe,"['Art_Academia', 'VSCO_Girl', 'Indie', 'Cottagecore', 'Plant_Mom']",Mid-2010s,"Selfies collaged with famous art, nature imagery (plants, flowers), sketchbooks, paint palettes, Kånken backpacks","Primary colors (especially yellow), earth tones","Creativity, self-expression, diversity, centering artists of color, passion for art, connection to nature",,2010.0,2010.0
Art Nouveau,Art_Nouveau,https://aesthetics.fandom.com/wiki/Art_Nouveau,"['Aestheticism', 'Arts_and_Crafts', 'Art_Deco', 'Glasgow_Style', 'Japonisme', 'Modernisme', 'Symbolism', 'Post-Impressionism', 'Psychedelia']",1890s–1910s,"""Whiplash"" curves, sinuous lines, stylized natural forms (flowers, insects, vines), female figures, peacock feathers","Muted palettes including olive green, mustard yellow, brown, lilac, and sage, often with accents of gold and silver","Integration of fine and applied arts, rejection of historicism, ornamentation based on nature, use of modern materials",,1890.0,1910.0
Arts and Crafts,Arts_and_Crafts,https://aesthetics.fandom.com/wiki/Arts_and_Crafts,"['Art_Nouveau', 'Bauhaus', 'Pre-Raphaelite']",1880s - 1920s,"Stylized natural forms (flowers, vines, birds), medieval influences, simple and strong construction, visible joinery, handcrafted textures","Rich, deep colors from natural dyes (earthy reds, deep greens, ochre yellows, indigo blues)","Dignity of labor, anti-industrialism, social reform, truth to materials, unity of art and life, craftsmanship, simplicity, utility",,1880.0,1920.0
Art Singulier,Art_Singulier,https://aesthetics.fandom.com/wiki/Art_Singulier,"['Cubism', 'Lowbrow', 'Superflat', 'Surrealism']",1970s,"Spontaneity, personal expression, non-academic techniques, diverse styles, exploration of individual realities, rejection of intellectualism",Bright colors,"Individual creativity, freedom from artistic norms, authenticity, personal vision, emotional expression, intuitive creation",,1970.0,1970.0
Asian Baby Girl,Asian_Baby_Girl,https://aesthetics.fandom.com/wiki/Asian_Baby_Girl,"['Baddie', 'Femme_Fatale', 'Sukeban']",1990s,"Raves, parties, boba, tattoos, dyed hair, nightlife",Black,"Rebellion against stereotypes, individuality, femininity, freedom",,1990.0,1990.0
Atomic Age,Atomic_Age,https://aesthetics.fandom.com/wiki/Atomic_Age,"['Atompunk', 'Googie', 'Mid-Century_Modern', 'Raygun_Gothic', 'Rocketpunk', 'Space_Age']",1940s,"Atomic/molecular models, starbursts, boomerangs, amoeba shapes, parabolas, satellites, rockets","Vibrant pastels (turquoise, pink, yellow), primary colors (red, blue), with white, black, and metallic accents","Futurism, optimism, scientific progress, technological anxiety, modernity",,1940.0,1940.0
Atompunk,Atompunk,https://aesthetics.fandom.com/wiki/Atompunk,"['Cyberpunk', 'Decopunk', 'Dieselpunk', 'Modernism', 'Punk', 'Raygun_Gothic', 'Retrofuturism', 'Rocketpunk', 'Space_Age', 'Atomic_Age', 'Googie', 'Mid-Century_Modern']",1950s,"Nuclear-based power, space travel, hover technology, bright colours",,"Endless technological advancement, pulp comic vibes, pessimistic views",uturama and Red Dwarf,1950.0,1950.0
Auroracore,Auroracore,https://aesthetics.fandom.com/wiki/Auroracore,"['Angelcore', 'Art_Nouveau', 'Ethereal', 'Fantasy', 'Fairycore', 'Fairy_Kei', 'Fairy_Tale', 'Galaxy_Print', 'Magical_Girls', 'Pastel_Goth', 'Princesscore', 'Spacecore', 'Unicorncore']",2010s,"Magic, crystals and gems, stars, iridescence, flowy fabric, feathers, wings, water, elegant weapons, blended gradients, sparkles, scales, clouds, glowing, auroras","Luminous pastels, mostly purple but uses any colors ranging from cyan to pink, metallic accents","Purity, power, beauty,elegance, divinity, otherworldliness, enchantment, goodness, love, heroism",rozen IIFrozenGenshin ImpactMy Little Pony: Friendship is MagicShe-Ra and the Princesses of PowerStarlight BrigadeSteven UniverseOri seriesAvatar movies,2010.0,2010.0
Australiana,Australiana,https://aesthetics.fandom.com/wiki/Australiana,"['Surf_Crush', 'Vacation_Dadcore']",1980s,"Australian wildlife, koalas, kangaroos, and galahs, native flora and fauna, Aboriginal art, low-set cream brick homes, Queenslanders, nostalgic kitsch, retro design elements, fairy bread","Opalescent and iridescent, Contrasting colour schemes, Colours that don't go together, White with splashes of colour and bright primary colours","Nostalgia, Irreverence, Occasionally iconoclastic, 'Larrikin' spirit, Fun, Laidback, Ironic",,1980.0,1980.0
Autumn Aesthetic,Autumn_Aesthetic,https://aesthetics.fandom.com/wiki/Autumn_Aesthetic,"['Christian_Girl_Autumn', 'Cinnamon_Girl', 'Cozycore', 'Dark_Academia', 'Hygge', 'Maillard_Style', 'Twilightcore']",2010s,"Pumpkin spice lattes, chunky knit sweaters, falling leaves, cozy blankets, candles, classic books, pumpkin patches","Earth tones (rich browns, warm oranges, deep reds, mustard yellows), cream, beige","Coziness, nostalgia, comfort, mindfulness, simple pleasures, domesticity",,2010.0,2010.0
Avant Apocalypse,Avant_Apocalypse,https://aesthetics.fandom.com/wiki/Avant_Apocalypse,"['Cyber_Grunge', 'Fairy_Grunge', 'Plaguecore', 'Post-Apocalyptic', 'Soft_Apocalypse', 'Solarpunk', 'Y2K_Futurism']",2020s,"Deconstruction, asymmetry, layering, neutral tones, cut-outs, unconventional silhouettes","Earth tones, beige, white, grey","Expression of freedom, body-consciousness","ystopian films (e.g., Dune), Sci-fi",2020.0,2020.0
Avant Basic,Avant_Basic,https://aesthetics.fandom.com/wiki/Avant_Basic,"['Danish_Pastel', 'Dopamine', 'Gen_Z_Maximalism', 'Indie_Kid', 'Kidcore', 'Maximalism', 'Memphis_Design', 'Mid-Century_Modern', 'Neubrutalism', 'Psychedelia', 'Vaporwave']",2020s,"Checkerboard, wavy lines, pastel patterns, curved shapes","Pastel blues, pinks, greens, oranges","Playfulness, retro, maximalism,kitsch, creativity",,2020.0,2020.0
Avantropop,Avantropop,https://aesthetics.fandom.com/wiki/Avantropop,"['Avant-garde', 'Bright_Tertiaries', 'Dark_Aero', 'Frutiger_Aero', 'Flat_Design', 'Internet_Awesomesauce', 'McBling', 'Memphis_Design', 'Memphis_Lite', 'Monochrome_Luxe', 'Shibuya_Punk', 'Superflat_Pop', 'UrBling', 'Vectordelia', 'Y2K_Futurism']",2000s,"Asymmetrical geometric shapes, diagonal lines, CMYK color palettes, soft gradients, triangular or square patterns, and colorful polygonal designs, vector-based graphics, striped patterns commonly in Black & White, typefaces like ""ITC Avant Garde Gothic"", ""Lot"", and ""Val""","Neon colors, purple, magenta, red, blue, green, yellow, orange, black, white",,"Noods"", ""Let's Go!/Prefuse"", and ""CHECK it"" eras of Cartoon Network",2000.0,2000.0
Babycore,Babycore,https://aesthetics.fandom.com/wiki/Babycore,"['Babygirl', 'Delicate_Sweet', 'Kawaii', 'Kidcore', 'Sanriocore', 'Yume_Kawaii']",2010s,"Plush toys, baby animals, pacifiers (as accessories), baby bottles, alphabet blocks, rattles, frills, pastels","Pastel pink, baby blue, light yellow, mint green, white, cream","Nostalgia, comfort, innocence, softness, gentleness",,2010.0,2010.0
Babygirl,Babygirl,https://aesthetics.fandom.com/wiki/Babygirl,"['Babycore', 'Coquette', 'Kawaii', 'Nymphet', 'Pastel_Goth', 'Puppygirl', 'Sanriocore', 'Soft_Girl']",2010s,"Pastel colors, frills, lace, bows, stuffed animals, pacifiers (as accessories), pigtails, Mary Janes, hearts","Pastel pink, baby blue, lavender, white, cream","Nostalgia, comfort, self-care, healing, innocence, personal freedom, reclamation of girlhood",,2010.0,2010.0
Baddie,Baddie,https://aesthetics.fandom.com/wiki/Baddie,"['Barbiecore', 'Bimbocore', 'Cherry_Emoji_Twitter', 'Chonga', 'Femme_Fatale', 'Guido', 'Hot_Cheeto_Girl', 'McBling', 'Paty_de_SP']",2010s,Bold makeup and fashion,"Black, red, camo, beige, white and pink.","Being confident, looking good, wearing makeup",,2010.0,2010.0
Bakala,Bakala,https://aesthetics.fandom.com/wiki/Bakala,"['Biker', 'Cani', 'Electronic_Body_Music', 'Gabber', 'New_Beat', 'New_Wave', 'Pokero', 'Rave', 'Skinhead']",1980s (Late) – 2000s (Early),"Shaved ""Cenicero"" hairstyles, bomber jackets (Alpha Industries), customized sportswear, gold jewelry, high-speed driving, macro-discotheques","Orange (inside of bombers), black, neon green, yellow, denim blue","Hedonism, ""destroy"" mentality, tribalism, endurance (multi-day partying), speed, music appreciation (Mákina/Hardcore)","it Music (record label), La Ruta (2022 Series), IVAM ""Ruta Gràfica"" exhibition, Makinavaja",1980.0,2000.0
Balearic Aesthetic,Balearic_Aesthetic,https://aesthetics.fandom.com/wiki/Balearic_Aesthetic,"['Acid_House', 'Bohemian', 'Hippie', 'Psychedelia', 'New_Beat']",Late-1980s,"Mediterranean sunsets, soft-focus photography, flowing linen, bohemian accessories, simple nautical elements, unhurried typography, lizards","Golden yellow, sunset orange, soft pink, azure blue, white","Chilling out, euphoria, free spirit, fun, spontaneity, unhurried pace",,1980.0,1980.0
Ballet,Ballet,https://aesthetics.fandom.com/wiki/Ballet,"['Balletcore', 'Fairycore', 'Romanticism', 'Pink_Parisian']",15th Century,"Tutus, pointe shoes, ribbons, tights, leotards, ballet slippers, barre, stage lighting, mirrors, studios, swans, sugarplum fairies, supernatural beings","White, pink, cream, black, gold, silver","Expression of emotion through movement, classical form, discipline, grace, ethereal beauty, storytelling","he Red Shoes (1948), Black Swan (2010), Suspiria (1977), An American in Paris (1951)",1400.0,1500.0
Balletcore,Balletcore,https://aesthetics.fandom.com/wiki/Balletcore,"['Ballet', 'Coquette', 'Cult_Party_Kei', 'Dollcore', 'Dollette', 'French_Girly', 'Larme_Kei', 'Wishcore', 'Wonyoungism']",2020s,Ballet-inspired fashion,"Pink, white, black, gray, nude",Femininity,,2020.0,2020.0
Ballroom Culture,Ballroom_Culture,https://aesthetics.fandom.com/wiki/Ballroom_Culture,"['Burlesque', 'Cyber_Ghetto', 'Disco', 'Hip-Hop', 'Queercore']",Late 19th Century (formal balls); 1960s/1970s (modern house system),"Categories (realness, runway, face, vogue performance), houses, trophies, chosen family, walking, voguing, shade, reading, fashion as performance, aspirational wealth","Diverse; often bright, bold, and luxurious, reflecting aspirational fashion and glamour","Family, community, self-expression, aspiration, survival, defiance, competition, glamour","aris Is Burning (1990 film), Pose (TV series), Legendary (TV series), Madonna's ""Vogue"" (song/video)",1800.0,1970.0
Bankara,Bankara,https://aesthetics.fandom.com/wiki/Bankara,"['Yanki', 'Taisho_Roman']",1900s,,Black,"Disregard for appearance, masculinity, nationalism",,1900.0,1900.0
Barber Beats,Barber_Beats,https://aesthetics.fandom.com/wiki/Barber_Beats,"['Acid_Design', 'Vaporwave']",Late 2010s,"Classical sculptures, mythological figures, vinyl record aesthetics, ""Acid Graphics,"" elegant typography",,"Nostalgia, luxury, melancholy, sincerity, relaxation",,2010.0,2010.0
Barbiecore,Barbiecore,https://aesthetics.fandom.com/wiki/Barbiecore,"['Bimbocore', 'Bubblegum_Bitch', 'Coconut_Girl', 'Curly_Girly', 'Living_Doll', 'McBling']",2020s (with roots in early 2000sMcBlingfashion),,"Holographic, hot pink, lavender, pastel pink, violet","Beauty, self care, fashion, female friendship","arbie, Disney tween shows, Nickelodeon tween shows, Bratz, MyScene",2000.0,2020.0
Bardcore,Bardcore,https://aesthetics.fandom.com/wiki/Bardcore,"['Dragoncore', 'Dungeonpunk', 'Fantasy', 'Knightcore', 'Medieval', 'Medieval_Fantasy']",2020s,"Medieval music instruments (lutes, harps, flutes, drums); Old English or archaic lyrical adaptations; imagery of medieval fantasy; peasant or historical garb in visual contexts; humorous anachronism","Muted yellows, blues, reds, neutrals; earthy tones often with a sepia-like visual filter for associated imagery","Humor, nostalgia for a fictionalized past, escapism, creative reinterpretation, online community engagement","he Witcher (Jaskier), Dungeons & Dragons (Bard class), medieval fantasy literature and media",2020.0,2020.0
Baroque,Baroque,https://aesthetics.fandom.com/wiki/Baroque,"['Italian_Renaissance', 'Rococo', 'Spanish_Golden_Age', 'Angelcore', 'Royalcore']",c. 1600 - 1750,"Dramatic movement, swirling forms, monumental scale,chiaroscuro(strong light/dark contrast), religious ecstasy, martyrdom, classical mythology, elaborate ornamentation","Deep, rich colors (crimson, indigo, ochre), dramatic contrasts of light and shadow, extensive use of gold and bronze","Opulence, grandeur, sensuousness, drama, movement, tension, emotional exuberance, passion",,1600.0,1750.0
Basque Radical Rock,Basque_Radical_Rock,https://aesthetics.fandom.com/wiki/Basque_Radical_Rock,"['Anarcho-Punk', 'Brav%C3%BA', 'Crustpunk', 'Movida_Madrile%C3%B1a', 'Punk']",1980s,"Red stars, Basque flags (Ikurriña), collage, DIY typography, protest imagery, anti-establishment symbols, crude drawings, stylized ""K"" spellings","Basque colours (red, white, green), black","Anti-establishment, social criticism, regional identity, political protest, DIY ethos",,1980.0,1980.0
Bastardcore,Bastardcore,https://aesthetics.fandom.com/wiki/Bastardcore,"['Alien', 'Bro_Culture', 'Meme_Rap', 'Liminal_Space', 'Olderbrothercore', 'UrBling', 'Weirdcore']",Late 2010s,"Delinquency, vandalism, low-light urban settings (underpasses, parking lots), fire/arson, mundane objects in bizarre context (traffic cone heads, skateboards), grotesque humor (spaghetti mouth, roaches), skeleton masks, people in shopping carts, novelty graphic shirts, possums, badly lit rooms, arresting statements, saying zoo wee mama","Any colors; stark contrast between low-light scenes and bright sources of light (fire, flash, street lamps)","Edgy humor, novelty,shock value, mischief, rebellion, anti-establishment irony",,2010.0,2010.0
Bauhaus,Bauhaus,https://aesthetics.fandom.com/wiki/Bauhaus,"['Arts_and_Crafts', 'Constructivism', 'De_Stijl', 'International_Typographic_Style', 'Mid-Century_Modern', 'Modernism']",1919 - 1933,"Geometric shapes (circles, squares, triangles), clean lines, sans-serif typography, abstract forms, lack of ornamentation, industrial materials (steel, glass, concrete)","Primary colors (red, yellow, blue), black, white, gray","Unification of art and industry, ""form follows function,"" social purpose of design, rationality, simplicity, mass-producibility",,1919.0,1933.0
B-Boy,B-Boy,https://aesthetics.fandom.com/wiki/B-Boy,"['Amekaji', 'Greaser', 'Hip-Hop']",1970s,"Tracksuits/smooth jackets, fitted caps/beanies (for headspins), functional footwear, baggy clothing, name/crew patch work, the cypher (dance circle)","Vibrant sportswear colors (Red, Blue, Green, Yellow), Black, White","Originality, authenticity (through skill), function over form, improvisation, battle, liberation, tough urban aesthetic","ild Style (1983), Beat Street (1984), Flashdance (1983), The Freshest Kids (2002)",1970.0,1970.0
Beach Goth,Beach_Goth,https://aesthetics.fandom.com/wiki/Beach_Goth,"['Goth', 'Summer_Aesthetic', 'Tropicalcore']",nan,Skulls,"Black, white",,,,
Beatnik,Beatnik,https://aesthetics.fandom.com/wiki/Beatnik,"['Bohemian', 'Dark_Academia', 'Hippie', 'Hipster', 'Post-Punk', 'Psychedelia', 'Rude_Boy']",Late 1950s,"Literature (poetry, novels, essays), Jazz/Bebop/Hard Bop music, existentialism and Eastern philosophy, rejection of materialism and conformity, spiritual exploration, altered states of consciousness","Monochrome (stereotypical), but varied","Individual freedom, nonconformity, artistic expression, spiritual exploration, anti-materialism",,1950.0,1950.0
Belgian Popcorn,Belgian_Popcorn,https://aesthetics.fandom.com/wiki/Belgian_Popcorn,"['Northern_Soul', 'New_Beat']",Late 1960s,"Slow swing dance, obscure vinyl records, vintage aesthetics (1950s/1960s Americana), formal attire, crowded dance halls, neon signs, beer consumption","Dark, opulent colors (reflective of the atmosphere)","Exclusivity, style, self-respect, community, decadence, historical reverence",he Sound of Belgium (2012 Documentary),1960.0,1960.0
Berlin Techno Fashion,Berlin_Techno_Fashion,https://aesthetics.fandom.com/wiki/Berlin_Techno_Fashion,"['Bondage', 'Cybergoth', 'Electronic_Body_Music', 'Fetish_Goth', 'Industrial', 'Rivethead', 'Techwear']","Late-1980s, Early-1990s","Anonymity, practicality, self-expression, utilitarianism, fetishwear elements,subversionof commercial fashion","Black, dark tones","Comfort, confidence, freedom, self-expression, anti-capitalism (historically)","erlin Bouncer (documentary), Trainspotting (film)",1980.0,1990.0
Biedermeier,Biedermeier,https://aesthetics.fandom.com/wiki/Biedermeier,"['Classicism', 'Empire_Style', 'Neoclassicism', 'Romanticism']",1810s,"Light-colored native woods, clean lines, geometric forms, domestic scenes, landscapes, family portraits","Natural wood tones (light browns, yellows, reds), with simple fabric patterns","Domesticity, comfort, family, modesty, simplicity, sentimentality, order",,1810.0,1810.0
Biker,Biker,https://aesthetics.fandom.com/wiki/Biker,"['Bosozoku', 'Grunge', 'Gyaru', 'Metal', 'Motomami', 'Post-Apocalyptic', 'Punk', 'Racing', 'Raggare', 'Surfer']",1950s,"Leather, smoking, revving, violence, sex, motorcycles","Black, red, gray",,,1950.0,1950.0
Bills,Bills_(Congolese_subculture),https://aesthetics.fandom.com/wiki/Bills_(Congolese_subculture),"['Dandy', 'Greaser', 'La_Sape', 'Western']",Late 1950s,"Cowboy hats (often Stetsons), leather boots, bandanas/kerchiefs, denim and plaid shirts, Western-style names (e.g., John Wayne, Sherif), high levels of bravado/machismo","Brown (leather/hats), blue (denim), red/plaid (shirts/kerchiefs)","Manhood, self-empowerment, liberation, resistance to colonial infantilization, victory","ony Express (1953),Westernfilms",1950.0,1950.0
Bimbocore,Bimbocore,https://aesthetics.fandom.com/wiki/Bimbocore,"['Barbiecore', 'McBling', 'Y2K', 'Baddie', 'Guido', 'Hyperpop', 'Neoperreo', 'Puppygirl', 'Glitter_Graphics']",Early 2020s,"Pink everything, glitter, velour tracksuits, mini skirts, platform heels, heavy makeup, affirmations, leftist political slogans","Hot pink, baby pink, magenta, pastels","Subversionand reclamation of femininity, pro-sexuality, anti-intellectualism (as a facade), body positivity, self-love, leftist politics",,2020.0,2020.0
Biopunk,Biopunk,https://aesthetics.fandom.com/wiki/Biopunk,"['Cybergoth', 'Cyberprep', 'Cyberpunk', 'Dieselpunk', 'Science_Academia', 'Seapunk', 'Solarpunk', 'Stalker', 'Steampunk']",nan,,,"Genetic manipulation, biotechnology","esident Evil, Parasite Eve, Akira, Neon Genesis Evangelion, Elfen Lied, Stranger Things",,
Black Ivy,Black_Ivy,https://aesthetics.fandom.com/wiki/Black_Ivy,"['Preppy', 'Disco', 'Hip-Hop', 'Vintage_British_Sportsman']",nan,"Sunday best, preppy fashion elements, African pattern elements, black sunglasses, jeans, sneakers, jewelry, HBCU sweaters, sportswear elements","Pastels, earth tones, dark blues, black","Community, self-expression, cultivation, integrity, femininity, masculinity","arlem Community News, Our Time Press, The New York Beacon, Washington Informer, The Washington Sun, Chicago Defender, Los Angeles Sentinel, Bay State Banner, HBCU newsletters, BET networks, Harpo Productions, Tyler Perry Studios, Westbrook Inc., IMO - Michelle Obama, This is Keke Palmer, Essence, Black Enterprise, Blavity, Ebony Magazine, Jet (historically)",,
Black Metal,Black_Metal,https://aesthetics.fandom.com/wiki/Black_Metal,"['Metal', 'Thrash_Metal', 'Death_Metal', 'Dungeon_Synth', 'T%C3%A4nzelcore']","1980s (First Wave), 1990s (Second Wave)",SatanismDark fantasyFearNatureMisanthropyPaganism,BlackWhite,,,1980.0,1990.0
Blob World,Blob_World,https://aesthetics.fandom.com/wiki/Blob_World,"['Claymorphism', 'Neo-Y2K', 'Silicon_Dreams']",2010s,3D shapes,,,,2010.0,2010.0
Bloghouse,Bloghouse,https://aesthetics.fandom.com/wiki/Bloghouse,"['Electroclash', 'Emo', 'Hipster', 'Indie', 'Indie_Sleaze', 'New_Rave', 'Recession_Pop', 'Scene', 'Swag', 'Tecktonik', 'Vectordelia']",2000s,"American Apparel, shutter shades, neon tones",,"DIY ethos, hipster elements, PLUR, sexuality, music piracy, tackiness",,2000.0,2000.0
Blogspot Scene,Blogspot_Scene,https://aesthetics.fandom.com/wiki/Blogspot_Scene,"['Surrealism', 'DIY_Punk', 'Dada', 'Xpiritualism', 'Draincore', 'Weirdcore', 'Vaporwave']",2000s,Collage art,"Black, white",,,2000.0,2000.0
Blokecore,Blokecore,https://aesthetics.fandom.com/wiki/Blokecore,"['Anglo_Gothic', 'Blokette', 'Brazilcore', 'Britpop', 'Casuals', 'Jock', 'Lad_Culture', 'Madchester', 'Paninaro', 'Tenniscore', 'Ultras', 'Urbancore']",2020s,"Old football jerseys (especially 80s/90s), basic jeans, old Adidas sneakers, Adidas Samba",Team colors from football jerseys,"Love for football, nostalgia for classic football culture","ritish football YouTube channels, British music (e.g., The Jam, The Stone Roses, The Streets)",2020.0,2020.0
Blokette,Blokette,https://aesthetics.fandom.com/wiki/Blokette,"['Androgynous', 'Balletcore', 'Blokecore', 'Coquette', 'Tenniscore', 'Ultras', 'Waif']",2020s,"Football shirts, athletic sweaters and jackets, pleated wool skirts, ballet flats, leg warmers, hair ribbons, Adidas Sambas","Team colors (e.g., white, navy, red, yellow), pastels (from Coquette influence)","Combining masculine and feminine elements, playful gender expression, visual contrast",,2020.0,2020.0
Bloomcore,Bloomcore,https://aesthetics.fandom.com/wiki/Bloomcore,"['Cottagecore', 'Gardencore', 'Grandmacore', 'Naturecore', 'Romantic_Academia']",Late 2010s,"Flowers (wildflowers, roses, poppies, tulips), botanical prints, gardens, pressed flowers, chintz fabric, fruit trees","Naturalistic palettes (greens, whites, pastels), dark florals (deep blues, blacks, rich reds)","Connection to nature, quiet lifestyle, nostalgia, well-being, romanticism",,2010.0,2010.0
Blueberry Girl,Blueberry_Girl,https://aesthetics.fandom.com/wiki/Blueberry_Girl,"['Art_Hoe', 'Clean_Girl', 'Coastal_Grandmother', 'Strawberry_Girl', 'Tomato_Girl']",2020s,"Blueberries, books, ocean and water imagery, cozy interiors, art, cats, denim, silver jewelry","Shades of blue (especially light/powder blue), white, cream, silver, black","Introspection, creativity, calmness, intellect, nostalgia, comfort",,2020.0,2020.0
B-Movie Horror,B-Movie_Horror,https://aesthetics.fandom.com/wiki/B-Movie_Horror,"['Horror', 'Devilcore', 'Gorecore', 'Gothic', 'Halloween', 'Horror_Punk', 'Psychobilly', 'Vampire', 'Werewolf', 'Witchcore', 'Retrofuturism', 'Raygun_Gothic']",nan,"Low budgets, formulaic scripts, relatively short running times, and minimal production design",,,,,
Bobby-Soxer,Bobby-Soxer,https://aesthetics.fandom.com/wiki/Bobby-Soxer,"['Greaser', 'Rockers']",1940s,"Bobby socks (folded ankle socks), saddle shoes/loafers, pleated skirts (later poodle skirts), Shetland sweaters, Frank Sinatra/Teen Idol fandom","White (socks/blouses), pastel or bright Colors (skirts/sweaters), black and white (saddle shoes)","Peer conformity, emotional release (swooning), consumer autonomy, rejection of formal adult attire","he Bachelor and the Bobby-Soxer (1947 Film), Seventeen Magazine (launched 1944)",1940.0,1940.0
Bodikon,Bodikon,https://aesthetics.fandom.com/wiki/Bodikon,"['City_Pop', 'Italo_Disco', 'Takenokozoku', 'Gyaru', 'Kogal']",Mid-1980s to early-1990s,,"Neons, bright colours","Sexiness, strong confidence, fun, conspicuous consumption",,1980.0,1990.0
Bogan,Bogan,https://aesthetics.fandom.com/wiki/Bogan,['Chav'],1980’s,,,,,1980.0,1980.0
Bohemian,Bohemian,https://aesthetics.fandom.com/wiki/Bohemian,"['Beatnik', 'Boho-Chic', 'Gutter_Punk', 'Hippie', 'Arts_and_Crafts_Movement', 'Pre-Raphaelite', 'Romanticism']",19th Century,"Flowing skirts and dresses, peasant blouses, natural fabrics (cotton, linen, suede), layered jewelry, embroidery, fringe, artistic pursuits","Earthy tones (brown, terracotta, sand), jewel tones (deep red, purple, emerald)","Artistic expression, freedom, non-conformity, creativity, anti-materialism, spiritualism",,1800.0,1900.0
Boho-Chic,Boho-Chic,https://aesthetics.fandom.com/wiki/Boho-Chic,"['Bohemian', 'Ethnic_Chic', 'Geo-Boho', 'Groovival', 'Hippie', 'Indie_Sleaze', 'Y2K', 'Earthy_Black_Girl']",Early 2000s,"Peasant blouses, tiered maxi skirts, slouchy suede boots, hobo bags, wide leather belts, layered jewelry, embroidery, fringe","Earthy tones (brown, beige, cream), white, with accents of turquoise or muted colors","Free-spiritedness, romanticism, individuality, artistic expression (as a fashion statement)",,2000.0,2000.0
Bombardier,Bombardier,https://aesthetics.fandom.com/wiki/Bombardier,"['Cani', 'Chav', 'Cocalar', 'Dizela%C5%A1i', 'Dresiarz', 'Gopnik', 'Racaille', 'Talahon']",nan,Clothes from expensive brands,Black,"Flexing, lack of taste",,,
"Bon Chic, Bon Genre","Bon_Chic,_Bon_Genre","https://aesthetics.fandom.com/wiki/Bon_Chic,_Bon_Genre","['Chic_Modernist', 'Classicism', 'Old_Money', 'Power_Dressing', 'Preppy', 'Sloanie', 'Sprezzatura']",Late 1970s - 1980s,"Silk scarves (e.g., Hermès), trench coats, pearl necklaces, tailored suits, cashmere sweaters, loafers, classic leather handbags","Neutral palette: navy blue, beige, grey, white, cream, with occasional muted pastels","Understated elegance, tradition, discretion, good manners, quality craftsmanship, inherited social status",,1970.0,1980.0
Bondage,Bondage,https://aesthetics.fandom.com/wiki/Bondage,"['Babygirl', 'E-Boy', 'E-Girl', 'Electronic_Body_Music', 'Erokawa', 'Fetish_Goth', 'Pin-up', 'Raxet', 'Rivethead', 'Succubus_Chic']",nan,"Leather, PVC/latex, metal, rope, restraints, power exchange, sexuality","Black, red, silver",,,,
Bosozoku,Bosozoku,https://aesthetics.fandom.com/wiki/Bosozoku,"['Yanki', 'Sukeban']",1950's,,,,,1950.0,1950.0
Botswana Metalheads,Botswana_Metalheads,https://aesthetics.fandom.com/wiki/Botswana_Metalheads,"['Death_Metal', 'Metalhead', 'Western']",1990s – Early 2000s,"Leather trousers/jackets, cowboy hats and boots, DIY studs and chains, use of animal skulls/bones (as natural elements), stage names (e.g., Vulture, Gunsmoke, Dead Demon Rider)","Black, silver (studs), muted earth tones, leather/cattlehide","Warrior spirit, authenticity, community, defiance, social justice, reclaiming the blues influence on metal music","rank Marshall's photography project, Overthrust (Band)",1990.0,2000.0
Boujee,Boujee,https://aesthetics.fandom.com/wiki/Boujee,"['Baddie', 'Casino', 'Chic_Modernist', 'Clean_Girl', 'Corporate', 'Femme_Fatale', 'Mob_Wife', 'New_Money', 'Pink_Parisian', 'Yuppie']",nan,"Luxury cars, expensive fashion brands, champagne bottles popping, mansion and penthouse views, private jets, fine dining experiences, designer handbags, red carpet events, high-end jewelry, exclusive parties, champagne towers, designer sunglasses, velvet ropes, champagne flutes, VIP lounges, Gucci belts, luxury vacations, champagne showers, yacht parties, furs, champagne towers, caviar, crystal chandeliers, luxury watches, champagne fountains","Metallic shades like gold and silver, jewel tones, sparkles, champagne","Wealth, pageantry, beauty, status",,,
Brat Summer,Brat_Summer,https://aesthetics.fandom.com/wiki/Brat_Summer,"['Indie_Sleaze', 'Soft_Grunge', 'Y2K']",2020s,"Lime green (""brat green""), low-resolution font, party culture, smudged eyeliner, strappy tops, miniskirts","Lime green, black, white","Carefree attitude, confidence, messy self-acceptance, hedonism, irony, chaos",,2020.0,2020.0
Bravú,Brav%C3%BA,https://aesthetics.fandom.com/wiki/Brav%C3%BA,"['Basque_Radical_Rock', 'Folk_Punk', 'Movida_Viguesa', 'Punk']",1990s,"Galician language as a visual element, imagery of rural life (aldeas and farming), coastal symbols (mexillóns), DIY/collage graphic style, Xabarín Club mascot, humor, and political satire","Black, red, high-contrast yellow, green","Authenticity, rural pride, Galician cultural affirmation, DIY ethos, anti-globalization, morriña[Note 1]","ravú (magazine), Xabarín Club (TV program), Selección Xa! (compilation album)",1990.0,1990.0
Brazilcore,Brazilcore,https://aesthetics.fandom.com/wiki/Brazilcore,"['Blokecore', 'Y2K', 'Mandrake', 'Brazilian_Bombshell']",2020s,"Brazilian flag colors (green, yellow, blue), football jerseys, streetwear, Y2K elements, favela fashion","Green, yellow, blue, white","National pride, cultural reclamation, football culture, celebration, Y2K nostalgia",,2020.0,2020.0
Brazilian Bombshell,Brazilian_Bombshell,https://aesthetics.fandom.com/wiki/Brazilian_Bombshell,"['Barbiecore', 'Bimbocore', 'Heroin_Chic', 'McBling', 'Slavic_Doll', 'Y2K']",2000s,"Wavy hair, sun-kissed skin, lingerie, fashion shows, Victoria's Secret Wings",Vibrant colours,"Confidence, sexiness, sensuality, athleticism",,2000.0,2000.0
Brazilian Carnival,Brazilian_Carnival,https://aesthetics.fandom.com/wiki/Brazilian_Carnival,"['Brazilian_Bombshell', 'Mandrake', 'Manguebeat', 'Carnival', 'Easter']",1800s,"Parades, revelry, samba, joy, costumes","Vibrant colors, gold","Joy, festivities, fun, excitement, harmony, charm",,1800.0,1800.0
Brazilian Phonk,Brazilian_Phonk,https://aesthetics.fandom.com/wiki/Brazilian_Phonk,"['Drift_Phonk', 'Glitchcore', 'Krushclub', 'Mandrake']",Late 2010s,"Glowing anime/manga characters, electric auras, villains/anti-heroes, aggressive typography, glitch effects","Saturated neons (purple, green, orange, blue) on black backgrounds","Aggression, power, intensity, hype, confidence",,2010.0,2010.0
Bright Tertiaries,Bright_Tertiaries,https://aesthetics.fandom.com/wiki/Bright_Tertiaries,"['Corporate', 'Corporate_Memphis', 'Dark_Aero', 'DORFic', 'Flat_Design', 'Four_Colors', 'Frutiger_Aero', 'Frutiger_Eco', '//cari.institute/aesthetics/gen-x-home', 'Liminal_Space', 'Memphis_Design', 'Minimalism', 'Skeuomorphism', 'Space_Age', 'Supergraphic_Ultramodern', '//cari.institute/aesthetics/ultramodern-revival', 'Superflat_Pop', 'Technozen', 'Vectorbloom', 'Vectordelia', 'Y2K_Futurism', '//cari.institute/aesthetics/zen-x']",2000s,"Tertiary color palette, round edges, intricate patterns, flourishes, blocks of flat color, subtle nature iconography","Lime green, purple, orange, tealOR lime green, fuchsia, cyan",Humanism,,2000.0,2000.0
Britpop,Britpop,https://aesthetics.fandom.com/wiki/Britpop,"['Casuals', 'Cool_Britannia', 'Gen_X_Soft_Club', 'Indie', 'Mod_Revival', 'Lad_Culture']",Early 1990s,"Union Jack imagery, working-class pride, footballcasualculture (terrace wear),Mod Revivalaccessories, beer and ""lad culture"" imagery, sharp lyrics","Red, white, and blue (referencing the Union Jack); khaki/olive (parkas); navy/black (suit jackets)","British national identity, youthful exuberance, anti-Americanism (anti-Grunge), nostalgia for the 1960s, irony",,1990.0,1990.0
British Countryside,British_Countryside,https://aesthetics.fandom.com/wiki/British_Countryside,"['Dark_Academia', 'Golden_Age_of_Detective_Fiction', 'Old_Money', 'Preppy', 'Grandparentcore', 'Sloanies', 'Vintage']","Practices from Medieval times, visuals from Victorian era","Horses, rural Britain, firearms, dogs, golf, fishing, hunting, patterns: argyle, tartan, chintz","Brown, dark green, red, olive, beige","Competition, wealth, pride, tradition, masculinity",owntown AbbeyJeeves and WoosterFantastic Mr. FoxGet Duked!,,
Bro Culture,Bro_Culture,https://aesthetics.fandom.com/wiki/Bro_Culture,"['Chav', 'Country', 'Guido', 'Lad_Culture', 'Normcore', 'Bro_Hoe', 'Olderbrothercore']",nan,"Greek letters, man caves, sports attire, working out, Monster Energy Drinks, holes punched in drywall, spiky jelled hair",,"Fraternity culture, masculinity, elitism/narcissism, status, the collegiate life","nimal House, The Man Show, Sports, ESPN, r/Kyle, The Fast and the Furious",,
Bro Hoe,Bro_Hoe,https://aesthetics.fandom.com/wiki/Bro_Hoe,"['Biker', 'Bro_Culture', 'McBling', 'Olderbrothercore', 'Post-Grunge_Maximalism', 'Scene', 'Tomboy', 'UrBling']",Mid-2000s,"Graphic tees (Ed Hardy, Metal Mulisha), trucker hats, heavy eyeliner, two-toned hair (blonde and black), Monster Energy drinks, lifted trucks, tattoos","Pink, black, white, red","Partying, thrill-seeking, edginess, tomboy femininity, ""DGAF"" (Don't Give A F*#@) attitude",,2000.0,2000.0
Bronze Age China,Bronze_Age_China,https://aesthetics.fandom.com/wiki/Bronze_Age_China,[],c. 2070–221 BCE,Bronze ritual vessels and wares,"Patina, gold",,,-2070.0,-221.0
Brostep,Brostep,https://aesthetics.fandom.com/wiki/Brostep,"['2010s_Dark_Fandom', 'Cybergoth', 'Hands_Up', 'MLG', 'Olderbrothercore', 'Rave']",2010s,"Biohazard symbols, gas masks, neon green lasers, shattered glass, aggressive machinery, skulls, ""Gamer"" iconography (hitmarkers, HUDs), the ""Dubstep Joker""","Neon green, black, electric blue, purple, warning yellow","Aggression, adrenaline, hedonism, loudness (""filth""), excitement, masculinity (""hardness"")","all of Duty (Montages), Transformers (film series), Borderlands",2010.0,2010.0
Brutalism,Brutalism,https://aesthetics.fandom.com/wiki/Brutalism,"['Constructivism', 'Cyberpunk', 'Deconstructivism', 'Doomer', 'Industrial_Decay', 'Mid-Century_Modern', 'Minimalism', 'Modernism', 'Ostalgie', 'Post-Apocalyptic', 'Socialist_Realism', 'Soviet_Nostalgia', 'Yugo-Nostalgia']",1950s-1970s,"Exposed materials, unfinished concrete, minimalist compositions, geometry","Grey, monochrome tones","Functionalism, dullness",he Brutalist (2024),1950.0,1970.0
Bubble Bujo,Bubble_Bujo,https://aesthetics.fandom.com/wiki/Bubble_Bujo,"['Animecore', 'Cyberdelic', 'Hyperpop', 'Kawaii', 'Kidcore', 'Lovecore', 'Sanriocore', 'Trinketcore']",2020,"binders, stickers, glitter, sparkles, photocards, keychains, beads, stationary","bright pastels, pastels, bright colors, neons",,,2020.0,2020.0
Bubbleglam,Bubbleglam,https://aesthetics.fandom.com/wiki/Bubbleglam,"['Bubblegum_Dance', 'McBling', 'Gen_X_Soft_Club', 'Groovival', 'Y2K', 'Y2K_Futurism', 'Space_Age', 'Mod']",1990s,"Silk, Excessive makeup, blown out looks","Orange, Pink",,,1990.0,1990.0
Bubblegum Bitch,Bubblegum_Bitch,https://aesthetics.fandom.com/wiki/Bubblegum_Bitch,"['Baddie', 'Barbiecore', 'Bubblegum_Coquette', 'Cherry_Emoji_Twitter', 'Femme_Fatale', 'McBling', 'Bimbocore', 'Cyber_Stylin%27']",2000s,"Pink, Barbie and Bratz dolls, Hello Kitty, sugar daddies/babies, lollipops, glitter, hearts, luxury and wealth, makeup and fashion","Various shades of pink, white, violet","Self-confidence, self-love, self-expression, friendship","arbie, Bratz",2000.0,2000.0
Bubblegum Bling,Bubblegum_Bling,https://aesthetics.fandom.com/wiki/Bubblegum_Bling,"['Aliyahcore', 'Bimbocore', 'Bubblegum_Bitch', 'Hyperpop', 'McBling', 'Neo-Y2K', 'PC_Music', 'Y2K_Futurism']",Late 2010s,"Glossy surfaces, translucent materials, metallics, rhinestones, sleek technology, futuristic shapes, airbrush art","Hot pink, baby pink, silver, iridescent and pastel palettes","Futuristic femininity, sleek luxury, glamour, kitsch, digital culture",,2010.0,2010.0
Bubblegum Coquette,Bubblegum_Coquette,https://aesthetics.fandom.com/wiki/Bubblegum_Coquette,"['Coquette', 'Bimbocore', 'Bubblegum_Bitch', 'Candycore', 'Delicate_Sweet', 'Dollette', 'McBling', 'Nymphet', 'Yume_Kawaii']",2010s,"Bows, sweets, rollerskates, popular little girls characters","Bubblegum pink and blue, white, and pastel colors",,,2010.0,2010.0
Bubblegum Dance,Bubblegum_Dance,https://aesthetics.fandom.com/wiki/Bubblegum_Dance,"['Akibapop', 'Bubbleglam', 'Club_Kids', 'Kandi_Raver', 'McBling', 'Rave', 'Silicon_Dreams', 'Y2K_Futurism']",1990s,"Plastic textures, high-saturation color palettes, cartoons, CGI mascots, Euro-futurism, childhood toys, space travel","Neon pink, electric blue, lime green, bright orange, silver","Escapism, irony, playfulness, artificiality, nostalgia","ance Dance Revolution, Dancemania, ""Butterfly"" Toy Phones, Aqua's ""Barbie Girl"" Video, Bubblegum Dancer (forum)",1990.0,1990.0
Buchón,Buch%C3%B3n,https://aesthetics.fandom.com/wiki/Buch%C3%B3n,"['Cholo', 'Hypebeast', 'Tumbette']",2000s,"Luxury brand logos (Gucci, Versace, Louis Vuitton), gold jewelry, exotic animals (tigers, panthers), roosters, religious iconography (Malverde, Santa Muerte), armored vehicles, designer accessories",,"Ostentatious wealth, power, excess, materialism, hyper-masculinity/hyper-femininity, regional pride (Sinaloa)",,2000.0,2000.0
Buckle Bunny,Buckle_Bunny,https://aesthetics.fandom.com/wiki/Buckle_Bunny,"['Western', 'Country', 'Cuntry', 'Prairie', 'Coquette', 'Dollette', 'Farmer%27s_Daughter', 'Trailer_Park_Princess']","1970s, possibly earlier","Rodeos, plaid, western imagery with a feminine twist","Blue, brown, pink, red, white",,,1970.0,1970.0
Buffalo Style,Buffalo_Style,https://aesthetics.fandom.com/wiki/Buffalo_Style,"['Americana', 'Club_Kids', 'New_Romantic', 'Punk', 'Rude_Boy']",1980s,"MA-1 flight jackets, boxer shorts, kilts on men, porkpie hats, cowboy accessories, pinning/clipping oversized suits, sportswear mixed with couture","Black, white, olive drab, indigo, sepia","Multiculturalism, androgyny, ""hard"" attitude, independence, street casting","usic video for ""Buffalo Stance"" by Neneh Cherry; ""Launderette"" Levi's commercial (1985)",1980.0,1980.0
Burlesque,Burlesque,https://aesthetics.fandom.com/wiki/Burlesque,"['Art_Nouveau', 'Ballroom_Culture', 'Camp', 'Caricaturism', 'Dark_Cabaret', 'Clowncore', 'Fanfare', 'Glam_Rock', 'Kitsch_Las_Vegas', 'Old_Hollywood', 'Pin-up', 'Roaring_20s', 'Rockabilly', 'Victorian']",17th Century,,"Red, black, white, yellow","Parody, satire, comedy, sexuality, drama, exaggeration, flamboyance, extravaganza",,1600.0,1700.0
Business Casual,Business_Casual,https://aesthetics.fandom.com/wiki/Business_Casual,[],nan,,,,,,
Business Formal,Business_Formal,https://aesthetics.fandom.com/wiki/Business_Formal,[],nan,,,,,,
Business Professional,Business_Professional,https://aesthetics.fandom.com/wiki/Business_Professional,[],nan,,,,,,
Busukawaii,Busukawaii,https://aesthetics.fandom.com/wiki/Busukawaii,"['Kawaii', 'Gurokawa', 'Internet_Awesomesauce', 'Weirdcore', '//joke-aesthetics.fandom.com/wiki/Wholesome_Meme']",2000s,,Primary and pastel colors,,,2000.0,2000.0
Byzantine,Byzantine,https://aesthetics.fandom.com/wiki/Byzantine,"['Classicism', 'Gothic_Architecture', 'Medieval', 'Romanesque', 'Visigothic_Art']",4th century CE,"Christ Pantocrator, Virgin and Child, saints, angels, emperors, domes, mosaics, icons","Gold, vibrant blues, reds, greens, purples; use of contrasting colours for emphasis","Spirituality, imperial power, Christian iconography, opulent materials, hierarchical composition, symbolic representation",,300.0,400.0
Cabincore,Cabincore,https://aesthetics.fandom.com/wiki/Cabincore,"['Adventurecore', 'Apr%C3%A8s-ski', 'Campcore', 'Comfy/Cozy', 'Cottagecore', 'Dark_Academia', 'Gorpcore', 'Northerness', 'Forestpunk', 'Goblincore', 'Naturecore']",Early 2020s,"Cabins, forests, campfires, flannels, hiking, baking, hot drinks","Deepbrowns, auburn. Darker shades of red, maroon, burgundy, etc. All shades ofgreen,white, burntorange","Getting away from it all.Closeness and appreciation to nature, all while sitting back, observing, and reflecting on life.",,2020.0,2020.0
Cacareco Girl,Cacareco_Girl,https://aesthetics.fandom.com/wiki/Cacareco_Girl,"['Cluttercore', 'Heisei_Retro', 'Juminocore', 'Kidcore', 'Milipili', 'Trinketcore']",2020s,"Trinkets (cacarecos), keychains, maximalist bag decoration, collectible toys (Labubu, Sylvanian Families), stripes, funky objects (e.g., sardines)","Vibrant and eclectic (pinks, greens, reds, blues)","Maximalism, nostalgia, self-expression, authenticity, emotional comfort, anti-minimalism",,2020.0,2020.0
Cagole,Cagole,https://aesthetics.fandom.com/wiki/Cagole,"['Chav', 'Chonga', 'Choni', 'Cocalar', 'Gyaru', 'McBling', 'Racaille', 'Raxet']",1980s,,"Light purpleish pinks, mallow, deep red","Sexual promiscuity, assertiveness, Provençal pride",,1980.0,1980.0
Campcore,Campcore,https://aesthetics.fandom.com/wiki/Campcore,"['Cabincore', 'Adventurecore', 'Comfy/Cozy', 'Naturecore', 'Natural_Philosophy', 'Earthcore']",2010s,"Campfires, stargazing, hiking, trees, tents, campsites","Dark green, dark orange, dark brown, greyish-brown",,,2010.0,2010.0
Candycore,Candycore,https://aesthetics.fandom.com/wiki/Candycore,"['Bubblegum_Coquette', 'Candyland', 'Candy_Gore', 'Choco_Girl', 'Decora', 'Kawaii', 'Kidcore', 'LOLcore', 'Snackwave']",c. Late 2000s (term coined in 2020),"Candy, confectionery, rainbows, sprinkles, frosting, lollipops, gumdrops, iridescent textures","Vibrant rainbow colors, neons, pastels (especially pastel pink)","Playfulness, nostalgia, sweetness, maximalism",,2000.0,2020.0
Candyland,Candyland,https://aesthetics.fandom.com/wiki/Candyland,['Candycore'],nan,"Sweets, candy",Rainbow,,,,
Cani,Cani,https://aesthetics.fandom.com/wiki/Cani,"['Chav', 'Choni', 'MDLR', 'Pokero', 'Racaille', 'Reggaetonero']",1990s,"Tracksuits, bootleg sportswear, gold jewelry, baseball caps, tribal tattoos, scooters","Black, white, gold, often with vibrant colors from football teams","Group identity, brand consciousness, perceived aggression, hypermasculinity",,1990.0,1990.0
Cannibalcore,Cannibalcore,https://aesthetics.fandom.com/wiki/Cannibalcore,"['Gorecore', 'Horror', 'Meatcore', 'Yandere']",nan,"Cannibalism as a metaphor for love, blood, flesh, organs, body parts, obsession, sex and ownership of the body","Red, pink, black",,,,
Caricaturism,Caricaturism,https://aesthetics.fandom.com/wiki/Caricaturism,"['Beatnik', 'Burlesque', 'Hipness_Purgatory', 'Indiecraft', 'Renovador_Movement', 'Sots_Art', 'Urbancore']",1800s,"Exaggerated facial features, distortion of reality.",,Often being humoristic and satirical,,1800.0,1800.0
Carson-Dellosa Art Style,Carson-Dellosa_Art_Style,https://aesthetics.fandom.com/wiki/Carson-Dellosa_Art_Style,"['Funfair_Kitsch', 'Global_Village_Coffeehouse', 'Groovival', 'Kidcore', 'Nostalgiacore']",1970s (established 1976),"Oblong eyes, exaggerated smiles, waving characters, token diversity, die-cut shapes","Primary colors, flat gradients, pink (for noses/blush)",,,1970.0,1976.0
Casino,Casino,https://aesthetics.fandom.com/wiki/Casino,"['Boujee', 'McBling', 'Synthwave', 'Vacation_Dadcore', 'Vintage']",nan,"Casinos, playing cards, poker chips, dice","Black, white, red, gold",Debauchery (engaging in vices)DecadenceLetting looseLuck (or lack of luck)Trickery,,,
Cassette Futurism,Cassette_Futurism,https://aesthetics.fandom.com/wiki/Cassette_Futurism,"['Atompunk', 'Cyberpunk', 'Dieselpunk', 'Early_Cyber', 'Googie', 'Earth_Tones', 'Hexatron', 'Laser_Grid', 'Monochrome_Luxe', 'Mid-Century_Modern', 'Neon_Noir', 'Raygun_Gothic', 'Retrofuturism', 'Space_Age', 'Synthwave', 'Supergraphic_Ultramodern', 'Vaporwave', 'Vintage']",1970s,"Cassettes, CRT monitors, Microfiche readers, third generation computers","Beige, cream, grey, red, green, blue",,,1970.0,1970.0
Casuals,Casuals,https://aesthetics.fandom.com/wiki/Casuals,"['Blokecore', 'Britpop', 'Lad_Culture', 'Madchester', 'Mod', 'Paninaro', 'Skinhead', 'Ultras']",Late 1970s-Early 1980s,"Designer sportswear, Italian designer brands, European sportswear, high-end casual wear, smart attire","Varied, emphasis on specific brand colours","Exclusivity, status, regional identity, football culture, competitive dressing","D, The Firm, The Football Factory, Green Street, Casuals: The Story of the Legendary Terrace Fashion",1970.0,1980.0
Catholic Horror,Catholic_Horror,https://aesthetics.fandom.com/wiki/Catholic_Horror,"['Devilcore', 'Gothic', 'Horror', 'Morute', 'Vampire']",1970s,"Religious symbolism (crosses, rosaries, crucifixes), darkness and shadows, blood, tears, spirits and demonic entities, rituals (exorcisms, sacraments), fire and candles,Gothic architectureand cathedrals, creepy baby dolls","Black, white, gold, red, dark muted blue/red","Roman Catholicism, horror, redemption and sin, possession and exorcism, fear of death and the unknown, the supernatural and occult, conflict between good and evil, suspense","osemary's Baby (1968), The Exorcist (1973), The Nun (2018), The Omen (1976)",1970.0,1970.0
Catholic Kitsch,Catholic_Kitsch,https://aesthetics.fandom.com/wiki/Catholic_Kitsch,"['Americana', 'Kitsch', 'Pop_Art', 'Tradcath_Coquette', 'Vintage']",20th Century,"Glow-in-the-dark rosaries, sacred heart, dashboard saints, pope bobbleheads, sentimental holy prints, plastic statues, religious-themed household items",,"Devotion, nostalgia, accessibility, sentimentality, ""lived religion""",,1900.0,2000.0
Catholic Mexican Girl,Catholic_Mexican_Girl,https://aesthetics.fandom.com/wiki/Catholic_Mexican_Girl,"['Baroque', 'Coquette', 'Tradcath_Coquette', 'Tradwife']",2020s,"White cotton/linen dresses, red accents (ribbons/flowers), crucifixes, rosaries, braids, colonial architecture, veladoras","White, red, gold, black","Romanticization of religious tradition, hyper-femininity, ""Old World"" nostalgia",,2020.0,2020.0
Cayetana,Cayetana,https://aesthetics.fandom.com/wiki/Cayetana,"['Chic_Modernist', 'Clean_Girl', 'Milipili', 'Old_Money', 'Pijo', 'Preppy', 'Sloanie', 'Torero_Aesthetic']",Late 2010s,"Basic wardrobe staples, natural makeup, gold jewelry, loose-fitting clothing, branded sneakers, designer handbags","Neutrals (beige, white, black, navy), with accents of gold","Simplicity, elegance, wealth, classic style, perceived elitism and conservatism","panish influencers (e.g., María Pombo)",2010.0,2010.0
Celtic Revival,Celtic_Revival,https://aesthetics.fandom.com/wiki/Celtic_Revival,"['Art_Nouveau', 'Arts_and_Crafts', 'Fantasy', 'Glasgow_Style', 'Symbolism']",Late 19th Century,"Celtic knots, spirals (triskelions), mythological figures (Cú Chulainn, Tuatha Dé Danann), ancient manuscripts (Book of Kells), folklore, pastoral landscapes",,"Nationalism, romanticism, mysticism, anti-modernism, cultural identity, spiritualism",,1800.0,1900.0
Changelingcore,Changelingcore,https://aesthetics.fandom.com/wiki/Changelingcore,"['Cryptidcore', 'Ethereal', 'Fairycore', 'Goblincore', 'Liminal_Space', 'Mossy', 'Naturecore']",Late 2010s,"Forests, the moon, collections of strange objects, pebbles, the sea, strange flora and fauna, fairy rings, hidden trails",,"Acceptance of neurodivergent people, being true to one's self",,2010.0,2010.0
Chaotic Academia,Chaotic_Academia,https://aesthetics.fandom.com/wiki/Chaotic_Academia,"['Dark_Academia', 'Light_Academia']",2010s,"illegible notes, disorganized desks, dusty records, messy handwriting, ragged fabrics, torn and stained pages","White, beige, gray, woody brown, tan","Disorganization,  philosophy, curiosity, learning, rejection of elitism, niche subjects","o Kill a Mockingbird, Naked Lunch",2010.0,2010.0
Chav,Chav,https://aesthetics.fandom.com/wiki/Chav,"['Blokecore', 'Casuals', 'Lad_Culture', 'McBling', 'Roadman', 'Ultras']",Late 1990s–Early 2000s,"Branded sportswear, tracksuits, baseball caps, puffer jackets, large gold jewelry (hoop earrings, chains), specific designer patterns (e.g., Burberry check)","Varies, often white, black, grey, with accents from sportswear brands","Working-class youth culture, brand aspiration, consumerism, street style",,1990.0,2000.0
Chernobyl Stalkers,Chernobyl_Stalkers,https://aesthetics.fandom.com/wiki/Chernobyl_Stalkers,"['After_Hours', 'Brutalism', 'Doomer', 'Industrial_Decay', 'Post-Apocalyptic', 'Sovietwave']",1990s,"Gas masks, Soviet-era relics, eerie atmosphere, illegal photography","Black, yellow, military green","Exploring Chernobyl, anti-authoritarianism",oadside Picnic,1990.0,1990.0
Cherry Emoji Twitter,Cherry_Emoji_Twitter,https://aesthetics.fandom.com/wiki/Cherry_Emoji_Twitter,"['Baddie', 'Bimbocore', 'Bubblegum_Bitch', 'Femme_Fatale', 'Lovecore', 'McBling', 'Nymphet', 'Rockabilly', 'Tomato_Girl_Summer']",2010s,"Cherries, Hearts, Lollipops, Lips","Red, Pink, White","Being shamelessly yourself, Sexuality, Respect for fellow hoes, Being very bad while looking very good",,2010.0,2010.0
Chicago Drill,Chicago_Drill,https://aesthetics.fandom.com/wiki/Chicago_Drill,"['Gangsta_Rap', 'Haunted_Mound', 'UK_Drill']",Early 2010s,"True Religion jeans, designer belts (Ferragamo/Hermès), dreadlocks, white tees, loaded weaponry, expansive entourages in music videos","White, denim blue, red, black","Authenticity, nihilism, loyalty, survival, unfiltered reality (""Chiraq"")","ouTube (DGainz, A Zae), WorldStarHipHop",2010.0,2010.0
Chicha,Chicha,https://aesthetics.fandom.com/wiki/Chicha,"['Hippie', 'Kitsch', 'Lowbrow', 'Pop_Art', 'Psychedelia', 'Tropical']",Mid-1970s (Music)1980s (Art),"Tropical and Andean imagery, ""Chicha"" typography (bold, often hand-painted), flowers and animals, stars, psychedelic-inspired patterns, street art elements","Pink, red, yellow, green, fluorescent, blue, orange","Expression of Andean migrant identity, cultural fusion, sometimes activism (Indigenous rights, anti-racism, feminism, LGBT+ rights)","hicha music (Andean Tropical Cumbia), street art, posters, flyers, album covers",1970.0,1980.0
Chic Modernist,Chic_Modernist,https://aesthetics.fandom.com/wiki/Chic_Modernist,"['Beatnik', 'Bon_Chic,_Bon_Genre', 'Boujee', 'Cayetana', 'Corporate', 'Dark_Academia', 'Indie', 'Light_Academia', 'Minimalism', 'Modernism', 'Pijo', 'Pink_Parisian', 'Power_Dressing', 'Preppy', 'Romantic_Italian', 'Yuppie']",nan,,"Neutrals, black, white, bright accent colors","Timelessness, modernizing tradition",,,
Chinese Folk Horror,Chinese_Folk_Horror,https://aesthetics.fandom.com/wiki/Chinese_Folk_Horror,"['Chinese_Dreamcore', 'Folk_Horror', 'Horror', 'Jiangshi_Horror']",nan,"Chinese funeral and marriage customs, dim rural spaces","Red, black, white",,aper Brideseries,,
Chinese Dreamcore,Chinese_Dreamcore,https://aesthetics.fandom.com/wiki/Chinese_Dreamcore,"['Dreamcore', 'Millennial_Feng', 'Liminal_Space', 'Minsu_Horror', 'Nostalgiacore']",2020s,"Liminal spaces, Millennial buildings of China: Khrushchyovka, school buildings, shopping malls",,Nostalgia,,2020.0,2020.0
Chinese New Year,Chinese_New_Year,https://aesthetics.fandom.com/wiki/Chinese_New_Year,"['Guochao', 'Neo-Chinese_Style']",Ancient times (at least 1000 BC),"The New Year's Eve dinner, firecrackers, lanterns, the '福' character, the winter",Red and gold,"Family, bringing fortune, celebration, abundance, rituals, identity",he Spring Festival Gala,-1000.0,-1000.0
Chinoiserie,Chinoiserie,https://aesthetics.fandom.com/wiki/Chinoiserie,"['Baroque', 'Orientalism', 'Rococo']",17th–18th centuries,"Pagodas, dragons, stylized figures in ""Chinese"" attire, intricate lattice work, weeping willows, exotic birds, imagined landscapes, blue and white porcelain patterns","Blue and white, gold, lacquer red and black, soft pastel backgrounds","Exoticism, fantasy, playfulness, luxury, ornamentation, worldliness",,1600.0,1800.0
Choco Girl,Choco_Girl,https://aesthetics.fandom.com/wiki/Choco_Girl,"['2010s_Soft_Kawaii', 'Candycore', 'Dollette', 'Himekaji', 'Kawaii', 'Lolita', 'Pianocore', 'Sanriocore', 'Shoujo', 'Sweet_Lolita']",2000s (term coined in the 2020s),"Chocolate bars, biscuits/cookies, Neapolitan color scheme (brown, pink, cream), dripping chocolate patterns, strawberries","Brown, pink, cream, white","Kawaii, sweetness, nostalgia",,2000.0,2020.0
Cholo,Cholo,https://aesthetics.fandom.com/wiki/Cholo,"['Baddie', 'Chicha', 'Cholombiano', 'Chonga', 'Gangsta_Rap', 'Hip-Hop', 'Pachuco']",1930s,,"Black, Grey, White, Brown, Blue",Hispanic prideAnti-assimilation,,1930.0,1930.0
Cholombiano,Cholombiano,https://aesthetics.fandom.com/wiki/Cholombiano,"['Cholo', 'Cumbiero', 'Hip-Hop', 'Pachuco', 'Reggaetonero']",Late 1990s,"Patilludo hairstyle, oversized clothing, Mexican religious icons (Virgin of Guadalupe, San Judas Tadeo), Colombian flag colors, hand-woven escapularios (scapulars)","Bright tropical colors, Colombian flag Colors (yellow, blue, red), plaid patterns, black, white","Local pride, cultural hybridization, anti-establishment (unintentionally), community, passion for cumbia music",'m No Longer Here (Ya no estoy aquí) (2019 Film),1990.0,1990.0
Chonga,Chonga,https://aesthetics.fandom.com/wiki/Chonga,"['Bimbocore', 'Cholo', 'Choni', 'Gangsta_Rap', 'Hip-Hop', 'McBling']",1980s-2000s,Expressive and loud fashion,"Hot pink, bright tones","Working-class empowerment, sexual liberation, sassiness, cultural pride",,1980.0,2000.0
Choni,Choni,https://aesthetics.fandom.com/wiki/Choni,"['Baddie', 'Cani', 'Chav', 'Chonga', 'McBling', 'Motomami', 'Pokero', 'Raxet']",1990s,"Oversized gold accessories, animal prints (leopard, snake), revealing or tight-fitting clothing, fluorescent or metallic colors, clashing patterns, heavy makeup","Bright colors, hot pink, fluorescent yellow, metallic gold and silver","Perceived vulgarity, aggression, pride in working-class roots, cheapness",,1990.0,1990.0
Christian Girl Autumn,Christian_Girl_Autumn,https://aesthetics.fandom.com/wiki/Christian_Girl_Autumn,"['Autumn_Aesthetic', 'Basic_White_Girl', 'Cinnamon_Girl', 'Normcore', 'VSCO_Girl']",Late 2010s,"Pumpkin spice lattes, chunky knit scarves, pumpkin patches, falling leaves, UGG boots","Warm neutrals (beige, cream, tan, brown), earth tones, maroon, burnt orange","Comfort, coziness, tradition, nostalgia, simple pleasures, curated domesticity",,2010.0,2010.0
Christmas,Christmas,https://aesthetics.fandom.com/wiki/Christmas,['Winter'],nan,"Baby Jesus, Christmas trees, Santa Claus, Christmas stockings, holly, mistletoe, presents","Red,Green,White, Gold","Love, Kindness, Generosity, Peace",,,
Chromecore,Chromecore,https://aesthetics.fandom.com/wiki/Chromecore,"['Cybersigilism', 'Frutiger_Aero', 'Metalheart', 'Mizuiro', 'Retrofuturism', 'Technozen', 'Y2K_Futurism']",Late 90s/2000s,"Metallic and chrome textures, molded curves and shapes","Silver, gray, white, black, blue",,etix,1990.0,2000.0
Chunyu,Chunyu,https://aesthetics.fandom.com/wiki/Chunyu,"['Asian_Baby_Girl', 'Coquette']",Early 2020,,,,,2020.0,2020.0
Chuugoku Musume,Chuugoku_Musume,https://aesthetics.fandom.com/wiki/Chuugoku_Musume,"['Chinoiserie', 'Guochao', 'Moe']",1990s (as character trope),"Pandas, dango atama, Chaina-fuku, kung fu",,,,1990.0,1990.0
Cinnamon Girl,Cinnamon_Girl,https://aesthetics.fandom.com/wiki/Cinnamon_Girl,"['Vanilla_Girl', 'Coquette', 'Stargirl', 'Downtown_Girl']",nan,Pumpkin spice,"Brown, beige",,,,
City Pop,City_Pop,https://aesthetics.fandom.com/wiki/City_Pop,"['Bodikon', 'Cyberpunk', 'Future_Funk', 'Lo-Fi', 'Memphis_Design', 'New_Romantic', 'New_Wave', 'Shibuya-Kei', 'Synthwave', 'Vaporwave', 'Y%C3%A9-y%C3%A9']",mid-1970s,"Cities, modernist architecture, vintage cars, oceans/beaches, random English words",,,"Plastic Love""",1970.0,1970.0
Classicism,Classicism,https://aesthetics.fandom.com/wiki/Classicism,"['Baroque', 'Hellenic', 'Italian_Renaissance', 'Neoclassicism']",5th century BCE (Original Period),"Marble sculpture, allusions to mythology, drapery, idealized nude figures, architectural orders (Doric, Ionic, Corinthian)","Primarily white (in sculpture, due to lost paint), but originally featured bright, saturated colors.","Reason, order, harmony, balance, idealism, restraint, pursuit of truth and beauty",,-500.0,-400.0
Classic Lolita,Classic_Lolita,https://aesthetics.fandom.com/wiki/Classic_Lolita,"['Lolita', 'Mori_Kei', 'Prairie', 'Victorian']",nan,,,,,,
Claymorphism,Claymorphism,https://aesthetics.fandom.com/wiki/Claymorphism,"['Corporate_Memphis', 'Glassmorphism', 'Neumorphism', 'Minimalism', 'Skeuomorphism']",2020s,"3D ""inflated"" shapes, clay/Play-Doh textures, inner and outer shadows, pastel colors, rounded corners, diverse people, everyday scenarios","Pastel blue, pink, white, soft gradients","Friendliness, accessibility, playfulness, tactility",,2020.0,2020.0
Cleancore,Cleancore,https://aesthetics.fandom.com/wiki/Cleancore,"['Babycore', 'Frutiger_Aero', 'Icepunk', 'Kawaii', 'Kidcore', 'Minimalism', 'Poolcore', 'Vacation_Dadcore', 'Vaporwave', 'Zen_Tranquility']",2010s,"Clean objects, sanitizing items, recently cleaned places, cleaning sprays, soaps, shampoo, conditioner, body wash, sponges, sterile environments, laundry pods, clean water, hygiene products aimed at children, bath toys, rubber ducks, bubbles, pajamas, robes","Pale blue, white, teal, mint green, pastels, vibrant colors","Cleanliness, hygiene, anxiety, nostalgia",,2010.0,2010.0
Clean Girl,Clean_Girl,https://aesthetics.fandom.com/wiki/Clean_Girl,"['Minimalism', 'Scandi_Girl_Winter', 'That_Girl', 'Vanilla_Girl']",2020s,"Slicked-back bun (""facelift"" hairstyle), minimalist makeup, claw clips, gold hoop earrings, ""model off-duty"" athleisure, matching workout sets, green juice/iced coffee","Neutrals (beige, white, cream, brown, grey)","Effortlessness, discipline, productivity, wellness, hyper-curation","ikTok, Pinterest, Instagram",2020.0,2020.0
Clockpunk,Clockpunk,https://aesthetics.fandom.com/wiki/Clockpunk,"['Baroque', 'Dungeonpunk', 'Italian_Renaissance', 'Steampunk']",Renaissance inspiration (14th–17th centuries),"Clockwork mechanisms, gears, springs, automatons, ornithopters, polished lenses, intricate carvings","Gold, bronze, brass, wood tones, silver",,"ssassin's Creed II (video game), Dishonored 2 (video game), Hugo (film)",1300.0,1600.0
Clovercore,Clovercore,https://aesthetics.fandom.com/wiki/Clovercore,"['Frutiger_Eco', 'Global_Village_Coffeehouse', 'Heisei_Retro', 'Juminocore', 'Puppycore', 'Whimsy_Twee']",Late 1990s–Early 2000s,"Four-leaf clovers, ladybugs, musical notes, ""sparkle"" or ""glitter"" graphics, lace borders, polka dots, nameless mascots (bears, pandas, hamsters), English phrases about luck and dreams","Lime green, grass green, white, soft pink","Luck, happiness, innocence, childhood nostalgia, nature-themed playfulness",,1990.0,2000.0
Clowncore,Clowncore,https://aesthetics.fandom.com/wiki/Clowncore,"['2020_TikTok', 'Burlesque', 'Juggalo', 'Kidcore', 'Scene', 'Decora', 'Fanfare', 'Visual_Kei']",1860s / 2010s,"Clowns, circuses, bright colors, rainbows","Red, yellow, and blue","Joy, humor, positivity",opee The PerformerHomestuck,1860.0,2010.0
Club Kids,Club_Kids,https://aesthetics.fandom.com/wiki/Club_Kids,"['Androgynous', 'Anti-Fashion', 'Ballroom', 'Camp', 'Cybergoth', 'New_Romantic', 'Rave']",Late 1980s,"Outrageous costumes, theatrical makeup, DIY fashion, gender fluidity, self-branding, nightlife as performance art",,"Individuality, self-expression, creativity, fame, inclusivity, hedonism","arty Monster: The Shockumentary (1998), Party Monster (2003 film)",1980.0,1980.0
Cluttercore,Cluttercore,https://aesthetics.fandom.com/wiki/Cluttercore,"['Cacareco_Girl', 'Cottagecore', 'Goblincore', 'Grandmacore', 'Maximalism']",2020s,"Curated collections, sentimental objects, gallery walls, overflowing bookshelves, plants, eclectic decor, layered textiles","Any, but often highly saturated and varied","Authenticity, creativity, individuality, nostalgia, comfort, storytelling",,2020.0,2020.0
Coastal Cowgirl,Coastal_Cowgirl,https://aesthetics.fandom.com/wiki/Coastal_Cowgirl,"['Coastal_Grandmother', 'Coastal_Style', 'Western', 'Minimalism', 'Rusticcore', 'Tomato_Girl_Summer']",2020s,"Seashells, cowgirl hats, the beach","Baby blue, cream, tan",,,2020.0,2020.0
Coastal Grandmother,Coastal_Grandmother,https://aesthetics.fandom.com/wiki/Coastal_Grandmother,"['Apr%C3%A8s-ski', 'Coastal_Cowgirl', 'Coastal_Style', 'Eclectic_Grandpa', 'Grandmillenial', 'Grandparentcore', 'Nautical', 'Preppy']",2022,"Linen fabrics, white wine, fresh flowers, coastal decor (wicker, pottery), farmers' markets, beach houses","White, cream, beige, navy, sky blue","Comfort, simple luxury, understated elegance, relaxation, mature lifestyle",,2022.0,2022.0
Coastal Style,Coastal_Style,https://aesthetics.fandom.com/wiki/Coastal_Style,"['Coastal_Cowgirl', 'Coastal_Grandmother', 'Dark_Nautical', 'Minimalism', 'Nautical', 'Rustic', 'Scandinavian_Design', 'Shabby_Chic', 'Tropical']",Early 20th Century,"Natural materials, light wood, woven fibers, nautical elements","Blue, white, neutrals","Relaxation, Lightness, Naturalness, Maritime Inspiration, Serenity",,1900.0,2000.0
Cocalar,Cocalar,https://aesthetics.fandom.com/wiki/Cocalar,"['Bombardier', 'Chav', 'Pi%C8%9Bipoanc%C4%83']",Late 1990s,"Tattoos, BMW cars, jewels, glitter, gold chains, fake money, silk, open jackets/shirts","Gold, pink","Kitsch, loudness, listening to Manele music",,1990.0,1990.0
Coconut Girl,Coconut_Girl,https://aesthetics.fandom.com/wiki/Coconut_Girl,"['Americana', 'Barbiecore', 'Bubblegum_Coquette', 'Coquette', 'Curly_Girly', 'McBling', 'Nymphet', 'Surf_Crush', 'Tropical', 'Tropicalcore']",2020s,"Beaches, touristy boardwalk shops, bikinis","Summer colors (pink, yellow, blue, etc.)","Fun, relaxation, youth, femininity, freedom",,2020.0,2020.0
Coffee House,Coffee_House,https://aesthetics.fandom.com/wiki/Coffee_House,"['After_Hours', 'Comfy/Cozy', 'Dark_Academia', 'Foodie', 'Light_Academia', 'Lo-Fi', 'Indie', 'Global_Village_Coffeehouse']",1999 with the rise of the Third Wave of Coffee,"Cafés, coffee, books, espresso machine, people working, cameras, latte art","dark brown, black, mustard, forest green, maroon, navy, grey",,,1999.0,1999.0
Communist Chic,Communist_Chic,https://aesthetics.fandom.com/wiki/Communist_Chic,"['Laborwave', 'Nazi_Chic', 'New_Partisans', 'Punk', 'Soviet_Nostalgia', 'Winter_Bimbo']",Mid-1970s,"Guerrillero Heroico (Che Guevara), Faux Cyrillic, Hammer and sickle, red flags, red/yellow stars, The Communist Manifesto, Soviet-style ushankas","Black, red, yellow","Shock value, appropriation or subversion of totalitarian symbols, counterculture, irony, nostalgia",,1970.0,1970.0
Constructivism,Constructivism,https://aesthetics.fandom.com/wiki/Constructivism,"['Bauhaus', 'Cubism', 'Deconstructivism', 'De_Stijl', 'Futurism', 'International_Typographic_Style', 'Neue_Slowenische_Kunst', 'Suprematism']",1910s - 1920s,"Geometric abstraction, industrial materials (metal, glass, plastic), dynamic diagonal compositions, photomontage, sans-serif typography, structural forms","Limited palettes, often featuring bold red, black, and white","Art in service of social revolution (""art into life""), rejection of ""art for art's sake,"" utilitarianism, functionalism, collectivism, embrace of technology",,1910.0,1920.0
Cool Britannia,Cool_Britannia,https://aesthetics.fandom.com/wiki/Cool_Britannia,"['Acid_House', 'Britpop', 'Casuals', 'Corporate_Hippie', 'Cyberdelic', 'Grunge', 'Groovival', 'Lad_Culture', 'Madchester', 'Mod', 'Psychedelia', 'Freakbeat', 'Rave', 'Skinhead']",1990s,"British imagery, celebration of British youth culture, Britpop, tabloids","Red, White, Blue (Union Jack)","Optimism, British cultural pride, patriotism, consumerism, hedonism",,1990.0,1990.0
Coquette,Coquette,https://aesthetics.fandom.com/wiki/Coquette,[],nan,,,,,,
Colorful Pop,Colorful_Pop,https://aesthetics.fandom.com/wiki/Colorful_Pop,"['Artcore', 'Cyberpop', 'Dokukawaii', 'Fitness_Splatter', 'Memphis_Design', 'Pop_Art', 'Superflat_Pop', 'Vectordelia']",2010s,"Halftone dots, glitch effects, gaming iconography, onomatopoeia, abstract geometric shapes, pixelation, soundwaves, integrated typography,pop articonography","Saturated neon palettes (magenta, cyan, yellow, green), high-contrast black and white","Energy, maximalism, sensory intensity, digital expression, playfulness","use Dash (videogame), Promare (anime film), Spider-Man: Into the Spider-Verse (animated film), WACCA (videogame), J-Core album art",2010.0,2010.0
Corporate,Corporate,https://aesthetics.fandom.com/wiki/Corporate,"['Abstract_Tech', 'Boujee', 'Bright_Tertiaries', 'Chic_Modernist', '//cari.institute/aesthetics/corporate-gen-x-cyber', 'Corporate_Hippie', 'Corporate_Grunge', 'Corporate_Memphis', 'Cyberminimalism', 'Cyberprep', 'Dark_Aero', 'DORFic', 'Flat_Design', 'Four_Colors', 'Frutiger_Aero', 'Frutiger_Eco', 'International_Typographic_Style', 'Mallsoft', 'Metrosexual', 'Power_Dressing', 'Sprezzatura', 'Technozen', 'Trillwave', 'Vaporwave', 'Yuppie']",1950s,,"Black, white, dark blue, gray. bright colours are seen but used moderately","Neatness, being presentable, looking ""sharp""",,1950.0,1950.0
Corporate Goth,Corporate_Goth,https://aesthetics.fandom.com/wiki/Corporate_Goth,"['Corporate', 'Dark_Academia', 'Goth', 'Office_Siren']",1990s,"Black suits, ornate blouses (lace, ruffles, silk), subtle gothic jewelry, tailored clothing, jewel-tone accents","Black, charcoal grey, white, deep jewel tones (burgundy, plum, emerald green)","Professionalism, subtlety, sophistication, compromise, maintaining individuality",,1990.0,1990.0
Corporate Grunge,Corporate_Grunge,https://aesthetics.fandom.com/wiki/Corporate_Grunge,"['//cari.institute/aesthetics/corporate-gen-x-cyber', 'Early_Cyber', 'Cyberpunk', 'Gen_X_Soft_Club', 'Grunge', 'Industrial', 'Sepia_Blur', 'Teenpunk', 'UrBling', '//www.are.na/evan-collins-1522646491/horror-grunge', 'Metalheart', 'Cyberdelic', 'Raver', 'Rivethead', 'Industrial', 'Mission_School', 'Nu-Metal', 'Y2K_Futurism', 'Alternative', 'Memphis_Design']",1990s,"Rough textures, typewriter fonts, distressed font, label makers, grainy overlays, industrial decay, collage imagery, glitch & VHS artifacts","Soot black, paper beige, sepia brown, muddy earth tones","Controlled rebellion, dilution, anti-consumerist aesthetic","e7en, My So-Called Life, WWF Attitude, The Craft, RENT",1990.0,1990.0
Corporate Hippie,Corporate_Hippie,https://aesthetics.fandom.com/wiki/Corporate_Hippie,"['Beatnik', 'Corporate', 'Cyberdelic', 'Flower_Power', 'Groovival', 'Hippie', 'Lovecore', 'Psychedelia', 'Pop_Art', 'Vintage']",1960s,"Distorted or warped visuals, themes of love, bright colors, abstract flourishes and shapes",All,"Peace, love",,1960.0,1960.0
Corporate Memphis,Corporate_Memphis,https://aesthetics.fandom.com/wiki/Corporate_Memphis,"['Claymorphism', 'Flat_Design', 'Minimalism', 'Neubrutalism', 'Memphis_Design']",Late 2010s,"Flat vector illustrations, disproportionate bodies (small heads, bendy limbs), pastel or vibrant solid colors, lack of facial features, geometric shapes","Blue, purple, yellow, pastel tones","Inclusivity, minimalism, scalability, friendliness, mass appeal",,2010.0,2010.0
Costumbrismo,Costumbrismo,https://aesthetics.fandom.com/wiki/Costumbrismo,"['Impressionism', 'Majismo', 'Realism', 'Renovador_Movement', 'Romanticism', 'Spanish_Golden_Age']",19th century,"Everyday life scenes, regional clothing, architecture, social gatherings, religious imagery, archetypes",Natural colours,"Tradition, community, realism, social observation, regionalism, longing",,1800.0,1900.0
Cottagecore,Cottagecore,https://aesthetics.fandom.com/wiki/Cottagecore,"['Cozy_Gamer', 'Edwardian', 'Grandmacore', 'Fairycore', 'Goblincore', 'Mushroomcore', 'Naturecore', 'Mori_Kei', 'Plant_Mom', 'Romanticism', 'Tradwife', 'Witchcore']",2010s (inspired by the 19th century),"Baking, gardening, foraging, picnics, farm animals, wildflowers, embroidery, handmade crafts, cottages","Earthy and natural tones (brown, moss green, beige), soft pastels, faded floral prints, gingham","Simplicity, self-sufficiency, harmony with nature, domesticity, nostalgia, gentleness, anti-modernism","he Wind in the Willows, Beatrix Potter books, Studio Ghibli films, Animal Crossing (video game)",2010.0,2010.0
Cottagegoth,Cottagegoth,https://aesthetics.fandom.com/wiki/Cottagegoth,"['Cottagecore', 'Crowcore', 'Dark_Academia', 'Dark_Fantasy', 'Fairy_Grunge', 'Folk_Horror', 'Forestpunk', 'Goblincore', 'Southern_Gothic', 'Strega', 'Vulture_Culture', 'Witchcore']",Early 2020s,"Overgrown gardens, poisonous plants, animal bones, fog and rain, cemeteries, dark forests, witchcraft elements","Muted earth tones: faded brown, moss green, grey, and black","Appreciation for the darker aspects of nature, solitude, decay and rebirth, mixing pastoralism with the macabre","ver the Garden Wall, The Witch (2015), music by Dead Can Dance",2020.0,2020.0
Country,Country,https://aesthetics.fandom.com/wiki/Country,"['Americana', 'Cottagecore', 'Equestrian', 'French_Provincial_Style', 'Gaucho', 'Live_Laugh_Love', 'Southern_Gothic', 'Western']",nan,,"Red, brown, tan, navy blue","Patriotism, hard work, family, tradition",,,
Cozycore,Cozycore,https://aesthetics.fandom.com/wiki/Cozycore,"['Autumn_Aesthetic', 'Cabincore', 'Cottagecore', 'Cozy_Gamer', 'Dark_Academia', 'Hygge', 'Light_Academia', 'Winter_Aesthetic']",Late 2010s,"Chunky knit blankets, steaming mugs, books, candles, soft lighting, oversized sweaters, leisurewear, pets","Warm neutrals (beige, cream, grey, brown), soft earth tones","Comfort, safety, softness, abundance, slowness, self-care",,2010.0,2010.0
Cozy Gamer,Cozy_Gamer,https://aesthetics.fandom.com/wiki/Cozy_Gamer,"['Cottagecore', 'Cozycore', 'Juminocore', 'Kawaii_Gamer', 'Lo-fi_Art', 'Naturecore', 'Witchcore']",2020s,"Houseplants, mechanical keyboards, plushies, pixel art, warm fairy lights, wood textures, pegboards, mugs","Sage green, cream, soft brown, pastel pink, warm white","Escapism, comfort, mindfulness, slow living, soft productivity","tardew Valley, Animal Crossing, Unpacking, Spiritfarer, Wylde Flowers",2020.0,2020.0
Craftcore,Craftcore,https://aesthetics.fandom.com/wiki/Craftcore,"['Boho-Chic', 'Cottagecore', 'Grandmacore', 'Pearlcore', 'Whimsicraft']",Late 2010s,"Patchwork, quilting, crochet, chunky knits, embroidery, beading, macramé, tie-dye","Varies widely, often vibrant and eclectic, but can also be natural and earthy","Authenticity, sustainability, individuality, nostalgia, mindfulness,DIY ethos",,2010.0,2010.0
Crowcore,Crowcore,https://aesthetics.fandom.com/wiki/Crowcore,"['Black', 'Cottagecore', 'Cryptidcore', 'Dragoncore', 'Goblincore', 'Green', 'Mossy', 'Naturecore', 'Pirate', 'Vulture_Culture', 'White']",Unknown,,"Rustic Silvers, Copper Tones,White,Green,Black","Simplicity, intelligence, freedom, and shiny things",,,
Crust Punk,Crust_Punk,https://aesthetics.fandom.com/wiki/Crust_Punk,"['Gutter_Punk', 'Punk', 'Grunge']",Early 1980’s,,,,,1980.0,1980.0
Cryptidcore,Cryptidcore,https://aesthetics.fandom.com/wiki/Cryptidcore,"['Aliencore', 'After_Hours', 'Liminal_Space', 'Witchcore', 'Goblincore', 'Adventurecore', 'Midwest_Gothic', 'Suburban_Gothic', 'Analog_Horror']",2010s,"Cryptids, urban legends, abandoned buildings, dark forests","Muted, glow-in-the-dark","Adventure, mystery, curiosity",ravity FallsTwin PeaksUnsolved MysteriesThe Twilight ZoneThe X-FilesThe SCP FoundationThe Adventure Zone: Amnesty,2010.0,2010.0
Cubism,Cubism,https://aesthetics.fandom.com/wiki/Cubism,"['Art_Deco', 'Constructivism', 'Futurism', 'Post-Impressionism', 'Suprematism']",1900s - 1910s,"Fragmented objects, simultaneous multiple viewpoints, geometric forms (cubes, cylinders), muted palettes (Analytic), collage elements (papier collé)","Analytic:Monochromatic browns, grays, and ochresSynthetic:Brighter, bolder, and flatter colors","Rejection of single-point perspective, analysis of form, conceptual representation over perceptual, questioning the nature of reality in art",,1900.0,1910.0
Cult Party Kei,Cult_Party_Kei,https://aesthetics.fandom.com/wiki/Cult_Party_Kei,"['Balletcore', 'Delicate_Sweet', 'Dolly_Kei', 'Fairy_Kei', 'Mori_Kei', 'Morute', 'Pale', 'Shabby_Chic', 'Traumacore', 'Vintage', 'Yume_Kawaii']",2010s,Vintage layers,Pale washed out colors,,,2010.0,2010.0
Cumbiero,Cumbiero,https://aesthetics.fandom.com/wiki/Cumbiero,"['Cholombiano', 'Flaite', 'Reggaetonero', 'Rolinga']",Late 1990s – Early 2000s,"Urban marginality, street life, pride in local origin, stylized violence, luxury sportswear brands, distinct hairstyles (short sides/long top, shaved nape for women)","High-contrast colors (often neon/bright hues), black, white","Group loyalty, street credibility, defiance against the upper class, pride in villero identity","umberos (TV Series), El Bonaerense (Film)",1990.0,2000.0
Curly Girly,Curly_Girly,https://aesthetics.fandom.com/wiki/Curly_Girly,"['Barbiecore', 'Cyber_Stylin%27', 'Kidcore', 'Global_Village_Coffeehouse', 'McBling', 'Parisian_Girly', 'Groovival', 'Scene_Tween', 'Shoe_Diva', 'Tweencore', 'Wacky_Pomo']",1990s,"Ornate, playful, frilly designs, pop culture references, ""Diva"" motifs","Pink, purple, violet, baby pink",,,1990.0,1990.0
Cutecore,Cutecore,https://aesthetics.fandom.com/wiki/Cutecore,"['Animecore', 'Bubblegum_Dance', 'Femcel_(anime_subculture)', 'Gurokawa', 'Heisei_Retro', 'Horror', 'Jojifuku', 'Kawaii', 'Lolicore', 'Pastel_Gore', 'Sanriocore', 'Traumacore', 'Yami_Kawaii']",2020s,"Juxtaposition ofkawaiiwithhorror, blood splatters, bandages, medical equipment, fast food packaging","Pastels (pink, yellow, blue), white, red (blood)","Trauma processing, morbid curiosity, regression, rejection of sanitization",,2020.0,2020.0
Cybercore,Cybercore,https://aesthetics.fandom.com/wiki/Cybercore,"['Animecore', 'Cyber_Angel', 'Glitchbreak', 'Krushclub', 'Mizuiro', 'Neo-Y2K', 'Y2K_Futurism', 'Webcore']",2020s,"Early internet UI (dialogue boxes, cursors), retro anime, flip phones, butterflies, angels, celestial imagery (planets, stars), hearts, scanlines, glows, gradients","Saturated blue, silver, white, with pink and pastel accents","Nostalgia, digital escapism, retro-futurism, ethereal and melancholic moods","eon Genesis Evangelion, Serial Experiments Lain",2020.0,2020.0
Cyberdelia,Cyberdelia,https://aesthetics.fandom.com/wiki/Cyberdelia,"['Acid_Design', 'Acid_House', 'Cyberpunk', 'Demoscene', 'Early_Cyber', 'Glitch_Art', 'Groovival', 'Hippie', 'Low_Poly', 'Psychedelia', 'Raver', 'Vaporwave', 'Y2K_Futurism']",1980s,"Early CGI, kaleidoscopic patterns, acid colors, fractal forms, psychedelic visuals, rave culture imagery","Rainbow, neon, fluorescent colors",,"ackers, The Lawnmower Man, LSD: Dream Emulator, Worlds.com",1980.0,1980.0
Cyber Doll,Cyber_Doll,https://aesthetics.fandom.com/wiki/Cyber_Doll,"['Cyber_Angel', 'Dollcore', 'E-Girl', 'Jirai_Kei', 'Kogal', 'Living_Doll', 'Morute', 'Nanchatte_Seifuku', 'Xpiritualism']",Mid-2020s,"Heavily edited facial features, porcelain doll-like appearance, artificial aesthetic,uncanny valleyeffect, digital manipulation",Muted and gloomy tones,"Digital self-expression, artificial beauty, transformation of identity",,2020.0,2020.0
Cyber Ghetto,Cyber_Ghetto,https://aesthetics.fandom.com/wiki/Cyber_Ghetto,"['2014_Tumblr', 'Afrofuturism', 'Alien', 'Baddie', 'Cyberpunk', 'E-Girl', 'Grunge', 'Health_Goth', 'Hip-Hop', 'Kawaii', 'Rave', 'Seapunk', 'Vaporwave', 'Y2K_Futurism']",2010s,"Elements of Seapunk, Kawaii, Grunge, late 90s/early 00s urban fashion, old school Hip-Hop, late Hip-Hop, electronic music, aliens, colored hair, unconventional fashion","Bright, vibrant colors, black, silvers, holographic color shifts","Self-love, originality, thinking out of the box",,2010.0,2010.0
Cybergoth,Cybergoth,https://aesthetics.fandom.com/wiki/Cybergoth,"['Aggrotech', 'Brostep', 'Cyberpunk', 'Fetish_Goth', 'Industrial', 'Rivethead', 'Raver', 'Techwear']",Late 1990s,"Synthetic dreadfalls (cyberlox), goggles, gas masks, biohazard symbols, circuit patterns, platform boots, PVC and vinyl clothing","Black contrasted with bright neon or UV-reactive colors (green, pink, blue, orange)","Futurism, technology, dystopian themes, electronic music, club culture, individuality",,1990.0,1990.0
Cyber Grunge,Cyber_Grunge,https://aesthetics.fandom.com/wiki/Cyber_Grunge,"['Acubi', 'Avant_Apocalypse', 'Denpa', 'Fairy_Grunge', 'Gen_X_Soft_Club', 'Goblincore', 'Grunge', 'Industrial_Decay', 'Mallgoth', 'Opium', 'Post-Grunge_Maximalism', 'Stargirl', 'Twilightcore', 'Urbancore', 'Y2K_Futurism']",2020s,"Distressed clothing, utilitarian details (pockets, straps), Y2K silhouettes, layered androgynous clothing, dark color palette, (variations: military influences, urban decay)","Black, gray, muted greens, browns, and blues","Urban edge, rebellious style, Y2K nostalgia, utilitarianism, societal critique, disillusionment","erial Experiments Lain, 90s/2000s alternative music, urban photography",2020.0,2020.0
Cyberminimalism,Cyberminimalism,https://aesthetics.fandom.com/wiki/Cyberminimalism,"['Flat_Design', 'Glassmorphism', 'International_Typographic_Style', 'Minimalism']",2010s,"Bento grids, grotesque or sans serif fonts, black backgrounds, gradients","black, white",,,2010.0,2010.0
Cyberpop,Cyberpop,https://aesthetics.fandom.com/wiki/Cyberpop,"['Club_Kids', 'Cybergoth', 'Cyberprep', 'Cyberpunk', 'Decora', 'Dokukawaii', 'Harajuku_Fashion', 'Kandi_Raver', 'Raver', 'Retrofuturism', 'Shibuya_Punk', 'Uchuu_Kei', 'Y2K_Futurism']",1990s,Retro-futurism,Neon,Envisioning the future as incredibly bright and neon. Affiliated with dance and party culture.,,1990.0,1990.0
Cyberprep,Cyberprep,https://aesthetics.fandom.com/wiki/Cyberprep,"['Abstract_Tech', 'Biopunk', 'Corporate', 'Cyberpop', 'Cyberpunk', 'Cybertwee', 'Flat_Design', 'Frutiger_Aero', 'Frutiger_Eco', 'Hexatron', 'New_Wave', 'Preppy', 'Solarpunk', 'Synthwave', 'Y2K_Futurism']",1960s (core ideas)2000s,CityscapesTechnologyCyberspaceRobotics,"White, Light Blue",Optimistic FuturismHigh Tech/High Life,,1960.0,2000.0
Cyberpunk,Cyberpunk,https://aesthetics.fandom.com/wiki/Cyberpunk,"['90s_Cool', 'Abstract_Tech', 'Berlin_Techno_Fashion', 'Biopunk', 'Brutalism', 'Cassette_Futurism', 'Cyberdelia', 'Cyber_Ghetto', 'Cyberpop', 'Cyberprep', 'Cybertwee', 'Dreampunk', 'Early_Cyber', 'Electronic_Body_Music', 'Glitch_Art', 'Hexatron', 'Neo-Tokyo', 'Neon_Noir', 'PC-98', 'Retrofuturism', 'Rivethead', 'Synthwave', 'Steampunk', 'Techwear', 'Vaporwave', 'Vectorheart', 'Y2K_Futurism']",1980s,"Neon-lit cityscapes, cybernetics and prosthetics, rain-slicked streets, towering megastructures, computer terminals, hackers, holograms, Japanese kanji, tactical gear, wires and cables","Black, neon blue, neon pink, neon purple, silver, chrome","High-Tech/Low-Life, anti-authoritarianism, transhumanism, skepticism of corporate power, digital dystopia","euromancer, Blade Runner, Akira, Ghost in the Shell, The Matrix, Johnny Mnemonic, Cyberpunk 2077, Deus Ex, Shadowrun",1980.0,1980.0
Cybersigilism,Cybersigilism,https://aesthetics.fandom.com/wiki/Cybersigilism,"['Acid_Design', 'Cyber_Grunge', 'Cyberpunk', 'Drain', 'Krushclub', 'Metalheart', 'Post-Grunge_Maximalism', 'Sigilkore', 'Y3K']",Late 2010s,"Sharp blackwork, biomechanical filigree, H.R. Giger influence,metalband logos, thorns, barbed wire, religious icons, digital artifacts, organic/mechanical fusion","Black, charcoal, silver","Bodily autonomy, internet mysticism, maximalism, anti-minimalism, transgressive expression",,2010.0,2010.0
Cyber Stylin’,Cyber_Stylin%E2%80%99,https://aesthetics.fandom.com/wiki/Cyber_Stylin%E2%80%99,"['Barbiecore', 'Glitter_Graphics', 'Tweencore', 'McBling', 'Bubblegum_Bitch', 'Gyaru', 'Vectordelia', 'Old_Web', 'Curly_Girly', 'Y2K_Futurism']",2000s-2010s,"Femininity, nostalgia, youth","Pink, purple, white, brown, blue, black","Self-love, self care, personal expression, feminimity","irlsgogames.com, MyScene, Candybar Dollmaker, Miss Bimbo, Style Dollz, Chicaloca, Sugar Luxe",2000.0,2010.0
Cybertwee,Cybertwee,https://aesthetics.fandom.com/wiki/Cybertwee,"['Cyberprep', 'Cyberpunk', 'Kawaii', 'Kawaii_Gamer', 'Seapunk', 'Twee', 'Vaporwave', 'Webcore', 'Y2K_Futurism']",2010s,"Pastel colors (especially pink, purple), glitter, holographic effects, kawaii imagery, emojis, soft textures (lace, ruffles, taffeta), plastic, wearable tech, illuminated elements (LEDs), butterflies, hearts, flowers, seashells, sweetness (e.g., cookies)","Pastel pink, pastel purple, holographic, bright colors, soft hues, chrome, silver","Sincerity, softness, sweetness, empathy, sentimentality, community, feminism, anti-sexism, challenging male-dominated tech, deconstructingcyberpunk, creativity, emotional expression, blurring real and digital life, open-source collaboration, digital literacy for marginalized groups","euromancer (as a contrast/influence), Ghost in the Shell (as a contrast/influence), Sailor Moon (nostalgic influence), A24 horror films (as a contrast for Deep Web Bake Sale context)",2010.0,2010.0
Czech Cubism,Czech_Cubism,https://aesthetics.fandom.com/wiki/Czech_Cubism,"['Art_Deco', 'Cubism', 'Expressionism', 'Modernism']",1910s,"Prismatic and crystalline shapes, sharp angles, beveled planes, geometric forms, zig-zags",,"Dynamism, artistic expression, spirituality in form, national identity, modernism",,1910.0,1910.0
Dadaism,Dadaism,https://aesthetics.fandom.com/wiki/Dadaism,"['Constructivism', 'Dau_al_Set', 'Futurism', 'Industrial', 'Neue_Slowenische_Kunst', 'Pop_Art', 'Punk', 'Surrealism', 'Weimar_Cabaret']",1910s (c. 1916–1924),"The readymade, collage and photomontage, chance operations, nonsense poetry, provocative performance, appropriation of mass media","Varies, often black, white, and red in graphic design","Anti-art, irrationality, absurdity, chance, protest, nihilism, rejection of bourgeois logic",,1910.0,1924.0
Dadcore,Dadcore,https://aesthetics.fandom.com/wiki/Dadcore,"['Eclectic_Grandpa', 'Gorpcore', 'Indie_Sleaze', 'Normcore', 'Vacation_Dadcore']",Late 2010s,"Stonewashed denim, jorts, chunky sneakers, promotional t-shirts, cargo pockets, windbreakers, baseball caps","Heather grey, stonewashed blue, khaki, navy, faded primary tones","Practicality, comfort, anti-consumerism, nostalgia, intentional imperfection","igh Fidelity, The Cosby Show, Seinfeld",2010.0,2010.0
Dandy,Dandy,https://aesthetics.fandom.com/wiki/Dandy,"['Aestheticism', 'La_Sape', 'Metrosexual', 'Regency', 'Sprezzatura', 'Victorian']",Late 18th & 19th Centuries,"Impeccable tailoring, cravats, top hats, walking canes, gloves, polished boots, nonchalance","Subdued palettes (dark blue, black, white), with attention to fabric and cut","Elegance, self-cultivation, nonchalance (sprezzatura), individualism, refined taste, quiet superiority, artifice over nature",,18.0,1900.0
Danish Golden Age,Danish_Golden_Age,https://aesthetics.fandom.com/wiki/Danish_Golden_Age,"['Dutch_Golden_Age', 'Realism', 'Romanticism', 'Neoclassicism']",Early 19th century (c. 1801-1864),"Copenhagen cityscapes, Danish landscapes, portraits of artists and citizens, genre scenes of everyday life, Neoclassical architecture","Soft, natural light with strong color contrasts; muted tones and vibrant accents","National identity, idealized realism, detailed observation, depictions of daily life, landscape, portraiture",,1800.0,1900.0
Danish Pastel,Danish_Pastel,https://aesthetics.fandom.com/wiki/Danish_Pastel,"['Avant_Basic', 'Cottagecore', 'Plant_Mom', 'Dopamine', 'Scandinavian_Design']",2020s,"Novelty candles, potted plants, motivational posters","White, neon pastels",,,2020.0,2020.0
Dark Academia,Dark_Academia,https://aesthetics.fandom.com/wiki/Dark_Academia,"['Beatnik', 'Darkest_Academia', 'Chaotic_Academia', 'Dandy', 'Gothic', 'Light_Academia', 'Old_Money', 'Preppy', 'Romantic_Academia', 'Studyblr', 'Thought_Daughter', 'Whimsigoth', 'Victorian']",Mid-2010s (peak popularity in the early 2020s),"Books, libraries, classical art, ancient history, poetry, writing, candles, old architecture, tweed jackets, pleated skirts","Black, brown, dark green, burgundy, tan, cream","Intellectualism, self-discovery, romanticism, mystery, rebellion, decadence","he Secret History, Dead Poets Society, Kill Your Darlings, Harry Potter",2010.0,2020.0
Dark Aero,Dark_Aero,https://aesthetics.fandom.com/wiki/Dark_Aero,"['Abstract_Tech', 'Recession_Pop', 'Flat_Design', 'Frutiger_Aero', 'Hexatron', 'Metalheart', 'Skeuomorphism', 'Vectordelia', 'Y2K_Futurism']",2000s,"Black piano gloss,Skeuomorphism, Glossy & graphite textures, Aero glass, Neon highlights, Auroras","Black, Gray, White, Chrome (primary)Blue, Green, Red, Yellow (accents)",,,2000.0,2000.0
Dark Cabaret,Dark_Cabaret,https://aesthetics.fandom.com/wiki/Dark_Cabaret,"['Burlesque', 'Clowncore', 'Deathrock', 'Edwardian', 'Emo', 'Goth', 'Industrial', 'Punk', 'Steampunk', 'Victorian', 'Weimar_Cabaret']",1990s (with roots in the 1970s),"Macabre imagery, theatricality, vintage aesthetics (WeimarVictorian,Edwardian), circus/fairground elements, vaudeville/burlesquethemes, psychological depth, satire, the grotesque, historical references","Dark tones, black, red, white (for face makeup), muted colors, stark contrasts","Theatricality, emotional depth, dark humor, rebellion, societal critique, anti-establishment, fascination with the unsettling",,1970.0,1990.0
Dark Fantasy,Dark_Fantasy,https://aesthetics.fandom.com/wiki/Dark_Fantasy,"['Fantasy', 'Gothic', 'Goth', 'Grimdark', 'Medieval_Fantasy', 'Romantic_Goth', 'Vampire']",1970s (coined),"Crumbling stone architecture, heavy fabrics, iron and bone imagery, magic with a grievous cost, corvids, morally compromised heroes, gloomy urban or wild settings","Black, crimson, midnight blue, dull silver, deep forest green","Moral ambiguity, deconstruction of fantasy tropes, existential dread, macabre beauty, tragic fate"," Song of Fire and Ice, Berserk, The Dark Tower Series, The Vampire Chronicles, Dark Souls, Elden Ring, Bloodborne, Pan's Labyrinth, Legend",1970.0,1970.0
Dark Girly and Sweet Girly,Dark_Girly_and_Sweet_Girly,https://aesthetics.fandom.com/wiki/Dark_Girly_and_Sweet_Girly,['Girly_Kei'],2019,"Kawaii blouses, short skirts, rhinestones, metal hardware, ribbon bows","Pink, black, and white",Femininity contrasted with edginess,,2019.0,2019.0
Dark Naturalism,Dark_Naturalism,https://aesthetics.fandom.com/wiki/Dark_Naturalism,"['Appalachian_Gothic', 'Dark_Academia', 'Dark_Nautical', 'Gloomcore', 'Naturecore', 'Vulture_Culture']",2020s,"Pressed flowers, open windows, murder mysteries, cryptid hunting, field notes, plaid, linen, forest fog","Sage green, maroon, oxblood, cream, forest green, charcoal",,,2020.0,2020.0
Dark Nautical,Dark_Nautical,https://aesthetics.fandom.com/wiki/Dark_Nautical,"['Coastal_Style', 'Cottagecore', 'Forestpunk', 'Nautical', 'Ocean_Grunge', 'Newlyn_School', 'Pirate', 'St_Ives_School', 'Witchcore']",2020s,"Lighthouses, rugged coastlines, stormy weather, cabins, docks, rope, the sea, sea monsters, storms, lanterns, gas lamps, sturdy boots, sea shanties, sailing ships, anchors, fishing net","Chartreuse, cyan, various shades of blue, sea green, white, black, sandy brown","Fear of the unknown, isolation, exploration",he Lighthouse (2019)The Finest Hours (2016)Moby Dick by Herman Melvillesome of H.P. Lovecraft's storiesThe Longest JohnsThe DreadnoughtsStan RogersPoldark (2015-2019)And Then There Were None by Agatha ChristieMamma Mia (2008),2020.0,2020.0
Dark Nymphet,Dark_Nymphet,https://aesthetics.fandom.com/wiki/Dark_Nymphet,"['Nymphet', 'Waif', 'Gothic_Lolita', 'Kinderwhore', 'Coquette', 'Dollette', 'Morute', 'Femme_Fatale', 'Succubus_Chic']",2010s,"Youth, adolescence, gloominess, beauty, coping with trauma","Black, red, white, grey",,"olita (1997, 1962)",2010.0,2010.0
Dark Romanticism,Dark_Romanticism,https://aesthetics.fandom.com/wiki/Dark_Romanticism,['Romanticism'],18th century,"Nature, the supernatural,  occultism, demons, ghosts",,"Moral failure, self-destruction, punishment, individualism",rankenstein by Mary Shelley,1700.0,1800.0
Darksynth,Darksynth,https://aesthetics.fandom.com/wiki/Darksynth,"['Cyberpunk', 'Goth', 'Horror', 'Industrial', 'Metal', 'Neon_Noir', 'Synthwave']",Early 2010s,"Cyberpunk dystopia, occultism, satanic symbols (pentagrams, inverted crosses), 80s horror/sci-fi, ultra-violence, skulls, neon noir","Black, deep red, electric blue, magenta, neon highlights","Aggression, darkness, intensity, nostalgia for dark 80s media, rebellion","otline Miami (video game), John Carpenter films",2010.0,2010.0
Dark Triad,Dark_Triad,https://aesthetics.fandom.com/wiki/Dark_Triad,"['Brazilian_Phonk', 'Dark_Academia', 'Drift_Phonk', 'Hyperborean', 'Krushclub']",2020s,"The Triad Pyramid logo, black-and-white high-contrast filters, sigma male archetype, looksmaxxing ""before and after"" transitions, facial symmetry, ""hunter eyes,"" tailored suits, cigarette smoke, statue imagery (e.g., Marcus Aurelius or David), gym progress footage, hardtekk/drift phonk music","Black, White, Dark Grey, Chrome","Ruthless discipline, social manipulation, emotional detachment, physical perfectionism, ""dark"" charisma","merican Psycho, Nightcrawler, The Wolf of Wall Street, Peaky Blinders, The Idol",2020.0,2020.0
Dau al Set,Dau_al_Set,https://aesthetics.fandom.com/wiki/Dau_al_Set,"['Dadaism', 'Surrealism']",c. 1948–1951,"Surrealist imagery, fantastic creatures, mythological figures, symbolism, magic, dreamlike landscapes, automatism, the irrational","Varies by artist, often dark and earthy palettes","Avant-gardism, artistic freedom, anti-Francoism, Catalan cultural revival, philosophical exploration, mysticism",,1948.0,1951.0
Day Of The Dead,D%C3%ADa_De_Muertos,https://aesthetics.fandom.com/wiki/D%C3%ADa_De_Muertos,[],nan,,,,,,
Dead Inside,Dead_Inside,https://aesthetics.fandom.com/wiki/Dead_Inside,"['Animecore', 'Drain', 'E-Boy', 'Emo', 'Goth', 'Hyperpop', 'PMC_Ryodan', 'Sadboi', 'Trxsh']",2010s,"Depression, misanthropy, self-importance, anime","Black, white, red",,"ota 2, Tokyo Ghoul",2010.0,2010.0
Death Metal,Death_Metal,https://aesthetics.fandom.com/wiki/Death_Metal,"['Metal', 'Black_Metal', 'Gorecore', 'Horror']",1980s,,RedOrangeBlackWhite,,,1980.0,1980.0
Deathrock,Deathrock,https://aesthetics.fandom.com/wiki/Deathrock,"['B-Movie_Horror', 'Goth', 'Horror_Punk', 'Post-Punk', 'Punk', 'Psychobilly']",Late 1970s,"B-Movie horror, spider webs, bats, zombies, cemeteries, surrealism, DIY aesthetics, ripped fishnets","Black, white, with accents of blood red, purple, or blue","Theatricality,DIY ethos, macabre humor, rebellion, androgyny","he Return of the Living Dead (film), Only Theatre of Pain (album by Christian Death), New Wave Theatre (TV show)",1970.0,1970.0
Decadence,Decadence,https://aesthetics.fandom.com/wiki/Decadence,"['Aestheticism', 'Goth', 'Pre-Raphaelite', 'Symbolism']",Late-19th century,"Exotic flowers (orchids, lilies), artificiality, morbid beauty, opium poppies, absinthe, Salomé, androgyny, decay","Deep purples, blacks, golds, jewel tones (emerald, ruby, sapphire), sickly greens","Self-indulgence, sensuality, artifice, the macabre, anti-bourgeois sentiment, transgression","gainst Nature, The Picture of Dorian Gray, Salomé (Wilde), The Yellow Book, À rebours",1800.0,1900.0
Deconstructivism,Deconstructivism,https://aesthetics.fandom.com/wiki/Deconstructivism,"['Brutalism', 'Constructivism', 'Postmodernism']",Late 1980s,"Fragmentation, asymmetry, instability, controlled chaos, skewed lines, non-rectilinear shapes, voids (functional and cognitive), follies (ornamental structures)","Muted metallics (titanium, steel), exposed concrete, glass, white","Challengingmodernistdogma, dismantling hierarchies (form/function), experimentation, rejection of harmony and unity",,1980.0,1980.0
Decopunk,Decopunk,https://aesthetics.fandom.com/wiki/Decopunk,"['Art_Deco', 'Atompunk', 'Dieselpunk', '//cari.institute/aesthetics/deco-luxe', '//cari.institute/aesthetics/decoplex', 'Steampunk', 'Streamline_Moderne', 'Factory_Pomo', 'Raygun_Gothic']",nan,Elements of Streamline Moderne,,,ioShockBatman: The Animated SeriesDick TracyThe ShadowSkullgirls,,
Decora,Decora,https://aesthetics.fandom.com/wiki/Decora,"['Candycore', 'Cyberpop', 'Dopamine', 'Fairy_Kei', 'Harajuku_Fashion', 'Kandi_Raver', 'Kidcore', 'Oshare_Kei', 'Poppare', 'Uchuu_Kei', 'Yabi']",Late 1990s,"Excessive layering of accessories (particularly hair clips), face stickers (plasters), bright primary colors, plastic toys, child-like motifs, layered socks, tutus, surgical masks","Rainbow palette (all bright/neon primary colors)Pink, yellow, blue,Black (for Dark Decora)Pastel rainbow palette","Child-like innocence, anti-fashion (rejection of high fashion), maximalism, playfulness, energy, non-conformity",,1990.0,1990.0
Deep Fried Meme,Deep_Fried_Meme,https://aesthetics.fandom.com/wiki/Deep_Fried_Meme,"['Arabfunny', 'Goreweb', 'Haunted_Mound', 'Major_League_Gaming', 'Meme_Rap', 'Surreal_Meme', 'T%C3%A4nzelcore']",2010s,"Excessive JPEG artifacts, lens flare eyes, the ""B"" (🅱️) emoji, extreme saturation, HDR sharpening, noise filters","Fried yellow, saturated red, laser blue","Irony, noise, absurdity, digital decay, anti-censorship",,2010.0,2010.0
Dekotora,Dekotora,https://aesthetics.fandom.com/wiki/Dekotora,[],1975,,,,,1975.0,1975.0
Delicate Sweet,Delicate_Sweet,https://aesthetics.fandom.com/wiki/Delicate_Sweet,"['Angelcore', 'Cult_Party_Kei', 'Dreamy_Indie_Girlhood', 'Yume_Kawaii', 'Babycore', 'Grandparentcore', 'Larme_Kei', 'Rococo', 'Soft_Boy', 'Soft_Girl', 'Classic_Lolita', 'Mori_Kei', 'Ethereal', 'Romantic_Academia', 'Vanilla_Girl', 'Morute', 'Coquette', 'Gloomy_Coquette']",2010s,"Lace, doilies, fabric textures, stuffed animals, pillows, vintage nightgowns, baked goods, embroidery/sewing, angels, dolls","Washed out baby pink, baby blue, white, brown, beige","Kindness, comfort, sleepiness, purity, innocence, softness, self care",oofties,2010.0,2010.0
Demoscene,Demoscene,https://aesthetics.fandom.com/wiki/Demoscene,"['Cyberdelia', 'Dreamcore', 'Glitch_Art', 'Net.art', 'Seapunk', 'Silicon_Dreams', 'Vaporwave', 'Webcore']",1980s,"Procedural generation (graphics generated by code), technical constraint (4k or 64k file size limits), real-time 3D, geometric complexity, abstract art, audiovisual synchronization","Electric blue, neon green, dark/high-contrast black, RGB spectrum","Technical skill, artistic expression, creative appropriation of hardware, non-commercialism",,1980.0,1980.0
Denpa,Denpa,https://aesthetics.fandom.com/wiki/Denpa,"['Akibapop', 'Corporate_Grunge', 'Cyberpunk', 'Divine_Machinery', 'Otaku', 'Surrealism']",1990s,"Juxtaposition of mundane environments with psychological distortion, technology as a source of alienation or external influence, urban isolation (e.g., rooftops, empty streets), distorted sensory experiences (dreams, hallucinations, static), tangled wires and utility poles, high-contrast shadows","Varies; often deep blue, black, static grey, or deceptively bright pastels","Themes of social withdrawal (often depicted as a response to societal anxieties), distorted perception of reality (derealization), exploration of mental instability, preoccupation with delusion, existential questioning of reality and identity, analyzing the appeal of superficial fantasy worlds","ubarashiki Hibi, CROSS†CHANNEL, Saya no Uta, Shizuku, Serial Experiments Lain, Neon Genesis Evangelion, Paranoia Agent, Welcome to the NHK, Cure, August in the Water, All About Lily Chou-Chou, NEEDY STREAMER OVERLOAD",1990.0,1990.0
De Stijl,De_Stijl,https://aesthetics.fandom.com/wiki/De_Stijl,"['Bauhaus', 'Constructivism', 'Cubism', 'Modernism', 'Suprematism', 'International_Typographic_Style']",1917 - 1931,"Straight horizontal and vertical lines, squares and rectangles, asymmetry, geometric abstraction, dynamic equilibrium","Primary colors (red, blue, yellow) and non-colors (white, black, gray)","Pure abstraction, spiritual harmony, universality, order, reduction to essentials, utopian social vision, integration of art and life",,1917.0,1931.0
Devilcore,Devilcore,https://aesthetics.fandom.com/wiki/Devilcore,"['Angelcore', 'Casino', 'Catholic_Horror', 'Gorecore', 'Goth', 'Opium', 'Punk', 'Neo-Tribal', 'Sigilkore', 'Succubus_Chic', 'Trxsh', 'Black_Metal']",2010s,"Black wings, horns, weapons, skeletons, blasphemous images, blood, violence, and misanthropy","Red, grey, and black, occasionally other colors","Sadistic pleasure or evil, selfish goals",,2010.0,2010.0
Dieselpunk,Dieselpunk,https://aesthetics.fandom.com/wiki/Dieselpunk,"['Adventure_Pulp', 'Art_Deco', 'Atompunk', 'Cyberpunk', 'Decopunk', 'Film_Noir', 'Heroic_Realism', 'Post-Apocalyptic', 'Raygun_Gothic', 'Retrofuturism', 'Steampunk', 'Streamline_Moderne']",2000s (term coinage),"Diesel-powered machinery, riveted surfaces, engine turning, aviation, vacuum tubes, Art Deco, Streamline Moderne, propaganda art, pulp fiction","Black, grey, muted industrial tones, metallic shades","Technological advancement, societal change, war, rebellion, dystopia, utopia, human-machine interaction, noir elements","he Man in the High Castle, Sky Captain and the World of Tomorrow, Wolfenstein: The New Order, BioShock, Mad Max",2000.0,2000.0
Digital Horror,Digital_Horror,https://aesthetics.fandom.com/wiki/Digital_Horror,"['Analog_Horror', 'Glitch_Art', 'Weirdcore', 'Old_Web', 'Horror', 'Welwitschia_Goth']",Early 2000s,"Low-quality digital artifacts, old web interfaces, Flash animation, corrupted game data, existential dread, nostalgia",,,"alad Fingers, Ben Drowned, Petscop",2000.0,2000.0
Diner,Diner,https://aesthetics.fandom.com/wiki/Diner,"['Americana', '//cari.institute/aesthetics/diner-kitsch', '//cari.institute/aesthetics/googie-kitsch', 'Foodie', 'Googie', 'Mid-Century_Modern', 'Atompunk', 'Raygun_Gothic', 'Paninaro', 'Vaporwave', 'Vintage_Americana']",1950s,,Any colors.,,,1950.0,1950.0
Dionysism,Dionysism,https://aesthetics.fandom.com/wiki/Dionysism,"['Classicism', 'Cuddle_Party', 'Devilcore', 'Hellenic', 'Lovecore', 'McBling']",13th-7th centuries BC,"Wine, sex and phalluses, disorderly conduct, feast","Red, black, brown, party colors","Hedonism, partying, freedom, loyalty",,-1200.0,-600.0
Disco,Disco,https://aesthetics.fandom.com/wiki/Disco,"['Ballroom_Culture', 'Funk', 'Glam_Rock', 'Italo_Disco', '//cari.institute/aesthetics/millennium-disco', 'New_Wave', 'Psychedelia', 'Groovival', 'Synthwave', '//cari.institute/aesthetics/ultramodern-revival']",1970s,"Disco balls, flashing lights, dance floors, glitter, sequins, androgynous fashion, platform shoes, bell-bottoms","Metallic colors, neon colors, red, yellow, orange, multi-colors","Escapism, freedom of expression, communal energy, glamour, nightlife culture","aturday Night Fever, Thank God It's Friday",1970.0,1970.0
Disco Deco,Disco_Deco,https://aesthetics.fandom.com/wiki/Disco_Deco,"['Art_Deco', 'Psychedelia']",1960s,,,,,1960.0,1960.0
Disco Polo,Disco_Polo,https://aesthetics.fandom.com/wiki/Disco_Polo,"['Disco', 'Dresiarz', 'Italo_Disco', 'Gra%C5%BCynacore', 'Vectordelia']",Late 1980s,"Low-budget CGI, wedding parties, aspirational luxury (limos, pools), rural discos, green-screen effects","Vibrant and often clashing colors, neons, metallics (gold, silver)","Love, celebration, joy, nostalgia, hedonism, provincial pride",,1980.0,1980.0
Divine Machinery,Divine_Machinery,https://aesthetics.fandom.com/wiki/Divine_Machinery,"['Abstract_Tech', 'Cyber_Angel', 'Denpa', 'Tradcath_Coquette']",2020s (with roots in earlier art movements),"Wires, screens, transmission towers, hardware, religious symbolism, angels, retro computer displays, BSOD, bundles of cables, motherboards, robotics, broken or malfunctioning technology, TV static, crosses, angelic or divine figures","Dark colors, blue, green, black, red","Comparison of technological creation to divine creation, identification of humanity with gods and machinery with angels, connection between biological forms, religious motifs, and mechanical structures, exploration of artificial intelligence, transhumanism, and conflict between religion and scientific progress","erial Experiments Lain, Ghost in The Shell, Neon Genesis Evangelion, The Matrix, 2001: A Space Odyssey, Ex Machina",2020.0,2020.0
DIY Punk,DIY_Punk,https://aesthetics.fandom.com/wiki/DIY_Punk,"['Post-Punk', 'Blogspot_Scene', 'Minimal_Wave', 'Industrial', 'Brutalism', 'Hardcore_Punk', 'Egg_Punk', 'Dada', 'Cubism', 'Nazi_Chic']",1970s,,"Black, White",,,1970.0,1970.0
Dizelaši,Dizela%C5%A1i,https://aesthetics.fandom.com/wiki/Dizela%C5%A1i,"['Chav', 'Dresiarz', 'Gopnik', 'Yugo-Nostalgia']",1990s,"Tracksuits (often tucked into socks), bomber jackets, Diesel brand jeans, gold chains, shaved heads, athletic sneakers","Varies, often bold and bright colors on tracksuits","Toughness, materialism, street culture, Serbian nationalism, rejection of mainstream norms",urbo-folk and Eurodance music,1990.0,1990.0
Dokukawaii,Dokukawaii,https://aesthetics.fandom.com/wiki/Dokukawaii,"['Animecore', 'Colorful_Pop', 'Gurokawa', 'Medicalcore', 'Pastel_Gore', 'Superflat', 'Yami_Kawaii']",2010s,,"Rainbow, neon colors",,,2010.0,2010.0
Dollar Store Vernacular,Dollar_Store_Vernacular,https://aesthetics.fandom.com/wiki/Dollar_Store_Vernacular,"['//cari.institute/aesthetics/acidgrafix', 'Chicha', 'Four_Colors', 'Internet_Awesomesauce', 'Old_Web', 'Shanzhai', 'Skeuomorphism', 'Vaporwave', 'Xpiritualism']",1990s,"Infomercials, pop up ads, dollar store packaging","Red, yellow, orange, blue, green, black",,indows Destruction,1990.0,1990.0
Dollcore,Dollcore,https://aesthetics.fandom.com/wiki/Dollcore,"['Balletcore', 'Coquette', 'Cyber_Doll', 'Dollette', 'Girly_Kei', 'Kawaii', 'Larme_Kei', 'Lolita', 'Morute']",2010s,"ball-jointed dolls, porcelain dolls",,,,2010.0,2010.0
Dollette,Dollette,https://aesthetics.fandom.com/wiki/Dollette,"['Balletcore', 'Coconut_Girl', 'Coquette', 'Dollcore', 'Nymphet', 'Dark_Nymphet', 'Ethereal', 'Princesscore', 'Fairycore', 'McBling', 'Bubblegum_Coquette', 'Barbiecore', 'Bimbocore', 'Angelcore', 'Preppy', 'Romantic_Academia', 'Cottagecore', 'Delicate_Sweet', 'Soft_Boy', 'Soft_Girl', 'Wonyoungism']",2010s,"Florals, lip gloss, perfume, nail polish, ribbons, lacy fashion","Pink, white, beige, red, pastel colors","Romance, luxury, self-care, hyperfemininity",,2010.0,2010.0
Dolly Girl,Dolly_Girl,https://aesthetics.fandom.com/wiki/Dolly_Girl,"['Coquette', 'Mod', 'Twee', 'Y%C3%A9-y%C3%A9']",Mid-1960s,"Babydoll dresses, Peter Pan collars, miniskirts, Mary Jane shoes, lace, ribbons, puffed sleeves","Pastels (baby pink, powder blue, mint green), white, cream","Innocence, youthfulness, playful femininity, girlishness",,1960.0,1960.0
Dolly Kei,Dolly_Kei,https://aesthetics.fandom.com/wiki/Dolly_Kei,"['Cult_Party_Kei', 'Medieval', 'Mori_Kei', 'Cottagecore']",2010s,"Faux furs, fairy tales, herbs, antiques, animal bones","Black, jewel tones",,he Brother's Grimm and Hans Christian Anderson books,2010.0,2010.0
Doomer,Doomer,https://aesthetics.fandom.com/wiki/Doomer,"['Brutalism', 'Incelcore', 'Industrial_Decay', 'Post-Apocalyptic', 'Post-Punk', 'Sadboi', 'Sovietwave']",Late 2010s (as a meme and aesthetic),"Brutalistarchitecture, decaying urban landscapes, nighttime, snow,industrial decay, cigarettes, the Doomer Wojak","Muted and cold palette: grey, navy blue, black, dim purples","Pessimism, nihilism, alienation, despair, hopelessness, introspection","oker (2019), Taxi Driver (1976), music by Molchat Doma and Kino",2010.0,2010.0
Dopamine Dressing,Dopamine_Dressing,https://aesthetics.fandom.com/wiki/Dopamine_Dressing,"['Decora', 'Gen_Z_Maximalism', 'Indie_Kid', 'Kidcore', 'Lulicore', 'Maillard_Style']",Early 2020s,"Bright color blocking, simple patterns, fruits, candy, maximalist silhouettes","Highly saturated colors (yellow, orange, hot pink, neon green)","Enthusiasm, optimism, positivity, vitality",,2020.0,2020.0
DORFic,DORFic,https://aesthetics.fandom.com/wiki/DORFic,"['Abstract_Tech', 'Corporate', 'Cyberpunk', 'Dark_Aero', 'Frutiger_Aero', 'Minimalism', 'Skeuomorphism', 'Technozen', 'Y2K_Futurism', 'Vectorheart']",2000s,"Glass, tech patterns, office spaces, robotics, sunlight, cleanliness, futurism, industrialism, techwear, business casual, jumpsuits, goggles/visors, gloves, protective gear","Orange, Yellow, Grey/Black, White (primary)Red, Blue (accents)",Rebellion against corrupt corporations,,2000.0,2000.0
Downtown Girl,Downtown_Girl,https://aesthetics.fandom.com/wiki/Downtown_Girl,"['Autumn', 'Uptown_Girl', 'Thought_Daughter', 'Pale_Grunge', 'Coquette', 'Twilightcore', 'Autumn', 'Dollette']",1970s-2000s,"Books, coffee, tea, music","Black, white, beige, red, and brown",,,1970.0,2000.0
Dragoncore,Dragoncore,https://aesthetics.fandom.com/wiki/Dragoncore,"['Bardcore', 'Crowcore', 'Fantasy', 'Goblincore', 'Naturecore', 'Witchcore']",2010s,"Gemstones, crystals, nature, mythology","Black, dark jewel tones, gold,red, purple,green, silver,grey,brown","Collecting (or hoarding), self-care and self-esteem, strength and power, independence and freedom, wisdom,elegance",ungeons and DragonsEragonHow to Train Your Dragon TrilogyThe Lord of the RingsThe Wings of Fire books,2010.0,2010.0
Draincore,Draincore,https://aesthetics.fandom.com/wiki/Draincore,"['Animecore', 'Cybersigilism', 'Glitchcore', 'HexD', 'Krushclub', 'Sadboi', 'Sanriocore', 'Xpiritualism']",Late 2010s–Early 2020s,"Glitch effects, excessive sparkles, cyber sigils, low-resolution anime characters, translucent geometry, distorted clip art, fake digital damage (e.g., loading bars, error messages)","Vibrant neon colors (pink, green, blue), silver/chrome, white, black","Hyper-irony, digital chaos, vulnerable nihilism, Y2K nostalgia, digital beauty",,2010.0,2020.0
Dreamcore,Dreamcore,https://aesthetics.fandom.com/wiki/Dreamcore,"['Liminal_Space', 'Nostalgiacore', 'Kidcore', 'Weirdcore', 'Yami_Kawaii', 'Gurokawa', 'Webcore', 'Traumacore']",Late 2010s-Early 2020s,"Characters, creatures, reoccurrence of eyes (e.g. mushrooms with eyes, floating angels), teeth, dreamy liminal spaces, kidcore/yami kawaii/webcore elements, silhouettes, cryptic red text questioning reality, nature of dreams & identity, CRT TVs, organs, voids, flowers, clouds, and wings",,"To portray events and things within dreams; nostalgia, anemoia, or comfort; questioning self-identity and reality",,2010.0,2020.0
Dreampunk,Dreampunk,https://aesthetics.fandom.com/wiki/Dreampunk,"['Cyberpunk', 'Glitch_Art', 'Lo-fi', 'Neon_Noir', 'Slushwave', 'Synthwave', 'Vaporwave']",Mid-2010s,"Rainy cityscapes, neon lights, cyberpunk themes, surrealism, glitch art, loneliness, dreams","Deep blues, purples, black, neon accents","Atmosphere, futurism, introspection, originality (sample-free music), narrative",,2010.0,2010.0
Dreamy Indie Girlhood,Dreamy_Indie_Girlhood,https://aesthetics.fandom.com/wiki/Dreamy_Indie_Girlhood,"['Coquette', 'Ethereal', 'Girls%27_Sleepover', 'Larme_Kei', 'Nymphet', 'Twee']",2010s,"Girlhood, DIY, adventure",Pastels,,he Virgin Suicides,2010.0,2010.0
Dresiarz,Dresiarz,https://aesthetics.fandom.com/wiki/Dresiarz,"['Chav', 'Disco_Polo', 'Gopnik', 'Ultras', 'Wixa']",Late 1980s–1990s,"Tracksuits, bootleg sportswear, sneakers, shaved heads, car culture (especially older BMWs), pit bull-type dogs",Varies by sportswear,"Toughness, materialism, street credibility, anti-intellectualism, group loyalty",,1980.0,1990.0
Drift Phonk,Drift_Phonk,https://aesthetics.fandom.com/wiki/Drift_Phonk,"['Brazilian_Phonk', 'Trillwave', 'Phonk', 'Trap_Metal', 'Meme_Rap', 'Racing', 'Horrorcore']",Late 2010s,"Cars, drifting, cover art with either cars and/or skulls, internet culture","Purple,Green,White,Blue,Gray",,"rift phonk music, videos of drifting cars, singles",2010.0,2010.0
Dungeonpunk,Dungeonpunk,https://aesthetics.fandom.com/wiki/Dungeonpunk,"['Cyberpunk', 'Dark_Fantasy', 'Dieselpunk', 'Fantasy', 'Steampunk']",1990s,"Magitek (magic as technology), industrialized magic, noir themes, urban decay in a fantasy setting, social inequality, anti-heroes",,"Cynicism, pragmatism, survival, social commentary",,1990.0,1990.0
Dungeon Rap,Dungeon_Rap,https://aesthetics.fandom.com/wiki/Dungeon_Rap,"['Dungeon_Synth', 'Phonk', 'Witch_House']",Late 2010s,"Lo-fi production, cassette tape hiss, xerox photography, medieval fantasy imagery, detuned synthesizers, slow tempos (50-65 BPM), heavy 808 bass, obscured vocal samples","Black, grey, ocassional use of blood red and dark green","Escapism, darkness, fantasy, hauntology, underground atmosphere","ideo games (e.g., Dwarf Fortress, Morrowind), Role-playing games",2010.0,2010.0
Dungeon Synth,Dungeon_Synth,https://aesthetics.fandom.com/wiki/Dungeon_Synth,"['Black_Metal', 'Dark_Fantasy', 'Martial_Industrial', 'Medieval_Fantasy', 'Neofolk']",Early 1990s,"Castles, dungeons, forests, ancient lore, melancholy, adventure, high fantasy, winter landscapes","Muted tones, greens, greys, browns, black, white (often found in album art)","Escapism, isolation, introspection, mystery, atmosphere, nostalgia","he Lord of the Rings (J.R.R. Tolkien's works), Dungeons & Dragons (tabletop RPG)",1990.0,1990.0
Dunhuang Feng,Dunhuang_Feng,https://aesthetics.fandom.com/wiki/Dunhuang_Feng,"['Guochao', 'Tang_Dynasty', 'Song_Dynasty']",4th century,"Feitian, zaojing, Buddhas, Bodhisattvas, narrative mural, landscape",Vivid saturated mineral colors,Buddhism,,300.0,400.0
Dutch Golden Age,Dutch_Golden_Age,https://aesthetics.fandom.com/wiki/Dutch_Golden_Age,"['Baroque', 'Danish_Golden_Age', 'Spanish_Golden_Age']",c. 1600 - 1700,"Genre scenes (domestic life), individual and group portraits, still lifes (vanitas, floral, banquet), landscapes, seascapes","Somber, earthy tones (browns, ochres, grays), masterful use of light and shadow (chiaroscuro), accents of brilliant color","Realism, observation of daily life, Protestant morality, civic pride, prosperity, domesticity, scientific curiosity",,1600.0,1700.0
Early Cyber,Early_Cyber,https://aesthetics.fandom.com/wiki/Early_Cyber,"['90s_Cool', 'Abstract_Tech', 'Acid_Design', 'Cassette_Futurism', 'Cyberdelia', 'Cyberpunk', 'Hacker', 'Laser_Grid', 'Med-Tech_Visions', 'Memphis_Lite', 'Metalheart', 'Pixel_UI', 'Psychedelia', 'Raver', 'Silicon_Dreams', 'Synthwave', 'Vaporwave', 'Vectorheart', 'Y2K_Futurism']",1970s/1980s,"Pixelization, thermography, fractals, visual distortions",Rainbow,,he Mind's Eye (1990),1970.0,1980.0
Earth Tones,Earth_Tones,https://aesthetics.fandom.com/wiki/Earth_Tones,"['American_Thanksgiving', 'Autumn', 'Flat_Design', 'Frasurbane', 'Supergraphic_Ultramodern', 'Mission_School', 'Global_Village_Coffeehouse']",1970s,"Soft colors, rounded shapes","Brown, yellow, orange",,,1970.0,1970.0
Earthy Black Girl,Earthy_Black_Girl,https://aesthetics.fandom.com/wiki/Earthy_Black_Girl,"['Art_Hoe', 'Bohemian', 'Ethno-Chic', 'Hippie', 'Boho-Chic']",2020s,,,,,2020.0,2020.0
Easter,Easter,https://aesthetics.fandom.com/wiki/Easter,"['Christmas', 'Halloween', 'Saint_Patrick%27s_Day', 'Spring']",1st century325 (standarized by Council of Nicaea),"Chickens, bunnies, easter eggs, baskets, lambs[note 1],","Pastel colors, green, white, yellow","Jesus, Meeting, Resurrection",,0.0,100.0
E-Boy,E-Boy,https://aesthetics.fandom.com/wiki/E-Boy,"['E-Girl', 'Emo', 'Emo_Rap', 'Grunge', 'Sadboi', 'Scene', 'Skater', 'Soft_Boy', 'Trap_Metal']",Late 2010s,"Chains, padlocks, middle-part hair, black nail polish, layered clothing, silver jewelry","Black, white, silver",,,2010.0,2010.0
Eclectic Grandpa,Eclectic_Grandpa,https://aesthetics.fandom.com/wiki/Eclectic_Grandpa,"['Avant-garde', 'Blokecore', 'Coastal_Grandmother', 'Dark_Academia', 'Grandparentcore', 'Normcore']",2020s,"Oversized topcoats, cardigans, high-waisted trousers, sensible footwear","Neutral tones, earthy colours","Comfort, practicality, individuality, confidence",,2020.0,2020.0
Eco-Beige,Eco-Beige,https://aesthetics.fandom.com/wiki/Eco-Beige,"['Frasurbane', 'Global_Village_Coffeehouse', 'Rustic', 'Shabby_Chic', 'Tuscan_Rustic']",Late 1980s,"Twigs,  raffia straw, linens, wood, exposed surfaces, textured walls","Beige, soft natural tones","minimalism, environmental friendliness, simplicity",,1980.0,1980.0
Edwardian,Edwardian,https://aesthetics.fandom.com/wiki/Edwardian,"['Art_Nouveau', 'Baroque', 'Decadence', 'Gibson_Girl', 'Roaring_Twenties', 'Victorian', 'Cottagecore', 'Dark_Cabaret', 'Goth', 'Lolita', 'Victorian_Goth']",1901-1910,"Elegance, opulence, formality, leisure activities, social stratification, transition to modernism","Lighter pastels, creams, whites, gold accents, jewel tones","Prosperity, social change, optimism, leisure, class distinction, refinement"," Room with a View (1908 novel), Howard's End (1910 novel), The Age of Innocence (1920 novel), Downton Abbey (TV series, early seasons)",1901.0,1910.0
E-Girl,E-Girl,https://aesthetics.fandom.com/wiki/E-Girl,"['Aesthetic_Rap', 'Alt_Kid', 'Drain', 'E-Boy', 'Emo', 'Emo_Rap', 'Femboy', 'Kawaii_Gamer', 'Jirai_Kei', 'Mallgoth', 'Nu-Goth', 'Nyashka', 'Pastel_Goth', 'Puppygirl', 'Sadgirl', 'Scene', 'Scenecore', 'Soft_Grunge']",Late 2010s,"Winged eyeliner, heavy blush, drawn-on hearts/tears, colorful dyed hair (often ""e-girl streaks""), layered clothing, pleated skirts, chains, anime and gaming references","Often black and pink, but can include a wide range of pastels and bright colors","Internet culture, online identity, gaming, anime, self-expression, performative sadness",,2010.0,2010.0
Egg Punk,Egg_Punk,https://aesthetics.fandom.com/wiki/Egg_Punk,"['DIY_Punk', 'T%C3%A4nzelcore']",2010s,Collage art,,,,2010.0,2010.0
Egyptian Revival,Egyptian_Revival,https://aesthetics.fandom.com/wiki/Egyptian_Revival,['Ancient_Egypt'],1820s,"pylon gateways, battered walls, cavetto cornices, obelisks","sandy beige, ochre, terracotta",,,1820.0,1820.0
Electroclash,Electroclash,https://aesthetics.fandom.com/wiki/Electroclash,"['Bloghouse', 'Indie_Sleaze', 'EBM', 'Minimal_Wave', 'New_Romantic', 'New_Wave', 'Recession_Pop', 'Rave']",Late 1990s–Early 2000s,"Analog synthesizers, vocoders, Liquid Sky revival, retrofuturistic imagery, DIY fashion, punk attitude, irony, performance art","Black, metallic silver, and bright, stark neon colors","Ironic detachment, hedonism, artistic performance,retrofuturism, electronic experimentation, punk attitude",iquid Sky (1982 film),1990.0,2000.0
Electronic Body Music,Electronic_Body_Music,https://aesthetics.fandom.com/wiki/Electronic_Body_Music,"['Aggrotech', 'Brutalism', 'Constructivism', 'Cybergoth', 'Electroclash', 'Industrial', 'Italo_Disco', 'Leather_Subculture', 'Minimal_Wave', 'New_Beat', 'Rivethead']",Late 1970s / Early 1980s,"High-and-tight haircuts (The Fresh Cut), bomber jackets (MA-1), Doc Martens,Socialist Realistgraphics, Cyrillic typography, industrial architecture, bodybuilding/fitness imagery","Black, grey, red, white, olive drab","Discipline, work ethic, physicality, repetition, provocation",,1970.0,1980.0
Electro Swing,Electro_Swing,https://aesthetics.fandom.com/wiki/Electro_Swing,"['Dieselpunk', 'Flapper', 'Fleischer_Style', 'Synthwave']",Early 1990s (origins)Late 2000s (Popularization),"Rubber Hose revival, 1920s speakeasies, robots, anthropomorphic characters, neon signage","Sepia, grayscale, neon highlights","Positivity, joy, reinterpretation of the 1920s","endy and the Ink Machine, Cuphead, Mirror's Edge",1990.0,2000.0
Emo,Emo,https://aesthetics.fandom.com/wiki/Emo,"['Scene', 'Fashioncore', 'Goth', 'Punk', 'Grunge', 'Midwest_Emo', 'Indie_Sleaze', 'E-Girl', 'E-Boy', 'Glitter_Graphics', 'Emo_Rap', 'Teenpunk']",1980s (First Wave)1990s (Second Wave)2000s (Third Wave/Mainstream Subculture),"Side-swept bangs (fringe), skinny jeans, band t-shirts, studded belts, Converse sneakers, heavy eyeliner, confessional lyrics","Primarily black, often with accents of red, white, or dark jewel tones","Emotional vulnerability, introspection, sensitivity, angst, heartbreak, musical identity",,1980.0,2000.0
Emo Rap,Emo_Rap,https://aesthetics.fandom.com/wiki/Emo_Rap,"['Dead_Inside', 'Drain', 'E-Boy', 'E-Girl', 'Emo', 'Grunge', 'Hip-Hop', 'Sadboi', 'Sadgirl', 'Trap_Metal', 'Trxsh', 'Witch_House']",2010s,"Trap beats, sung vocals, melancholic melodies, dark lyrics","Black, white, red, purple","Emotional vulnerability, expression of sadness, mental health awareness",oundCloud,2010.0,2010.0
Empire Style,Empire_Style,https://aesthetics.fandom.com/wiki/Empire_Style,"['Biedermeier', 'Egyptian_Revival', 'Neoclassicism']",1800s,"Napoleonic symbols (eagle, bee, letter 'N'), Greco-Roman figures (Nike, swans, sphinxes, lyres),Egyptian Revivalelements (lotus capitals, scarabs), military trophies, laurel wreaths","Rich, bold colors (emerald green, deep blue, crimson, gold) with dark woods","Imperial glory, power, authority, order, symmetry, grandeur, classicism",,1800.0,1800.0
Epunk,Epunk,https://aesthetics.fandom.com/wiki/Epunk,"['Doomer', 'Midwest_Emo', 'Meme_Rap', 'Nerdcore', 'Olderbrothercore', 'Scenecore', 'Grunge', 'Riot_Grrrl']",Late 2010s,"Wojak/Doomer memes, MS Paint art, bedroom studios, Monster Energy, cigarettes, retro gaming consoles, 4chan culture, blackpill culture","Black, white, grey (monochrome/dithered)","Social alienation, irony, provocation, gatekeeping, DIY ethos, resentment towards modern dating",,2010.0,2010.0
Equestrian,Equestrian,https://aesthetics.fandom.com/wiki/Equestrian,"['Country', 'Racing', 'Western']",nan,"Horse Tack (bridles, saddles), Bits (often in a pattern), Stirrups (often in a pattern), Horses, Riding Crops","Earth colors, white, tan, blue",,he Saddle Club,,
Erokawa,Erokawa,https://aesthetics.fandom.com/wiki/Erokawa,"['Animecore', 'Kawaii', 'Maid', 'Moe', 'Neko']",2005,,"Pink, White",,cchi or R-18 Girls' Love/Yuri manga,2005.0,2005.0
Eshay,Eshay,https://aesthetics.fandom.com/wiki/Eshay,"['Chav', 'Gopnik']",Late 1990s–2000s,"Designer sportswear, polo shirts, puffer vests, bumbags (fanny packs), specific sneaker models (especially Nike TNs), graffiti","Varies by brand, often black, white, grey, and navy","Street culture, hypermasculinity, group identity, brand loyalty, anti-authoritarianism",,1990.0,2000.0
Ethereal,Ethereal,https://aesthetics.fandom.com/wiki/Ethereal,"['Angelcore', 'Auroracore', 'Artcore', 'Baroque', 'Fairycore', 'Pastel', 'Softie', 'Princesscore', 'Princecore', 'Royalcore', 'Classic_Lolita', 'Lolita', 'Pink_Princess', 'Rococo', 'Mori_Kei', 'Delicate_Sweet', 'Cottagecore']",2010s-2020s,,"Green, pink, white, and blue","Kindness, love, tranquility, compassion, and calmness",isneyBarbie,2010.0,2020.0
Ethno-Chic,Ethno-Chic,https://aesthetics.fandom.com/wiki/Ethno-Chic,"['Art_Hoe', 'Bohemian', 'Earth_Tones', 'Hippie', 'Rustic', 'Safari_Chic']",1960s,"Global textiles, handcrafted objects, natural materials, cultural patterns","Warm earth tones, jewel tones, black, white","Cultural appreciation, eclecticism, storytelling",,1960.0,1960.0
Ethnogoth,Ethnogoth,https://aesthetics.fandom.com/wiki/Ethnogoth,"['Goth', 'Romantic_Goth', 'Trad_Goth', 'Tribal_Goth']",2010s,"Folk garments (kaftans), Kuchi jewelry, silver and gold accessories, turbans, shaved heads, intricate makeup","Black, with metallic accents (silver, gold) and sometimes deep red or blue","Historical invocation, artistic expression, gender neutrality, ornamentation",,2010.0,2010.0
Euphoric,Euphoric,https://aesthetics.fandom.com/wiki/Euphoric,"['McBling', 'Indie_Sleaze', 'Skater', 'Grunge']",Late 2010s,"Glitter tears, rhinestones, dramatic lighting, neon colors, cut-out clothing, Y2K fashion, skater grunge","Purple, blue, magenta, indigo, hot pink","Emotional expression, self-discovery, rebellion, vulnerability, drama",uphoria (television show),2010.0,2010.0
Expressionism,Expressionism,https://aesthetics.fandom.com/wiki/Expressionism,"['Cubism', 'Fauvism', 'Post-Impressionism', 'Symbolism', 'Weimar_Cabaret']",1900s-1920s,"Distorted or elongated figures, urban alienation, psychological turmoil, spirituality, raw emotion, masks, woodcut textures","Intense, arbitrary, symbolic, and often dissonant colors; strong, jarring contrasts; agitated and swirling brushstrokes",Subjective emotional experience over objective reality; expression of inner psychological states; critique of modern society; spiritual renewal,,1900.0,1920.0
Factory Pomo,Factory_Pomo,https://aesthetics.fandom.com/wiki/Factory_Pomo,"['Art_Deco', 'Bauhaus', 'Constructivism', 'Corporate_Grunge', 'Cyberdelia', 'Decopunk', 'Dieselpunk', 'Early_Cyber', 'Festival_Marketplace', 'Frasurbane', '//cari.institute/aesthetics/deco-luxe', '//cari.institute/aesthetics/decoplex', 'Global_Village_Coffeehouse', 'Memphis_Design', 'Memphis_Lite', '//cari.institute/aesthetics/industrial-americana', '//cari.institute/aesthetics/industrial-gothic', '//cari.institute/aesthetics/Neoclassical_Pomo', 'Raygun_Gothic', 'Silicon_Dreams', 'Streamline_Moderne', 'Utopian_Scholastic', 'Wacky_Pomo', 'Whimsigothic', 'Vaporwave', 'Whimsicraft']",1980s,,,,,1980.0,1980.0
Fairycore,Fairycore,https://aesthetics.fandom.com/wiki/Fairycore,"['Changelingcore', 'Cottagecore', 'Fairy_Grunge', 'Fantasy', 'Goblincore', 'Mori_Kei', 'Mushroomcore', 'Naturecore', 'Soft_Girl', 'Strega', 'Witchcore']",2020s,"Fairy wings, sparkles, glitter, mushrooms, butterflies, flowers, moss, soft animals, elf ears","Pastel colours, earth tones, soft greens, pinks, and yellows","Magic, nature, tranquility, escapism, optimism, kindness",,2020.0,2020.0
Fairy Grunge,Fairy_Grunge,https://aesthetics.fandom.com/wiki/Fairy_Grunge,"['Avant_Apocalypse', 'Cottagecore', 'Cyber_Grunge', 'Fairycore', 'FantasY2K', 'Female_Horror_Game_Protagonist_Fashion', 'Goblincore', 'Grunge', 'Kinderwhore', 'Mori_Kei', 'Mythpunk', 'Strega', 'Winter_Bimbo', 'Twilightcore']",Early 2020s,"Dark clothing, moss, crystals, fairies, forests","brown, black, green, earthy tones","Nature, escapism, individualism, creativity, rebellion",odern Faerie Tales trilogy by Holly BlackThe Iron Fey series by Julie KagawaBratz Fashion PixiezWinx ClubW. I. T. C. H.Labyrinth,2020.0,2020.0
Fairy Kei,Fairy_Kei,https://aesthetics.fandom.com/wiki/Fairy_Kei,"['Harajuku_Fashion', 'Pastel', 'Vintage', 'Yume_Kawaii', 'Kawaii', 'Decora', 'Cult_Party_Kei', 'Poppare', 'Unicorncore', 'Heisei_Retro', 'Showa_Retro', 'Uchuu_Kei']",1980s,80s retro,Pastel,,,1980.0,1980.0
Fairytale,Fairytale,https://aesthetics.fandom.com/wiki/Fairytale,"['Adventurecore', 'Cottagecore', 'Dark_Fantasy', 'Dragoncore', 'Ethereal', 'Fantasy', 'Fairycore', 'Medieval_Fantasy', 'Naturecore', 'Princesscore', 'Strega']",nan,,"Earth tones, Gold, Silver,White,Pink,Purple,Blue",,isney,,
Fallen Angel,Fallen_Angel,https://aesthetics.fandom.com/wiki/Fallen_Angel,"['Angelcore', 'Baroque', 'Dark_Academia', 'Devilcore', 'Romanticism']",2020s,"Black or tattered wings, classical ruins, stormy skies, dramatic shadows, feathers, fire, swords","Black, grey, white, deep blues, gold accents","Rebellion, tragedy, sorrow, pride, misunderstood beauty, fall from grace",,2020.0,2020.0
Fanfare,Fanfare,https://aesthetics.fandom.com/wiki/Fanfare,"['Arcadecore', 'Burlesque', 'Casino', 'Clowncore', 'Cuddle_Party', 'Festival_Marketplace', 'Funfair_Kitsch']","Created 1742, popularized late 19th century",,"Neons, brights, red, yellow, blue","Spectacle, excitement, fun, mystery, humor",,1742.0,1900.0
Fantasy,Fantasy,https://aesthetics.fandom.com/wiki/Fantasy,"['Adventurecore', 'Animecore', 'Bardcore', 'Dark_Fantasy', 'Dragoncore', 'Knightcore', 'Witchcore', 'Wizardcore']",nan,"Magic, swords, sorcery, potions, dragons, crystals, books",,"Adventure, creativity, ambition, companionship, freespirit",ord of The RingsThe Chronicles of NarniaDungeons and Dragons,,
FantasY2K,FantasY2K,https://aesthetics.fandom.com/wiki/FantasY2K,"['Bohemian', 'Camp', 'Cottagecore', 'Ethereal', 'Fairycore', 'Fairy_Grunge', 'Fantasy', 'Kinderwhore', 'Medieval_Fantasy', 'Mythpunk', 'Renaissance_Revival', 'Twilightcore', 'Whimsigothic', 'Y2K']",1990s,"crochet, lace up details, corsets/stays, long skirts, hip belts,  flare sleeves, sheer fabric, layering, embellishments","jewel tones, earth tones, green, brown, orange, red, yellow, blue,",, Knight's Tale (2001)The Mists of Avalon (2001)Ella Enchanted (2004)Robin Hood (2006-2009)Merlin (2008-2012),1990.0,1990.0
Fantasy Astronomy,Fantasy_Astronomy,https://aesthetics.fandom.com/wiki/Fantasy_Astronomy,"['Mad_Scientist', 'Nightcore_(aesthetic)', 'Science_Academia', 'Spacecore', 'Wizardcore']",nan,"Astrolabes, ceiling frescoes, bookshelves, telescopes, constellations","Navy blue, bluish purple, silver, gold, midnight blue",,,,
Farmer's Daughter,Farmer%27s_Daughter,https://aesthetics.fandom.com/wiki/Farmer%27s_Daughter,"['Buckle_Bunny', 'Coquette', 'Cottagecore', 'Country', 'Preacher%27s_Daughter', 'Southern_Gothic', 'Tomato_Girl_Summer', 'Trailer_Park_Princess']",Late 2010s-early 2020s,"Rural America, female sexuality","Red, white, blue, natural colors and light pastels",, (2022)Pearl (2022),2010.0,2020.0
Fashioncore,Fashioncore,https://aesthetics.fandom.com/wiki/Fashioncore,"['Emo', 'Horror_Punk', 'Mallgoth', 'Metalhead', 'Punk', 'Scene', 'Visual_Kei']",Early 2000s,"Swooped fringe, skunk hair dye (black with bleached sections), white studded belts, skinny jeans, fitted band t-shirts, brass knuckles, skull and diamond iconography, Gloomy Bear and Skeletanimals imagery, bone prints","Black, bleached blonde, red",Deliberate fashion presentation within a scene that traditionally rejected it; looking good in the mosh pit,,2000.0,2000.0
Fauvism,Fauvism,https://aesthetics.fandom.com/wiki/Fauvism,"['Art_Nouveau', 'Cubism', 'Expressionism', 'Impressionism', 'Modernism', 'Post-Impressionism']",1900s,"Simplified forms, flattened perspective, vigorous brushwork, landscapes, portraits","Intense, pure, non-naturalistic colors, often applied directly from the tube; strong and dissonant color contrasts","Emotional expression through color, separation of color from descriptive reality, painterly spontaneity",,1900.0,1900.0
Female Horror Game Protagonist Fashion,Female_Horror_Game_Protagonist_Fashion,https://aesthetics.fandom.com/wiki/Female_Horror_Game_Protagonist_Fashion,"['Dark_Nymphet', 'Dollette', 'Fairy_Grunge', 'Grunge', 'Horror', 'Jirai_Kei', 'Kawaii', 'Soft_Grunge', 'Twilightcore']",2023,,"White, cream, black, red, gray",,"atal Frame, Silent Hill",2023.0,2023.0
Femboy,Femboy,https://aesthetics.fandom.com/wiki/Femboy,"['Alt_Kid', 'E-Girl', 'Kawaii', 'Maid', 'Soft_Boy', 'Tomboy']",1990s (term)Late 2010s - Early 2020s (modern aesthetic),"Contrasting gender signifiers, thigh-highs, pleated skirts,maidoutfits, animal ears (cat/bunny), chokers, fluffy hair","Pink, purple, white, pastels, black (for contrast)","Effeminacy, gender play/fluidity, innocence, softness, hyper-sexualized presentation (sometimes)",,1990.0,2020.0
Femcel,Femcel_(anime_subculture),https://aesthetics.fandom.com/wiki/Femcel_(anime_subculture),"['Animecore', 'Cutegore', 'Doomer', 'Glitchbreak', 'Indie', 'Jirai_Kei', 'Lolicore', 'Waif']",Early 2020s,"2000s anime and technology, nihilistic captions, ""loser girl"" trope, cluttered rooms (resembling hoarding disorder), romanticization of ""hikikomori"" lifestyles",,"Social isolation, nihilism, manipulation, interest in taboo topics, romanticization of mental illness","erial Experiments Lain, WataMote, Neon Genesis Evangelion, Azumanga Daioh, Cowboy Bebop",2020.0,2020.0
Femme Fatale,Femme_Fatale,https://aesthetics.fandom.com/wiki/Femme_Fatale,"['Coquette', 'Baddie', 'Boujee', 'Bubblegum_Bitch', 'Cherry_Emoji_Twitter', 'Film_Noir', 'Mafia_Aesthetic', 'Mob_Wife', 'Spy_Fiction', 'Old_Hollywood', 'Pin-up']",1940s,"Mystery, intelligence, beauty, seduction, power","Red, black, dark green, dark blue, metallic tones","Enticement, scheming, heartlessness, lust",,1940.0,1940.0
Fetish Goth,Fetish_Goth,https://aesthetics.fandom.com/wiki/Fetish_Goth,"['Berlin_Techno_Fashion', 'Bondage', 'Goth', 'Cybergoth', 'Industrial', 'Punk', 'Rivethead']",1990s,"Leather, latex, PVC, corsets, harnesses, chokers (especially O-rings), fishnets, chains, spikes, platform boots","Black, red, silver","Self-expression, confidence, sexual empowerment, transgression, dark glamour",,1990.0,1990.0
Figuration Narrative,Figuration_Narrative,https://aesthetics.fandom.com/wiki/Figuration_Narrative,"['New_Figuration', 'Nouveau_R%C3%A9alisme', 'Pop_Art', 'Social_Realism', 'Urbancore']",1960s,"Streets, anonymity, human figures, urban landscapes, political imagery, social commentary, everyday scenes, comic book influences, film stills","Bold colors, contrasting hues","Storytelling, freedom of expression, rebellion, anti-consumerism, social critique",,1960.0,1960.0
Film Noir,Film_Noir,https://aesthetics.fandom.com/wiki/Film_Noir,"['After_Hours', 'Femme_Fatale', 'French_New_Wave', 'Mafia_Aesthetic', 'Pin-up', 'Spy_Fiction', 'Heistcore', 'Wartime_Austerity']",1930s,"Violence, sex, mystery","Black, grey, white","Pessimism, sexuality, corruption",,1930.0,1930.0
Fisherman Aesthetic,Fisherman_Aesthetic,https://aesthetics.fandom.com/wiki/Fisherman_Aesthetic,"['Coastal_Grandmother', 'Dark_Nautical', 'Eclectic_Grandpa', 'Nautical']",2020s,"Nautical themes, cable-knit textures, stripes, marine life (sardines, lobsters, fish), fishing gear (nets, lines) reimagined","Navy blue, red, cream, charcoal gray, earthy tones (greens, beiges), bright rainwear colors","Comfort, practicality, laid-back attitude, connection to nature, understated chic","acques Cousteau documentaries, The Life Aquatic with Steve Zissou (Wes Anderson film), The Lighthouse (2019 film)",2020.0,2020.0
Fitness Splatter,Fitness_Splatter,https://aesthetics.fandom.com/wiki/Fitness_Splatter,"['Avantropop', 'Colorful_Pop', 'Hands_Up', 'Hexatron', 'Vectordelia']",2010s,"Shattered vector polygons, ink splatters, neon CMYK color palettes, directional speed lines, deconstructed human figures, grunge textures","Cyan, magenta, yellow, lime green, black, white","High energy, physical transformation, speed, intensity, commercial appeal","avemania Speed, Zumba marketing, gym flyers, unofficial YouTube ""Hands Up"" music uploads",2010.0,2010.0
Fjortis,Fjortis,https://aesthetics.fandom.com/wiki/Fjortis,"['Chav', 'Gyaru', 'Hands_Up', 'McBling', 'Partille-Johnny', 'Scene']","1990s (term), 2000s (aesthetic peak)","Idominsalva (white ointment), jawline foundation lines (""Fjortisrand""), push-up bras, oversized hoodies, cheap cider/energy drinks","Neon pink, orange (fake tan), white (lips), bleach blonde, black","Popularity, social status, partying, conformity, hyper-femininity (for women)","layahead, LunarStorm, Bilddagboken (social media), Fjortisdunk (music)",1990.0,2000.0
Flaite,Flaite,https://aesthetics.fandom.com/wiki/Flaite,"['Cani', 'Cumbiero', 'Gangsta_Rap', 'Pokem%C3%B3n', 'Reggaetonero']",1990s,"Sportswear (Nike, Adidas), ""Sopaipilla"" haircut, oversized or skinny jeans (era dependent), bling-bling, soccer jerseys","White, black, neon accents, denim blue","Choreza (toughness), consumerism, loyalty, rebellion against hierarchy","ash & Cangri,Perla,El Reemplazante",1990.0,1990.0
Flamenco,Flamenco,https://aesthetics.fandom.com/wiki/Flamenco,['Majismo'],Late 18th century (modern-day form),"Polka dots, floral patterns (especially roses), shawls, fans, castanets","Red, black, white; accent colors of gold, yellow, green","Emotional expression, cultural heritage, artistic virtuosity","arlos Saura's Flamenco trilogy (Bodas de Sangre, Carmen, El Amor Brujo), Flamenco, Flamenco",1700.0,1800.0
Flapper,Flapper,https://aesthetics.fandom.com/wiki/Flapper,"['Americana', 'Art_Deco', 'Electro_Swing', 'Gar%C3%A7onne', 'Modernism', 'Old_Hollywood', 'Roaring_20s', 'Vintage', 'Weimar_Cabaret']",1920s,,"Black, beige, brown, and white mixed with Deco brights in violet, jade and metallics",FreedomConsumer culture,,1920.0,1920.0
Flat Design,Flat_Design,https://aesthetics.fandom.com/wiki/Flat_Design,"['Corporate_Memphis', 'Bauhaus', 'Claymorphism', 'Cyberminimalism', 'Cyberprep', 'Cyberpunk', 'Frutiger_Aero', 'Gen_X_Soft_Club', 'Glassmorphism', 'International_Typographic_Style', 'Memphis_Design', 'Minimalism', 'Neubrutalism', 'Neumorphism', 'Plakatstil', 'Skeuomorphism', 'Vectordelia', 'Vectorheart', 'Y2K_Futurism']",2010s,"Current technology, visual organization and cleanliness, simplistic design","White, light grey, light blue, light green",,,2010.0,2010.0
Fleischer Style,Fleischer_Style,https://aesthetics.fandom.com/wiki/Fleischer_Style,"['Art_Deco', 'Electro_Swing', 'Streamline_Moderne', 'Surrealism']",1920s–1930s,"Elastic and fluid character movement, surreal and bizarre gags, gritty urban settings, visible sound effects; anthropomorphic characters with simplified anatomy, musicality, often ""pie-eyed"" characters",Predominantly grayscale; early limited use of vibrant colors,"Whimsy, dark humor (at times), experimental animation, expressive motion","etty Boop, Popeye the Sailor, Koko the Clown, Bimbo (characters/series); early Mickey Mouse and Oswald the Lucky Rabbit cartoons (for shared rubber hose technique)",1920.0,1930.0
Flogger,Flogger,https://aesthetics.fandom.com/wiki/Flogger,"['Scene', 'Bloghouse', 'New_Rave', 'Indie_Sleaze', 'Emo', 'Jejemon', 'Colorido']",Mid-to-late 2000s,"Side-swept hair covering one eye, colorful skinny jeans, v-neck t-shirts, Converse-style sneakers, photo poses with peace signs","Bright, often neon, colors (pink, green, yellow, turquoise)","Internet popularity, social networking, fashion, self-documentation, friendship",,2000.0,2000.0
Flower Power,Flower_Power,https://aesthetics.fandom.com/wiki/Flower_Power,"['Bohemian', 'Corporate_Hippie', 'Ethereal', 'Freakbeat', 'Sunshine_Pop', 'Groovival', 'Hippie', 'Madchester', 'Mid-Century_Medieval', 'Peacock_Revolution', 'Psychedelia', 'Vintage']",1960s,"Flowers, lush gardens, pastoral","Red, yellow, blue","Non-violence, utopianism",,1960.0,1960.0
Folk Horror,Folk_Horror,https://aesthetics.fandom.com/wiki/Folk_Horror,"['Catholic_Horror', 'Cottagegoth', 'Devilcore', 'Gloomcore', 'Haunted_Mound', 'Horror', 'Southern_Gothic']",1970s,"cults, demons, urban legends, ghosts, animal masks/skins, rituals, darkness and shadows, goblins, isolated areas, paganism, rural land","muted earthly tones, black, white","religion, belief, fear of the unknown, superstition vs modernity","he Wicker Man, Witchfinder General, The Blood on Satan's Claw, Midsommar",1970.0,1970.0
Folk Punk,Folk_Punk,https://aesthetics.fandom.com/wiki/Folk_Punk,"['Crustpunk', 'Punk', 'Forestpunk', 'Gutter_Punk', 'Hippie', 'Hipster', 'Goblincore']",1970s,"Anarchy, Rebellion, Freedom, Being down to earth","Earthly colors like gray and brown, Black, White","Do It Yourself-ethic, freedom, being true to oneself, left leaning politics",,1970.0,1970.0
Forestpunk,Forestpunk,https://aesthetics.fandom.com/wiki/Forestpunk,"['Cabincore', 'Cottagecore', 'Cryptidcore', 'Dark_Naturalism', 'Gloomcore', 'Goblincore', 'Mori_Kei', 'Mossy', 'Mushroomcore', 'Naturecore', 'Neofolk', 'Northerness']",2010s,"Dense forests, fog, rivers, bushcraft, foraging, camping, wildlife (deer, crows), cabins, bonfires","Earth tones (dark green, brown, grey), black, muted reds","Nature conservation, self-sustainability, anti-consumerism, wilderness, resilience, primal connection,DIY ethos",,2010.0,2010.0
Four Colors,Four_Colors,https://aesthetics.fandom.com/wiki/Four_Colors,"['Bright_Tertiaries', 'Corporate', 'Dollar_Store_Vernacular', 'Figuration_Narrative', 'Flat_Design', 'Frutiger_Aero', 'McBling', 'Old_Web', 'Pop_Art', 'Superflat_Pop', 'Technozen', 'UrBling', 'Vectordelia']",2000s,,"Electric lime, sky blue, hot pink, neon orange (Primary)Others (Accents)",Personalization,Pod promotional poster,2000.0,2000.0
Frasurbane,Frasurbane,https://aesthetics.fandom.com/wiki/Frasurbane,"['//cari.institute/aesthetics/austurbane', 'Bon_Chic,_Bon_Genre', 'Corporate_Grunge', 'Corporate_Memphis', 'Earth_Tones', '//cari.institute/aesthetics/eco-beige', 'Factory_Pomo', 'Festival_Marketplace', 'Global_Village_Coffeehouse', 'Grunge', 'Utopian_Scholastic', 'Memphis_Design', 'Mission_School', '//cari.institute/aesthetics/neoclassical-pomo', 'Tuscan_Rustic', 'Vaporwave']",1990s,,"Brown, grey, beige, white, black, tan, primary and secondary colors (often greens, blues and yellows)",,,1990.0,1990.0
Frazzled English Woman,Frazzled_English_Woman,https://aesthetics.fandom.com/wiki/Frazzled_English_Woman,"['Britpop', 'Clean_Girl', 'Coastal_Grandmother', 'Cottagecore', 'Fisherman', 'Indie_Sleaze', 'Whimsy_Twee', 'Y2K']",2020s (drawing inspiration from the early 2000s),"Layered knitwear, midi skirts, flared jeans, tailored shirts, oversized trench coats, knee-high boots, loafers, claw clips, messy updos, skinny scarves, large practical bags","Neutral tones (browns, beiges, greys), soft greens, occasional pops of color (e.g., from opaque tights)","Embracing imperfection, comfort, authenticity, practicality, a sense of wit and relatability","ridget Jones's Diary, Love Actually, The Holiday",2000.0,2020.0
French Girl,French_Girl,https://aesthetics.fandom.com/wiki/French_Girl,"['Bon_Chic_Bon_Genre', 'Chic_Modernist', 'French_New_Wave', 'Y%C3%A9-y%C3%A9']",1950s,"Red lipstick, Breton stripes, trench coats, ballet flats, basket bags, messy fringe (bangs), cigarettes (a marketing tactic by the tobacco industry)","Neutral palette (black, white, beige, navy), with a pop of red","Effortlessness (nonchalance), natural beauty, intellectualism, confidence, minimalism, romanticism",,1950.0,1950.0
French Girly,French_Girly,https://aesthetics.fandom.com/wiki/French_Girly,"['Balletcore', 'Girly_(Japanese)', 'Larme_Kei', 'Pink_Parisian', 'Rococo', 'Jirai_Kei']",late 2010s,"Vintage French architecture, roses, girly fashion","Pink, beige, white, black",,mily in Paris,2010.0,2010.0
French New Wave,French_New_Wave,https://aesthetics.fandom.com/wiki/French_New_Wave,"['Film_Noir', 'Mod', 'Modernism', 'Post-Punk', 'Realism', 'Y%C3%A9-y%C3%A9']",Late 1950s,"Natural lighting, location shooting, handheld filming, jump cuts, improvisation",Greyscale,"Auteur theory, realism, innovation, rebellion, cinephilia",,1950.0,1950.0
French Provincial Style,French_Provincial_Style,https://aesthetics.fandom.com/wiki/French_Provincial_Style,"['Cottagecore', 'Country', 'Gustavian']",17th-18th Century,"Natural materials, toile, floral patterns, cabriole legs, arched doorways","Warm neutrals, muted tones, gold accents","Rustic elegance, comfort, simplicity",,1600.0,1800.0
Frogcore,Frogcore,https://aesthetics.fandom.com/wiki/Frogcore,"['Cottagecore', 'Goblincore', 'Mushroomcore', 'Naturecore', 'Mossy', 'Forestpunk', 'Wholesome_Meme']",Late 2010s,"Frogs, toads, lilypads, ponds, rain, mushrooms, moss, snails","Moss green, brown, sage, muted earth tones","Wholesomeness, acceptance, comfort, connection to nature, gentleness","rog and Toad (book series), Amphibia, Animal Crossing",2010.0,2010.0
Frutiger Aero,Frutiger_Aero,https://aesthetics.fandom.com/wiki/Frutiger_Aero,"['Abstract_Tech', 'Bright_Tertiaries', 'Chromecore', 'Cleancore', 'Cyberprep', 'Dollar_Store_Vernacular', 'Flat_Design', 'Gen_X_Soft_Club', 'Glassmorphism', 'Hexatron', 'Hands_Up', 'Recession_Pop', 'Retrofuturism', 'Seapunk', 'Silicon_Dreams', 'Skeuomorphism', 'Solarpunk', 'Superflat_Pop', 'TechnoNeko2000', 'Tranquil_Spa_Graphics', 'Trillwave', 'Tropical', 'Vaporwave', 'Vectordelia', 'Vectorflourish', 'Webcore', 'Y2K_Futurism']",2000s,"Skeuomorphism, glossy textures, ""Humanism"", use of nature, bokeh, bubbles, Frutiger fonts, glass, auroras","Blue, green, white, tertiary colours",,,2000.0,2000.0
Frutiger Eco,Frutiger_Eco,https://aesthetics.fandom.com/wiki/Frutiger_Eco,"['Abstract_Tech', 'Bright_Tertiaries', 'Cleancore', 'Cyberprep', 'Dark_Aero', 'DORFic', 'Frutiger_Aero', 'Hexatron', 'Solarpunk', 'Vectorbloom']",Mid 2000s-Mid 2010s,"Solar panels, Earth imagery (usually edited to be green), trees   and plants, water, futuristic architecture","Green, teal, white, dark blue, yellow","Nature, sustainability, futurism",ALL-E (2008)The Lorax (2012),2000.0,2010.0
Funfair Kitsch,Funfair_Kitsch,https://aesthetics.fandom.com/wiki/Funfair_Kitsch,"['Carson_Dellosa_Art_Style', 'Casino', 'Dollar_Store_Vernacular', 'Fanfare', 'Lowbrow', 'Pop_Art', 'Shanzhai']",1970s (industrial standardization),"Airbrushed gradients, pop culture iconography (copyright infringement), wide-eyed mascots, bootleg cartoons, RGB LED matrices, hydraulic arms, fiberglass shells, ""Big Apple"" motifs, checkered flags","Neon pink, electric blue, high-visibility yellow, fluorescent green","High visibility, transience, sensory overload, hyper-consumerism, safety-washing, commercial extraction, distraction architecture",,1970.0,1970.0
Funk,Funk,https://aesthetics.fandom.com/wiki/Funk,"['Afrofuturism', 'Bohemian', 'Disco', 'Future_Funk', 'Glam_Rock', 'Hippie', 'Maximalism', 'Mod', 'Pop_Art', 'Psychedelia', 'Vectordelia']",1960s,"Flared silhouettes, platform footwear, psychedelic patterns, Afro hairstyles, sequins, velvet, bold geometric designs","Bright primary colors, neon hues, vibrant purples, oranges, blues, golds, earth tones (later in 1970s)","Self-expression, individuality, cultural pride, liberation, energetic movement, rebellion against convention","haft, Super Fly, Car Wash",1960.0,1960.0
Furry,Furry,https://aesthetics.fandom.com/wiki/Furry,"['Kidcore', 'Neko', 'Pastel_Gore', 'Puppygirl', 'Raver', 'Scene']",1980s,Anthropomorphic animals and fursuits,"Pastel, bright colours","Positivity, Unwavering Acceptance, Sexual Diversity, Cheerfulness, Frivolity",,1980.0,1980.0
Future Funk,Future_Funk,https://aesthetics.fandom.com/wiki/Future_Funk,"['City_Pop', 'Disco', 'Kawaii', 'New_Wave', 'Synthwave', 'Vaporwave']",2010s,"Looped anime GIFs, VHS degradation, neon typography, Japanese bubble economy imagery, disco lights, spinning vinyl, cassette tapes","Neon pink, cyan, violet, magenta, yellow","Hedonism, escapism, nostalgia, retrofuturism, energy","rusei Yatsura, Sailor Moon, Kimagure Orange Road, Interstella 5555",2010.0,2010.0
Futurism,Futurism,https://aesthetics.fandom.com/wiki/Futurism,"['Art_Deco', 'Constructivism', 'Cubism', 'Dadaism', 'Surrealism', 'Vorticism']",1909 - 1944,"Speed, technology, youth, violence, industry, cars, airplanes, ""lines of force""","Bright, vibrant, and jarring colors","Progress, destruction of the past, originality, dynamism, mechanization, patriotism, glorification of war",,1909.0,1944.0
Gabber,Gabber,https://aesthetics.fandom.com/wiki/Gabber,"['Rave', 'New_Beat', 'Acid_House', 'Skinhead', 'T%C3%A4nzelcore', 'Wixa']",Early 1990s,"Shaved heads, tracksuits (especially Australian L'Alpina), bomber jackets, Nike Air Max sneakers, the Hakken dance",Varies by sportswear brand,"Working-class pride, hedonism, intensity, community (""friendship""), anti-pretension,DIY ethic",,1990.0,1990.0
Galaxy Print,Galaxy_Print,https://aesthetics.fandom.com/wiki/Galaxy_Print,"['2010s_Meme_Maximalism', '2010s_Summer_Nostalgia', 'Hipster', 'Indie_Sleaze', 'Pastel_Goth', 'Positivity_Kawaii', 'Spacecore', 'Unicorncore']",Early 2010s,"Nebulas, stars, constellations, cosmic imagery, hipster mustaches, unicorns, aliens, Tumblr Girl, anime characters, dreamcatchers","Deep purples, blues, pinks, often with bright neon accents","Creativity, individuality, fun, online self-expression",,2010.0,2010.0
Ganguro,Ganguro,https://aesthetics.fandom.com/wiki/Ganguro,"['Gyaru', 'Kogal', 'Manba']",Mid-1990s,"Deep artificial tans, bleached hair (blonde/silver), heavy black eyeliner, white concealer (as lipstick/eyeshadow), platform boots, mini skirts, hibiscus flowers",Vibrant and neon colors contrasted with the dark tan,"Rebellion, non-conformity, rejection of traditional beauty standards, fun, club culture",gg MagazinePopteen MagazineEgo System,1990.0,1990.0
Garçonne,Gar%C3%A7onne,https://aesthetics.fandom.com/wiki/Gar%C3%A7onne,"['Art_Deco', 'Flapper', 'Roaring_20s', 'Weimar_Cabaret']",1920s,"Bobbed hair, flattened chest silhouette, tailored suits, trousers, simple dresses, cloche hats","Often neutral tones (black, white, gray, beige), with a pop of red lipstick","Androgyny, independence, modernity, rejection of traditional femininity, freedom of movement",,1920.0,1920.0
Gardencore,Gardencore,https://aesthetics.fandom.com/wiki/Gardencore,"['Cottagecore', 'Goblincore', 'Green_Academia', 'Fairycore', 'Salvagepunk']",Mid 2000s,"Gardens and PlantlifeUpcycled materials and junkDirt, soil, and compostRoots and twigsRustic designGardening toolsBugs and small animals","Earthy tones (green, blue, brown, beige, orange, yellow)Rustic tones (brown, silver, gray, orange)",Eco-consciousnessCommunityPracticalityHardworking mindsetHealth and well-being,"irtgirlworld (TV show, 2009-2010)Marcel The Shell With Shoes On, Three (short web film, 2014)The Secret World Of Arietty (movie, 2010)",2000.0,2000.0
Gay Nineties Revival,Gay_Nineties_Revival,https://aesthetics.fandom.com/wiki/Gay_Nineties_Revival,['Soft_Colonial_Wanderlust'],1960s,"Ferns, fake Tiffany lamps, brass and gold accents with medium-stained oak woods, ""old timey"" letter fonts","Brown, orange, old gold",,,1960.0,1960.0
Gaucho,Gaucho,https://aesthetics.fandom.com/wiki/Gaucho,"['Western', 'Country', 'Prairie']",18th Century,"Poncho, facón (knife), bombachas de campo (trousers), boleadoras, horses, mate gourd, open plains (Pampas)","Earthy tones, muted reds and blues, black, white","Independence, freedom, bravery, self-reliance, equestrian skill, national pride",,1700.0,1800.0
Geek Chic,Geek_Chic,https://aesthetics.fandom.com/wiki/Geek_Chic,"['Dark_Academia', 'Light_Academia', 'Indie_Sleaze', 'Office_Siren', 'Preppy', 'Scene', 'Twee']",Mid-2000s,"Thick horn-rimmed glasses, sweater vests, argyle patterns, button-down shirts, bow ties, suspenders",,"Intelligence as fashion, irony, nostalgia (for school uniforms), subverting stereotypes",,2000.0,2000.0
Genderless Kei,Genderless_Kei,https://aesthetics.fandom.com/wiki/Genderless_Kei,"['Androgynous', 'Kawaii', 'Soft_Boy', 'Visual_Kei']",2010s,"Androgyny, makeup on men, colored contact lenses, dyed hair, slim silhouettes, delicate accessories","Varies, often includes pastels or monochromatic palettes","Freedom of expression, anti-conformity, beauty over gender, individuality",,2010.0,2010.0
Gen X Soft Club,Gen_X_Soft_Club,https://aesthetics.fandom.com/wiki/Gen_X_Soft_Club,"['Britpop', 'Corporate_Grunge', 'Flat_Design', 'Frutiger_Aero', '//aesthetics.fandom.com/wiki/Gen-Z_Soft_Club', 'Global_Village_Coffeehouse', 'Grunge', 'Lo-Fi', 'Metalheart', 'Milipili', 'Hexatron', 'Abstract_Tech', '//cari.institute/aesthetics/millennium-disco', 'Minimalism', 'Mission_School', 'Neubrutalism', 'Raver', 'Shibuya_Punk', 'Supergraphic_Ultramodern', '//cari.institute/aesthetics/ultramodern-revival', 'Groovival', 'Rivethead', 'Technozen', 'UrBling', 'Vectorheart', 'Y2K_Futurism', '//cari.institute/aesthetics/zen-x']",1990s,"Y2K-era vector graphics, Helvetica fonts, metro/train stations, airports, urban architecture/cityscapes, lomo lens effects, color filters, blurring, bloom, bokeh, vignettes","Natural and muted colors such as greens, blues, beiges, tans and greys/black","A more natural, softer look into 90s/2000s futurism, with an urban twist.",,1990.0,1990.0
Gen Z Maximalism,Gen_Z_Maximalism,https://aesthetics.fandom.com/wiki/Gen_Z_Maximalism,"['2020_TikTok', 'Avant_Basic', 'Decora', 'Dopamine', 'Grocery_Girl_Fall', 'Kidcore', 'Memphis_Design', 'Scene']",2020s,,"All of them, but highly saturated","Clutter, maximalism, use of various highly saturated colors","ikTok, Pinterest, Possible Studio Ghibli movies",2020.0,2020.0
Gen Z Soft Club,Gen_Z_Soft_Club,https://aesthetics.fandom.com/wiki/Gen_Z_Soft_Club,"['Neo-Y2K', 'Gen_X_Soft_Club']",nan,,"Green, blue, white",,,,
Geo-Boho,Geo-Boho,https://aesthetics.fandom.com/wiki/Geo-Boho,"['Boho-Chic', '//cari.institute/aesthetics/eco-beige', 'Hipster', 'Tranquil_Spa_Graphics', 'Technozen', 'Global_Village_Coffeehouse']",Early 2010s,"Triangular grids, Native American imagery, New Age imagery, lo-mo filters, line-based vector graphics",beiges and muted colors,,,2010.0,2010.0
Ghostcore,Ghostcore,https://aesthetics.fandom.com/wiki/Ghostcore,"['Cottagegore', 'Cryptidcore', 'Dark_Naturalism', 'Ethereal', 'Goth', 'Goblincore', 'Gloomcore', 'Horror', 'Succubus_Chic', 'Weirdcore']",2010s,"Ghosts, cemeteries, dark rustic atmospheres, sheets, haunted houses, abandoned places, discomforting modeling positions, unexplainable phenomena involving photos of ghosts, grainy photos, silence","Black, white, muted natural colors","Individual freedom, expression, feeling formless and otherworldly, hauntings, the occult, humour","orpse Party, Tokyo Ghoul, Deadman Wonderland",2010.0,2010.0
Gibson Girl,Gibson_Girl,https://aesthetics.fandom.com/wiki/Gibson_Girl,"['Art_Nouveau', 'Edwardian']",1890s,"S-bend corset silhouette, pompadour/bouffant hairstyle, shirtwaists, long skirts, large hats",Primarily black and white (as per the illustrations),"Independence, confidence, athleticism, femininity, sophistication, an idealized modernity",,1890.0,1890.0
Girl Crush,Girl_Crush,https://aesthetics.fandom.com/wiki/Girl_Crush,"['Rebels', 'Cyber_Grunge', 'Hallyu', 'Hip-Hop', 'Punk', 'Rave', 'Techwear', 'Avant_Apocalypse', 'Tomboy', 'Urbancore']",Early 1990s (initial elements)Late 2000s (formalization),"Strong female stage presence, powerful choreography, assertive lyrics, mature themes, unconventional styling, hoydenish/androgynous elements","Dark tones, black, red, silver, neon accents","Confidence, female empowerment, independence, charisma, boldness,subversionof traditional gender roles","usic videos by groups like 2NE1, BLACKPINK, EVERGLOW, (G)I-DLE, MAMAMOO",1990.0,2000.0
Girls' Sleepover,Girls%27_Sleepover,https://aesthetics.fandom.com/wiki/Girls%27_Sleepover,"['Basic_Girl', 'Coquette', 'Tweencore']",1950s,"Bedrooms, self-care, junk food","Pink, white, any color","Friendship, coming-of-age",,1950.0,1950.0
Girly Kei,Girly_Kei,https://aesthetics.fandom.com/wiki/Girly_Kei,"['Dollcore', 'French_Girly', 'Gyaru', 'Jirai_Kei', 'Kawaii', 'Kuromicore', 'Larme_Kei', 'Lolita', 'Mote_Kei', 'Wota', 'Soft_Girl']",1990,"Femininity, frills, light colors, flowers, bows",Depends on the substyle,,,1990.0,1990.0
Giscardpunk,Giscardpunk,https://aesthetics.fandom.com/wiki/Giscardpunk,"['Brutalism', 'Cassette_Futurism', 'Cyberpunk', 'Modernism', 'Pixel_UI', 'Politicalwave', 'Retrofuturism', 'Webcore']",2010s,"Brutalistarchitecture, the TGV, the Minitel, the Concorde, general infrastructure, nuclear energy, CRT computers, retro advertisements, nuclear power, cars, analogue technology","Blue, grey, orange","French modernist movement, alternate history, technological and social progress, social and economic liberalism, industry, pro-nuclear-power movement, empowerment of France, nostalgia for 1970s and 1980s",,2010.0,2010.0
Glam Rock,Glam_Rock,https://aesthetics.fandom.com/wiki/Glam_Rock,"['Burlesque', 'Rocker_Grrl_Diva', 'Camp', 'Deathrock', 'Goth', 'Hair_Metal', 'Metal', 'New_Romantic', 'Post-Punk', 'Punk', 'Trad_Goth', 'Visual_Kei']",1970-1976,"Loud classic rock music, big boots, 70's over the top clothing, drugs, makeup, androgyny",Any and all colors,"Sexuality, fashion, rock music, androgyny",,1970.0,1976.0
Glasgow Style,Glasgow_Style,https://aesthetics.fandom.com/wiki/Glasgow_Style,"['Aestheticism', 'Art_Nouveau', 'Arts_and_Crafts_Movement', 'Celtic_Revival', 'Japonisme', 'Symbolism']",1890s-1910s,"The Glasgow Rose, elongated human forms, geometric lines, Celtic knots, Japanese-inspired motifs, symbolism","Muted palettes, purples, greens, ivory, silver, rose-pink","Symbolism, spiritualism, aestheticism, artistic collaboration, integrated design",,1890.0,1910.0
Glassmorphism,Glassmorphism,https://aesthetics.fandom.com/wiki/Glassmorphism,"['Claymorphism', 'Flat_Design', 'Frutiger_Aero', 'Neumorphism', 'Skeuomorphism']",2020s,"Translucency, background blur, frosted glass texture, light borders, vivid backgrounds","Transparent white, vivid gradients (blue, purple, pink)","Depth, hierarchy, modernity, seamlessness","acOS Tahoe, Windows 11, iOS 26",2020.0,2020.0
Glitch Art,Glitch_Art,https://aesthetics.fandom.com/wiki/Glitch_Art,"['Analog_Horror', 'Cyberpunk', 'Demoscene', 'Dreampunk', 'Glitchbreak', 'Glitchcore', 'Grime_Art', 'Hacker', 'Net.art', 'Vaporwave', 'Webcore', 'Weirdcore']",Mid-20th century (precursors); 1990s-2000s (as a distinct art movement),"Digital artifacts, data corruption, static, pixelation, color bleeding, fragmentation, noise",,"Embracing error and failure, randomness, critique of technology, deconstruction of media",,1900.0,2000.0
Glitchbreak,Glitchbreak,https://aesthetics.fandom.com/wiki/Glitchbreak,"['Cybercore', 'Femcel_Weeaboo', 'Glitch_Art', 'Glitchcore', 'Lolicore', 'Maidcore', 'Rave', 'Webcore', 'Y2K']",Late 2010s,"Amen break, atmospheric pads, glitchy anime artwork, melancholic or depressive themes, Y2K internet aesthetics","Muted palettes, purple, black, neons","Nostalgia, introspection, online identity, genre fusion",erial Experiments Lain,2010.0,2010.0
Glitchcore,Glitchcore,https://aesthetics.fandom.com/wiki/Glitchcore,"['2010s_Meme_Maximalism', 'Animecore', 'Early_Cyber', 'Glitch_Art', 'Glitchbreak', 'Hyperpop', 'Kidcore', 'Krushclub', 'Lolicore', 'Scenecore', 'Synthwave', 'Vaporwave']",2020s,,"Neon colors, bright contrasting colors",,,2020.0,2020.0
Global Village Coffeehouse,Global_Village_Coffeehouse,https://aesthetics.fandom.com/wiki/Global_Village_Coffeehouse,"['Bohemian', 'Cubism', 'Curly_Girly', 'Earth_Tones', '//cari.institute/aesthetics/eco-beige', 'Frasurbane', 'Lowbrow', 'Memphis_Design', 'Sepia_Blur', 'Mission_School', 'Neo-Pop', '//cari.institute/aesthetics/new-wave-tropical', '//cari.institute/aesthetics/nouveau-organic', '//cari.institute/aesthetics/pastel-southwestern', 'Soft_Colonial_Wanderlust', 'Utopian_Scholastic', 'Whimsicraft']",1980s,"Stylized tribal/ancient imagery (Kokopelli, spirals, hieroglyphs), earth tones, handcrafted textures (woodcuts, rough paper), nature motifs (suns, waves, trees)","Earth tones (brown, beige, terracotta, olive green), muted colors","Multiculturalism, geniality, ecology, inclusiveness, authenticity (often superficial)",,1980.0,1980.0
Gloomcore,Gloomcore,https://aesthetics.fandom.com/wiki/Gloomcore,"['Changelingcore', 'Cottagegore', 'Crowcore', 'Cryptidcore', 'Dark_Naturalism', 'Dreamcore', 'Goblincore', 'Liminal_Space', 'Mossy', 'Vulture_Culture']",nan,"Dull, clouded backgrounds; forests; seashores; rain, mist and fog; dilapidated structures.","Muted shades of green, brown, and grey.",Peace; liminality; enjoyment of solitude; love for all things mysterious and dark.,,,
Goblincore,Goblincore,https://aesthetics.fandom.com/wiki/Goblincore,"['Adventurecore', 'Cottagecore', 'Crowcore', 'Dragoncore', 'Earthcore', 'Mushroomcore', 'Green_Academia', 'Naturecore', 'Vulture_Culture', 'Witchcore', 'Cryptidcore']",2020s,"Clutter, dirt, flora, frogs, goblins, snails, mushrooms, candles, shiny jewels, bones, moss.","Earth tones such as dark green, light brown, dark brown, dark lime, black, and navy blue. (Sometimes)","Curiosity, diversity, imperfection, nature, maximalism.","tudio Ghibli films, The Spiderwick Chronicles",2020.0,2020.0
Golden Age of Detective Fiction,Golden_Age_of_Detective_Fiction,https://aesthetics.fandom.com/wiki/Golden_Age_of_Detective_Fiction,"['Old_Money', 'Dark_Academia', 'Gothic', 'Spy_Fiction']",1920s,"Suspense, violence, gentry,elegance",,,nd Then There Were None by Agatha Christie,1920.0,1920.0
Googie,Googie,https://aesthetics.fandom.com/wiki/Googie,[],Late 1940s,"Upswept and cantilevered roofs, starbursts, atomic models, chrome, geometric shapes, boomerangs, flying saucers, parabolas",,"Futurism, optimism, motion, Space Age wonder, commercialism",,1940.0,1940.0
Googie Kitsch,Googie_Kitsch,https://aesthetics.fandom.com/wiki/Googie_Kitsch,"['//cari.institute/aesthetics/diner-kitsch', '//cari.institute/aesthetics/pacific-punk-wave', 'Y2K', 'Wacky_Pomo', 'Retrofuturism', 'Raygun_Gothic']",late 1970s,"colorful George Nelson clocks, boomerang tables",,,,1970.0,1970.0
Gopnik,Gopnik,https://aesthetics.fandom.com/wiki/Gopnik,"['Chav', 'Communist_Chic', 'Dizela%C5%A1i', 'Dresiarz']",Late 1980s–1990s,"The ""Slav squat,"" Adidas tracksuits, sunflower seeds (семечки), vodka, hardbass music, Ushanka hats","Black, white, and blue (from tracksuits)","Working-class identity, street culture, collectivism/brotherhood, anti-establishment attitude",,1980.0,1990.0
Gorecore,Gorecore,https://aesthetics.fandom.com/wiki/Gorecore,"['Cannibalcore', 'Cutecore', 'Devilcore', 'Goth_Punk', 'Gurokawa', 'Horror', 'Meatcore', 'Pastel_Gore', 'Vampire', 'Weirdcore']",nan,"Blood, death, murder, slasher film imagery, violence, organs, bones, corpses, mutilated bodies","Red, black, white (often as a stark contrast), dark tones",,"appy Tree Friends, Pretty Blood, Mortal Kombat, People Playground, Gorebox",,
Goreweb,Goreweb,https://aesthetics.fandom.com/wiki/Goreweb,"['Digital_Horror', 'Haunted_Mound', 'HexD', 'Opium', 'Xpiritualism']",2020s,"LiveLeak watermarks, fake gore, thermal/night-vision filters, Oldboy (2003) references, Slam Metal typography, ""Cursed"" JPEGs, medical horror, Rick Owens ""Gimp"" circles","Blood red, bitcrushed black, thermal green, white","Shock value, aggression, desensitization, chaos, digital decay",,2020.0,2020.0
Gorpcore,Gorpcore,https://aesthetics.fandom.com/wiki/Gorpcore,"['Cabincore', 'Granola', 'Health_Goth', 'Lad_Culture', 'Naarmcore', 'Normcore', 'Techwear', 'Ultras']",2010s,"Utilitarianism, layering, technical fabrics, earthy and muted color palettes, comfort, durability, logos of outdoor brands","Earthy tones (brown, green, grey, khaki), black, white, with occasional bright pops (orange, yellow, blue, red)","Functionality, practicality, comfort, durability, preparedness, appreciation for nature (aestheticized)",,2010.0,2010.0
Goth,Goth,https://aesthetics.fandom.com/wiki/Goth,"['Cybergoth', 'Glam_Rock', 'Gothic', 'Industrial', 'Mallgoth', 'Metalhead', 'Minimal_Wave', 'Neofolk', 'New_Romantic', 'Post-Punk', 'Vampire', 'Darkest_Academia']",Late 1970s,"Gothicliterature, Victorian mourning aesthetics,horrorfilms,vampirelore, death and decay, romanticism, melancholia, religious and occult iconography","Black, dark jewel tones (deep purple, crimson, emerald green), white accents","Individualism, creativity, intellectualism, introspection, dark romanticism, anti-conformity",,1970.0,1970.0
Gothabilly,Gothabilly,https://aesthetics.fandom.com/wiki/Gothabilly,"['Deathrock', 'Goth', 'Rockabilly', 'Psychobilly', 'Pin-up']",Late 1970s (musical roots)1990s (aesthetic),"Skulls, bats, spiderwebs, cherries, leopard print, polka dots, classichorrormovie imagery","Primarily black and red, with accents of white, purple, and animal prints","Retro glamour, dark romanticism, campiness, macabre humor",,1970.0,1990.0
Gothic,Gothic,https://aesthetics.fandom.com/wiki/Gothic,"['Catholic_Horror', 'Darkest_Academia', 'Dark_Academia', 'Goth', 'Gothic_Architecture', 'Horror', 'Regional_Gothic', 'Romanticism', 'Vampire', 'Victorian']",Late 18th century (c. 1764),"Haunted castles, crumbling ruins, graveyards, the supernatural (ghosts, vampires), psychological distress, mystery, decay, wild landscapes, the sublime","Predominantly dark palette: black, grey, deep reds, and purples","Emotion over reason, appreciation for the sublime and terrifying, exploration of the dark side of human nature, fascination with the past and the supernatural","he Castle of Otranto, Frankenstein, Dracula, the poetry of Edgar Allan Poe, paintings by Caspar David Friedrich and Henry Fuseli",1700.0,1800.0
Gothic Architecture,Gothic_Architecture,https://aesthetics.fandom.com/wiki/Gothic_Architecture,"['Gothic', 'Italian_Renaissance', 'Manueline', 'Medieval', 'Modernisme', 'Mud%C3%A9jar', 'Romanesque', 'Southern_French_Gothic', 'Spanish_Golden_Age', 'Byzantine']",Late 12th century,"Pointed arches, rib vaults, flying buttresses, large stained glass windows, verticality, elaborate tracery","The effect of light and stained glass was used, encompassing a wide spectrum of colours within the interiors. Exterior stone often appeared in shades of gray and white.","Divine light, vertical aspiration towards God, structural innovation, communal expression of faith and civic pride",,1100.0,1200.0
Gothic Belly Dance,Gothic_Belly_Dance,https://aesthetics.fandom.com/wiki/Gothic_Belly_Dance,"['Ethnogoth', 'Goth', 'Steampunk']",1990s,"Belly dance costuming, dreadlocks, piercings, tribal tattoos, natural materials (bone, wood, stone), skulls, lace","Black, dark earth tones, deep reds, purple","Artistic expression, fusion, dance, primal energy, community",,1990.0,1990.0
Gothic Lolita,Gothic_Lolita,https://aesthetics.fandom.com/wiki/Gothic_Lolita,"['Aristocrat', 'Classic_Lolita', 'Goth', 'Lolita', 'Romantic_Goth', 'Sweet_Lolita', 'Victorian', 'Victorian_Goth', 'Visual_Kei']",1990s,"Crosses, bats, religious iconography, chandeliers, castles, coffins, deep red roses","Black, white, deep jewel tones (maroon, navy, crimson, purple)","Elegance, darkness, mystery, drama, Victorian-era aesthetics",,1990.0,1990.0
Goth Punk,Goth_Punk,https://aesthetics.fandom.com/wiki/Goth_Punk,"['Animecore', 'Emo', 'Glitter_Graphics', 'Goth', 'PEEPS', 'Punk', 'Visual_Kei']",late 1990s,,"Black, red, white",,,1990.0,1990.0
Graffiti Pop,Graffiti_Pop,https://aesthetics.fandom.com/wiki/Graffiti_Pop,"['Alternative', 'Gangsta_Rap', 'Grunge', 'Hip-Hop', 'B-Boy', '//www.are.na/evan-collins-1522646491/80s-90s-afrocentrism-style', '//www.are.na/evan-collins-1522646491/pacific-new-wave-punk', 'UrBling', 'Vectordelia', 'Memphis_Design', 'Memphis_Lite', 'Punk', 'Skate_Punk', 'Rave', 'Skater', 'Shibuya_Punk', '//www.are.na/evan-collins-1522646491/rad-dog-neon-surf-shack']",1980s,"Hip Hop, Murals, Tags on Brick Walls, Punk, Chain Link Fences, Street Lamps, General 'Urban Decay'","Red, Blue, White, Purple, Neon Green, Hot Pink","Street Culture, Punk Influence, Grungy Urban Life, Anti-Establishment Murals","ild Style (1983), Beat Street (1984), Video Music Box (1983-1996), Yo! MTV Raps (1988-1995), Krush Groove (1985), Rappin' (1985), Blondie - Rapture (1981) Music Video",1980.0,1980.0
Grandmacore,Grandmacore,https://aesthetics.fandom.com/wiki/Grandmacore,"['Coastal_Grandmother', 'Cottagecore', 'Eclectic_Grandpa', 'Peoplehood']",nan,"kindness, baking, knitting/crocheting, embroidery/sewing",,"kindness, love of kitsch, honing expertise, comfort, cosiness, altruism, wisdom, enjoying favorite activities","gatha Christie Novels, Radio Dramas, ""Murder, She Wrote"" (1984-96), Cozy Mysteries, Game Shows, ""The Golden Girls"" (1985-92), ""Steel Magnolias"" (1989), ""Knives Out"" (2019), Sherlock Holmes Stories",,
Grandmillennial,Grandmillennial,https://aesthetics.fandom.com/wiki/Grandmillennial,"['Grandparentcore', 'Coastal_Grandmother', 'Preppy', 'Sloanie', 'Cottagecore', 'Maximalism']",Late 2010s,"Floral chintz, ruffles, needlepoint, wicker and rattan, dark wood furniture, patterned wallpaper, pleated lampshades, fine china","Soft pastels (sage, light blue, pink) contrasted with traditional, richer colors","Nostalgia, tradition, comfort, timelessness, anti-minimalism, curated personal style",,2010.0,2010.0
Granola,Granola,https://aesthetics.fandom.com/wiki/Granola,"['Gorpcore', 'Cabincore', 'Hippie', 'Naturecore', 'Adventurecore', 'VSCO_Girl']",2010s,"Hiking, camping, national parks, reusable water bottles (Nalgene, Hydro Flask), fleece jackets, flannel shirts, Birkenstock sandals, durable backpacks","Earthy tones (brown, olive green, beige, terracotta), deep blues, muted colors","Environmentalism, sustainability, outdoor adventure, nature, authenticity, anti-materialism (in principle)",,2010.0,2010.0
Greaser,Greaser,https://aesthetics.fandom.com/wiki/Greaser,"['Americana', 'Bobby-Soxer', 'Guido', 'Halbstarke', 'Old_Hollywood', 'Punk', 'Raggare', 'Rockabilly']",1950s,"Pompadour hair, leather jackets or jean jackets, T-shirts, cuffed-up pants or denim pants, boots, feminine scarf, sunglasses, delinquency, youth, cigarettes, switchblades, souped-up cars, motorcycles","Black, white, red","Freedom, enjoying life, chilling out with friends, self-defense, bravery, gang loyalty, family, rejection of societal norms or mainstream culture, anti-capitalism, democratic socialism/anarchism","ry-Baby, Grease, The Outsiders",1950.0,1950.0
Green Academia,Green_Academia,https://aesthetics.fandom.com/wiki/Green_Academia,"['Campcore', 'Dark_Academia', 'Earthcore', 'Light_Academia', 'Naturecore', 'Plant_Mom', 'Vulture_Culture']",2020s,"Books, skulls, fossils, ink and quill","Shades ofgreen,cyan,brown, beige, gold","Curiosity, education, nature, environmentalism",,2020.0,2020.0
Grime Art,Grime_Art,https://aesthetics.fandom.com/wiki/Grime_Art,"['Caricaturism', 'Glitch_Art', 'Psychedelia', 'Surrealism']",Mid-2010s,"Dripping/melting slime, exaggerated features, cartoonish gore, vibrant colors, zombie-like details","Bright pinks, blues, greens, yellows, purples","Grotesque transformation, anti-beauty, surrealism, digital manipulation",,2010.0,2010.0
Grindhouse,Grindhouse,https://aesthetics.fandom.com/wiki/Grindhouse,"['Gangsta_Rap', 'Horror', 'UrBling', 'Vintage']",1970s,"The unfulfilled American dream, low-budget effects, problematic characters","Gritty, moody",Social Commentary,,1970.0,1970.0
Grocery Girl Fall,Grocery_Girl_Fall,https://aesthetics.fandom.com/wiki/Grocery_Girl_Fall,"['Autumn', 'Camp', 'Cottagecore', 'Dopamine', 'Foodie', 'Gen_Z_Maximalism', 'Juminocore', 'Kidcore', 'Maillard_Style', 'Maximalism', 'Neo-Pop', 'Tomato_Girl_Summer', 'Trinketcore', 'Whimsigothic']",2020s,"Food-shaped objects, food-inspired prints, whimsical accessories, bright colors, hyperrealistic food items","Red, yellow, green, pink","Playfulness, joy, creativity, self-expression, humor",,2020.0,2020.0
Groovival,Groovival,https://aesthetics.fandom.com/wiki/Groovival,"['Acid_House', 'Art_Hoe', 'Barbiecore', 'Beatnik', 'Bubbleglam', 'Cool_Britannia', 'Corporate_Hippie', 'Curly_Girly', 'Cyberdelia', 'Disco', 'Earth_Tones', 'Flower_Power', 'Gen_X_Soft_Club', 'Googie', 'Hippie', 'Kidcore', 'Madchester', 'McBling', 'Mid-Century_Medieval', 'Mid-Century_Modern', 'Mod', 'Parisian_Girly', 'Pop_Art', 'Psychedelia', 'Rave', 'Shoe_Diva', 'Space_Age', 'Shibuya-Kei', 'Tweencore', 'Vectordelia', 'Y2K_Futurism']",1980s,"Mismatched decades, flower power,Acid House, girl power, neo-psychedelic,  vibrant bright colours, Hippie revisionism, 60s spy-chic, corporate nostalgia of the 60s and 70s","Yellow, pink, baby blue, purple, white, green","Nostalgia, 20–30-year nostalgia cycle, Boomer revisionism, nostalgic satire","eee-Lite - Groove Is in the Heart, Rusted Root - Send Me on My Way, Now and Then (1995), Austin Powers International Man of Mystery (1997)",1980.0,1980.0
Grunge,Grunge,https://aesthetics.fandom.com/wiki/Grunge,"['Alternative', 'Graffiti_Pop', 'Metalhead', 'Punk', 'Indie', 'Sepia_Blur', 'Indie_Sleaze', 'Heroin_Chic']",1980s,"Flannel shirts, ripped jeans, band t-shirts, Doc Martens, oversized sweaters, long unkempt hair","Earthy and muted tones: brown, army green, grey, burgundy, faded denim","Anti-consumerism, authenticity, apathy, rebellion, social alienation, angst","ingles (1992 film), Hype! (1996 documentary)",1980.0,1980.0
Guido,Guido,https://aesthetics.fandom.com/wiki/Guido,"['Baddie', 'Bimbocore', 'Chav', 'Disco', 'Greaser', 'McBling', 'Partille-Johnny', 'Post-Grunge_Maximalism']",1970s,"Gym, tanning, laundry (GTL), gold chains, rosaries, Italian flags, luxury cars, nightclubs, designer brands","Varies, often features bold colors, animal prints, and the colors of the Italian flag (red, white, green)","Italian-American pride, masculinity (machismo), vanity, group loyalty, conspicuous consumption",,1970.0,1970.0
Gulf Futurism,Gulf_Futurism,https://aesthetics.fandom.com/wiki/Gulf_Futurism,"['Afrofuturism', 'Futurism', 'Indigenous_Futurisms']",2008,"skyscrapers, petroleum industries, Arabian Gulf traditional ornaments",,"Hypermodernity, paradox of prosperity, globalization, surrealism",,2008.0,2008.0
Guochao,Guochao,https://aesthetics.fandom.com/wiki/Guochao,"['Neo-Chinese_Style', 'Romantic_Chinese_Village', 'Too_Cool', 'Ethno-Chic']",2018,"Traditional Chinese cultural elements, Chinese historical styles, domestic brands, modern interpretation of heritage, national symbols, intangible cultural heritage","Red, vibrant colors, traditional Chinese palettes","National pride, cultural confidence, support for domestic brands, rediscovering tradition, authenticity","hinese TV programs (e.g., Henan TV's Magical Trip on Mid-Autumn Festival), livestream shopping",2018.0,2018.0
Gurokawa,Gurokawa,https://aesthetics.fandom.com/wiki/Gurokawa,"['Busukawaii', 'Cutegore', 'Decora', 'Dokukawaii', 'Halloween', 'Horror', 'Pastel_Gore', 'Pastel_Goth', 'Psychobilly', 'Superflat', 'Yami_Kawaii']",2000s,"Horror, monsters, blood, eyeballs","Black, red, purple, hot pink, neon green",,,2000.0,2000.0
Gustavian,Gustavian,https://aesthetics.fandom.com/wiki/Gustavian,"['Neoclassicism', 'French_Provincial_Style', 'Rococo', 'Shabby_Chic']",Late 18th century (c. 1772-1809),"Carved ribbons, medallions, laurel wreaths, fluted legs, gilded accents, checked or striped fabrics","Pale greys, blues, creamy whites, soft yellows, muted greens","Elegance, restraint, light, harmony, simplified classicism",,1700.0,1809.0
Gutter Punk,Gutter_Punk,https://aesthetics.fandom.com/wiki/Gutter_Punk,"['Anarcho-Punk', 'Bohemian', 'Crust_Punk', 'Folk_Punk']",1970s–1980s,"Dreadlocks or Mohawks, facial tattoos/piercings, heavy patches/studs, tattered clothing, dogs/pets (as traveling companions), street busking","Black, muted earth tones, weathered fabric colors","Anti-capitalism,DIYethos, transience, absolute freedom, refusal of labor",he Decline of Western Civilization III (1998 film),1970.0,1980.0
Gyaru,Gyaru,https://aesthetics.fandom.com/wiki/Gyaru,"['Bodikon', 'Girly_Kei', 'Heisei_Retro', 'McBling', 'Nanchatte_Seifuku', 'PEEPS', 'Sukeban']",Mid-1990s,"Exaggerated makeup, big lashes, curly hair, hair dye, animal prints, over-accessorizing",,"Going against traditional beauty standards, confidence, being yourself",,1990.0,1990.0
Gyaruo,Gyaruo,https://aesthetics.fandom.com/wiki/Gyaruo,"['Gyaru', 'Onii_Kei', 'Bosozoku']",Late 1990s,"Voluminous ""sujimori"" hair, tanned skin, layered accessories, tight-fitting clothes, brand logos","Varies by substyle, but often includes black, white, gold, and animal prints","Youth rebellion, fashion, partying, materialism, glamour",,1990.0,1990.0
Hacker Chic,Hacker_Chic,https://aesthetics.fandom.com/wiki/Hacker_Chic,"['Abstract_Tech', 'Cyberpunk', 'Glitch_Art', 'Net.art', 'Techwear', 'Webcore']",1990s,"Computers, Terminals","Faded and dull colours, green, blue","Hacking, Freedom of information, Anti-corporatization",,1990.0,1990.0
Hair Metal,Hair_Metal,https://aesthetics.fandom.com/wiki/Hair_Metal,"['Glam_Rock', 'Metal', 'Punk', 'Scene', 'Visual_Kei']",Late 70's-early 80's,"Teased hair, flashy makeup, revealing clothing, animal print, studs, spikes, chains, leather, denim, cowboy boots, drugs, alcohol, strippers, parties, motorcycles, tattoos","Black, white, red, navy blue, green, violet, shades of pink, gold, silver","The ""sex, drugs and rock 'n' roll"" lifestyle, nightlife, rebellion and controversies",em and The Holograms (1985)The Dirt (2019),1970.0,1980.0
Halbstarke,Halbstarke,https://aesthetics.fandom.com/wiki/Halbstarke,"['Greaser', 'Rockabilly']",Mid-1950s,"Leather jackets, denim jeans, quiff/pompadour (Elvistolle), checked shirts, boots, scooters/motorcycles (Vespas), street-corner loitering","Black (leather), blue (denim), white/red (checked shirts)","Revolt against parental authority, anti-conformity, rejection of middle-class ""Spießigkeit"" (squareness), speed, rhythm, anti-authoritarianism","ie Halbstarken (1956 Film), ...denn sie wissen nicht, was sie tun (Rebel Without a Cause, 1955), Der Wilde (The Wild One, 1953)",1950.0,1950.0
Halloween,Halloween,https://aesthetics.fandom.com/wiki/Halloween,"['Autumn', 'D%C3%ADa_De_Muertos', 'Gurokawa', 'Horror', 'Horror_Punk', 'Kidcore', 'Psychobilly', 'Saint_Patrick%27s_Day', 'Vampire', 'Witchcore']",Celtic Antiquity (Origins)Late 19th Century (Modern),"Bats, spiders, cats, pumpkins, eyeballs","Black, orange, green, purple","Horror, Spookiness",,1800.0,1900.0
Hallyu,Hallyu,https://aesthetics.fandom.com/wiki/Hallyu,[],nan,,,,,,
Hands Up,Hands_Up,https://aesthetics.fandom.com/wiki/Hands_Up,"['Brostep', 'Dark_Aero', 'Fitness_Splatter', 'Frutiger_Aero', 'Krocha', 'Nightcore_(aesthetic)', 'Partille-Johnny', 'Rave', 'TechnoNeko2000', 'Tecktonik', 'Vectorheart', 'Vectordelia', 'Wixa', 'Y2K_Futurism']",2000s,"Silhouetted dancers, neon light trails and swirls, glowing particles and energy bursts, high-gloss 3D typography, abstract shattering effects, digital music iconography","Electric blue, neon pink, vibrant green, chrome, black","Energy, intensity, motion, digital euphoria",,2000.0,2000.0
Han-Western Eclectic,Han-Western_Eclectic,https://aesthetics.fandom.com/wiki/Han-Western_Eclectic,"['Lolita', 'Guochao', 'Neo-Chinese_Style']",2010s,"Hanfu, lace, parasols, Western accessories",,,,2010.0,2010.0
Happy Rock,Happy_Rock,https://aesthetics.fandom.com/wiki/Happy_Rock,"['Scene', 'Emo', 'Floggers', 'Jejemon']",Late 2000s–Early 2010s,"Colorful skinny jeans, customized t-shirts, straight hair with colored streaks, statement sunglasses","Vibrant, often neon, primary and secondary colors (red, yellow, blue, green, purple)","Optimism, fun, youth, friendship, positivity, pop-rock music","TV Brasil, Capricho magazine",2000.0,2010.0
Harajuku Fashion,Harajuku_Fashion,https://aesthetics.fandom.com/wiki/Harajuku_Fashion,"['Alternative', 'Cult_Party_Kei', 'Cyberpop', 'Decora', 'Fairy_Kei', 'Goth', 'Kawaii', 'Lolita', 'Oshare_Kei', 'Sanriocore', 'Shibuya_Punk', 'Takenokozoku', 'Too_Cool', 'Urbancore', 'Visual_Kei', 'Yami_Kawaii']",1970s,,,,,1970.0,1970.0
Haunted Mound,Haunted_Mound,https://aesthetics.fandom.com/wiki/Haunted_Mound,"['Black_Metal', 'Chicago_Drill', 'Deep_Fried_Meme', 'Folk_Horror', 'Goreweb', 'Horrorcore', 'Keller_Synth', 'Opium', 'Pen_%26_Pixel', 'Post-Grunge_Maximalism', 'Trap_Metal', 'Witch_House', 'Vintage_Americana']",Late 2010s,"True Religion jeans (""Trueys""), New Rock boots, chainsaws, taxidermy, deep-fried rural landscapes, ""Harold"" (the scarecrow logo), box cutters, Realtree camouflage","Deep fried orange, blood red, black, forest green","Rural isolation, misanthropy, ""mythologizing the mundane,"" DIY ethos, occultism",,2010.0,2010.0
Hauntology,Hauntology,https://aesthetics.fandom.com/wiki/Hauntology,"['Analog_Horror', 'Liminal_Space', 'Signalwave', 'Vaporwave']",2000s (music/aesthetic movement),"Specific aural decay (vinyl crackle, warped tape), aesthetic of 1970s British Public Information Films (PIFs),Brutalistarchitecture, children's educational program aesthetics (faded colors, unsettling graphics), library music cover art, analog media (VHS artifacts)","Muted earth tones, faded pastels, dull greens, institutional yellow, analog artifact colors (VHS tracking lines)","Nostalgia for lost utopianism, dread, cultural memory, temporal disjunction, mourning for the future","carfolk Council, The Caretaker's Everywhere at the End of Time",2000.0,2000.0
Haussmann Paris,Haussmann_Paris,https://aesthetics.fandom.com/wiki/Haussmann_Paris,['Pink_Parisian'],1850s,"Leisure activities of bourgeoisie, urban beauty",,"Industrialization, leisure, intellectual sophistication",,1850.0,1850.0
Health Goth,Health_Goth,https://aesthetics.fandom.com/wiki/Health_Goth,"['Goth', 'Gorpcore', 'Techwear', 'Minimalism', 'Cyberpunk']",Early 2010s,"Monochrome sportswear, mesh fabrics, technical sneakers, performance gear, clean lines, futuristic graphics, transhumanist elements","Black, white, grey","Futurism, minimalism, performance, technology, clean aesthetics, transhumanism",,2010.0,2010.0
Heart Emoji Meme,Heart_Emoji_Meme,https://aesthetics.fandom.com/wiki/Heart_Emoji_Meme,"['Deep_Fried_Meme', 'Kidcore', 'Lovecore', 'Major_League_Gaming', 'Sadboi']",Late 2010s,"Emoji swarms, heart crowns, blush stickers, motion blur, sparkle overlays, ""precious"" filters, keyboard smashes","Pink, red, pastel purple, white","Exaggerated affection, romance, softness, fandom support","napchat, PicsArt, Wattpad, Twitter, ""Mine"" by Bazzi",2010.0,2010.0
Hedi Boy,Hedi_Boy,https://aesthetics.fandom.com/wiki/Hedi_Boy,"['Archive', 'Bloghouse', 'Emo', 'Indie_Sleaze', 'Goth', 'Punk']","Early 2000s (original), 2020s (revival)","Ultra-skinny silhouette, black coffee and cigarettes (as props), performance art of attitude/bravado, sunglasses worn indoors, the ""underlook"" (pose)","Jet black, dark grey, white, dark neutrals","Self-aware irony, rebellion, rock 'n' roll romanticism, androgyny, disdain for mainstream comfort/baggy fashion",,2000.0,2020.0
Heisei Retro,Heisei_Retro,https://aesthetics.fandom.com/wiki/Heisei_Retro,"['Y2K_Futurism', 'Cacareco_Girl', 'Clovercore', 'Gyaru', 'Jojifuku', 'Kawaii', 'PC-98', 'Puppycore', 'Showa_Retro', 'Tweencore', 'Juminocore', 'Amekaji']",2020s,Japanese pop culture and fashion from 1989-2019,"Green, yellow, red, pink",,,2020.0,2020.0
Heistcore,Heistcore,https://aesthetics.fandom.com/wiki/Heistcore,"['Old_Money', 'Golden_Age_of_Detective_Fiction']",1920s,,,,,1920.0,1920.0
Hellenic,Hellenic,https://aesthetics.fandom.com/wiki/Hellenic,"['Angelcore', 'Classicism', 'Dionysism', 'Hollywood_Regency', 'Lovecore', 'Neoclassicism', 'Noucentisme', 'Visigothic_Art', 'Witchcore']",nan,"Pomegranates, gold coins, bow and arrows, wine, grapes, laurel wreaths, white marble, Greek god statues, Greek mythology, gold","White, gold, silver, black, red, blue, beige","Appreciation and or love for Greek mythology or ancient Greece, loyalty, intelligence, hospitality, creativity, Athleticism",,,
Herki,Herki,https://aesthetics.fandom.com/wiki/Herki,"['Emo', 'Goth', 'Mallgoth', 'Soviet_Nostalgia']",Late 1990s – Early 2000s,"HIM band imagery, the ""Шапка-виллевалка"" (Ville Valo Beanie), ankh symbolism, Soviet-era interior photography (grandmother's carpet), exaggerated black eyeliner","Black, red, pink/purple (subdued accents), white (pale makeup)","Performing sadness/alienation, romanticizing death, superficiality, musical fandom (HIM/Lacrimosa)",,1990.0,2000.0
Heroic Realism,Heroic_Realism,https://aesthetics.fandom.com/wiki/Heroic_Realism,"['American_Kitsch', 'Mexican_Muralism', 'Plakatstil', 'Politicalwave', 'Realism', 'Romanticism', 'Socialist_Realism', 'Sots_Art', 'Sovietwave', 'Totalitarian_Kitsch']",1920s-1930s (Peak),"Idealized figures, bold typography, realistic style, strong messaging, symbolic imagery, ""hero"" archetype","Red, white, blue, yellow, black, national colours","Patriotism, duty, strength, sacrifice, national pride",ropaganda posters,1920.0,1930.0
Heroin Chic,Heroin_Chic,https://aesthetics.fandom.com/wiki/Heroin_Chic,"['Androgynous', 'Coquette', 'Grunge', 'Kinderwhore', 'Lobotomy_Chic', 'Pastel_Grunge', 'Poverty_Chic', 'Slavic_Doll', 'Succubus_Chic', 'Waif']",Early 1990s,"Pale skin, dark circles, stringy hair, thinness, androgyny","Black, white, red","Nihilism, rebellion, unhealthy beauty standards",alvin Klein's Obsession campaign,1990.0,1990.0
Hexatron,Hexatron,https://aesthetics.fandom.com/wiki/Hexatron,"['Abstract_Tech', '//cari.institute/aesthetics/acidgrafix', 'Avantropop', 'Cassette_Futurism', 'Cyberpunk', 'Dark_Aero', 'DORFic', 'Flat_Design', 'Frutiger_Aero', 'Gen_X_Soft_Club', 'Geo-Boho', 'Laser_Grid', 'Metalheart', 'Monochrome_Luxe', 'Neo-Vectorheart', 'Polychrome', 'Robotcore', 'Vectorheart', 'Y2K_Futurism']",2000s,"Hexagons, neon blue, holograms, terminal-inspired UIs, androids, carbons, sharp angles, robotics,Abstract Tech, dark surfaces/backgrounds","Neon blue, black, white, red, orange",,ron:Legacy,2000.0,2000.0
HexD,HexD,https://aesthetics.fandom.com/wiki/HexD,"['Animecore', 'Cybersigilism', 'Drain', 'Glitch_Art', 'Trillwave', 'Vaporwave', 'Webcore', 'Xpiritualism']",Late 2010s,"Bitcrushed audio, compressed images, anime characters, 2000s video games,Old Webgraphics, distortion,glitter graphics, esoteric symbols","White, pink, purple, black, holographic colors","Nostalgia, mystery, surrealism",,2010.0,2010.0
High School Dream,High_School_Dream,https://aesthetics.fandom.com/wiki/High_School_Dream,"['Americana', 'Emo', 'Goth', 'Lo-Fi', 'Nerd', 'Normcore', 'Nu-Metal', 'Punk', 'TikTok_Preppy']",1980s,"Pep rally posters, gymnasiums, dance decorations, lockers, notebooks, binders","The school colors, baby!","""Live while you're young,"" finding who you are, friendship, overcoming obstacles, teenagerhood","ean Girls (2004), High School Musical franchise, Clueless (1995)",1980.0,1980.0
Hime Gyaru,Hime_Gyaru,https://aesthetics.fandom.com/wiki/Hime_Gyaru,"['Agejo', 'Coquette', 'Gyaru', 'Himekaji', 'Hime_Lolita', 'Lolita', 'Royalcore']",Late 2000s to Early 2010s,"Tiara, roses, bows, ribbons, lace, frills, pearls, castles, carriages, butterflies","Pink, white, pastels","Femininity, elegance, luxury, royalty, romance","geha Magazine, Kilala Magazine",2000.0,2010.0
Himekaji,Himekaji,https://aesthetics.fandom.com/wiki/Himekaji,"['Gyaru', 'Hime_Gyaru', 'Dollette', 'Coquette', 'Kawaii', 'Living_Doll', 'Princesscore']",2008-2012,"Girly fashion, lace, floral patterns like roses","Neutral colors and pastels such as dusty or light pink, beige, brown, white",Playful girliness,opteen,2008.0,2012.0
Hime Lolita,Hime_Lolita,https://aesthetics.fandom.com/wiki/Hime_Lolita,"['Classic_Lolita', 'Fairy_Tale', 'Hime_Gyaru', 'Lolita', 'Princesscore', 'Queencore', 'Royalcore', 'Sweet_Lolita']",nan,,,,,,
Hip-Hop,Hip-Hop,https://aesthetics.fandom.com/wiki/Hip-Hop,"['B-Boy', 'Emo_Rap', 'Gangsta_Rap', 'Lo-fi', 'Trap_Metal', 'Graffiti_Pop', 'Trillwave', 'UrBling']",1970s,"Breakbeats, rhythmic speech, DJing techniques, dance, graffiti, urban settings, self-expression",Varies widely,"Creativity, innovation, self-expression, community, social commentary, resilience","ip-hop music, music videos, graffiti art, dance performances, films, documentaries",1970.0,1970.0
Hipness Purgatory,Hipness_Purgatory,https://aesthetics.fandom.com/wiki/Hipness_Purgatory,"['Beatnik', 'Bohemian', '//cari.institute/aesthetics/genericana', 'Hipster', 'Indie', 'Indiecraft', 'Indie_Sleaze', 'Mission_School', 'Internet_Awesomesauce', 'Twee', 'Urbancore', 'UrBling']",2000s,"Loose drawings, common objects","Black, white, blue, yellow, Green, Orange","Irony, ""Retroness"", and a Twee/Indie/Hipster vibe",,2000.0,2000.0
Hippie,Hippie,https://aesthetics.fandom.com/wiki/Hippie,"['Art_Hoe', 'Beatnik', 'Bohemian', 'Freakbeat', 'Flower_Power', 'Funk', 'Granola', 'Groovival', 'Hipster', 'Mid-Century_Medieval', 'Peacock_Revolution', 'Psychedelia', 'Sunshine_Pop']",Mid-1960s–Early 1970s,"Peace signs, flowers (""Flower Power""), tie-dye, psychedelic patterns, mandalas, bell-bottoms, long hair","Earthy tones (brown, green, orange, yellow) and bright, psychedelic rainbow palettes","Peace, love, freedom, anti-war sentiment, environmentalism, communal living, spiritual exploration, anti-consumerism","oodstock (1970 film), Easy Rider (1969 film), Hair (musical)",1960.0,1970.0
Hipster,Hipster,https://aesthetics.fandom.com/wiki/Hipster,"['Beatnik', 'Bloghouse', 'Dandy', 'Indie', 'Galaxy_Print', 'Hipness_Purgatory', '2014_Tumblr', 'Recession_Pop', 'Emo', 'Grunge', 'Hippie', 'Indie_Sleaze', 'Lumberjack', 'Minimalism', 'Nerd', 'Normcore', 'Nu-Goth', 'Folk_Punk', 'Party_Rock', 'Scene', 'Stilyagi', 'Yabi']",1940s90s-2000s (Repopularization),"Vintage, bikes, music","Any colors; either dissonant, intentionally unstylish colors, nature-based earth tones, or gothic/artist black","Independence, creativity, artistry, education, rejection of corporate or mainstream products and attitudes, veganism, sustainability, alternative music, vintage style",,1940.0,2000.0
Hollywood Regency,Hollywood_Regency,https://aesthetics.fandom.com/wiki/Hollywood_Regency,"['Art_Deco', 'Baroque', 'Hellenic', 'Maximalism', 'Mid-Century_Modern', 'Old_Hollywood', 'Regency', 'Rococo', 'Tropical']",1920s─1950s,"Greek keys, palms, silk, sunbursts, animal prints","Turquoise, silver, pink","Glamour, opulence, comfort, extravagance, drama",,1920.0,1950.0
Hopecore,Hopecore,https://aesthetics.fandom.com/wiki/Hopecore,"['Frutiger_Aero', 'Nostalgiacore']",2020s,"Found-footage montages, superimposed affirmations, nature timelapses, acoustic music, nostalgic characters",,"Optimism, emotional reassurance, mental wellness, anti-doomscrolling",,2020.0,2020.0
Horror,Horror,https://aesthetics.fandom.com/wiki/Horror,"['Analog_Horror', 'B-Movie_Horror', 'Catholic_Horror', 'Digital_Horror', 'Folk_Horror', 'Gorecore', 'Gothic', 'Gurokawa', 'Halloween', 'Horrorcore', 'Horror_Punk', 'Psychobilly', 'Traumacore', 'Vampire', 'Werewolf']",Ancient folklore; Late 18th century (as a distinct literary genre),"Monsters, death, gore, darkness, psychological distress, the unknown, theuncanny, body horror, masks","Varies by subgenre; commonly uses high contrast, deep shadows (black), blood red, and unsettling palettes","Exploration of fear, mortality, the unknown, societal anxieties, transgression of norms","racula, the works of H.P. Lovecraft and Edgar Allan Poe, The Exorcist, Halloween (film series), The Shining, Silent Hill (video game series), Creepypasta",1700.0,1800.0
Horrorcore,Horrorcore,https://aesthetics.fandom.com/wiki/Horrorcore,"['Death_Metal', 'Gangsta_Rap', 'Horror', 'Juggalo', 'Trap_Metal']",Late 1980s – Early 1990s,"Explicit gore, masks/theatrical makeup, horror film samples, occult symbols (Satanism), mental illness, psychological dystopia","Black, red, muted earth tones, blood red","Shock value, transgression, nihilism, anti-commercialism","lasher Films, Splatter Films, The Fear (1995 Film)",1980.0,1990.0
Horror Punk,Horror_Punk,https://aesthetics.fandom.com/wiki/Horror_Punk,"['B-Movie_Horror', 'Camp', 'Deathrock', 'Goth', 'Gothic', 'Halloween', 'Horror', 'Kitsch', 'Punk', 'Psychobilly', 'Rockabilly', 'Vampire', 'Zombie_Apocalypse']",Late 1970s / Early 1980s,"Classic monsters (Frankenstein, vampires, zombies, mummies, werewolves), skulls, devilocks, graveyards, mad scientists, B-movie sci-fi, gore (often stylized/campy), apocalyptic imagery, occult symbols (sometimes)","Black, red, purple, white (often sickly pale), green (for monster imagery)","Rebellion, outsider status, macabre humor, shock value, independence","lassic horror films (e.g., Universal Monsters, Hammer Films), B-movies, horror comics (e.g., EC Comics)",1970.0,1980.0
Hot Cheeto Girl,Hot_Cheeto_Girl,https://aesthetics.fandom.com/wiki/Hot_Cheeto_Girl,"['Baddie', 'Cyber_Ghetto', 'Hip-Hop']",Late 2010s,"Flamin' Hot Cheetos or Takis (snacks), hyper-feminine style, long acrylic nails, huge hoop earrings, long/dramatic false eyelashes, loud chewing/gum smacking, argumentative attitude","Vibrant red (Flamin' Hot Cheeto brand color), black, gold","Defiance, self-assertion, loudness, anti-respectability politics","dam Ray's ""Rosa"" character",2010.0,2010.0
Hot Rod,Hot_Rod,https://aesthetics.fandom.com/wiki/Hot_Rod,"['Americana', 'Greaser', 'Pin-up', 'Raggare', 'Rockabilly', 'Route_66']",1930s (gained popularity post-WWII),"Stripped-down pre-1949 Fords (Model Ts, Model As, '32 Deuce Coupe), exposed engines, chopped roofs, pinstriping, flames, chrome, dry lake racing, drag racing","Chrome, deep glossy lacquer colors (red, black, yellow), primer/matte black (Rat Rods)","Speed, technical innovation, anti-conformity, self-expression, hands-on craftsmanship, Americana",,1930.0,1930.0
Huang-mao,Huang-mao,https://aesthetics.fandom.com/wiki/Huang-mao,"['Shamate', 'Ah_Beng']",nan,,,,,,
Hygge,Hygge,https://aesthetics.fandom.com/wiki/Hygge,"['Autumn', 'Comfy/Cozy', 'Cottagecore', 'Japandi', 'Minimalism', 'Northerness', 'Scandi_Girl_Winter', 'Scandinavian_Design', 'Winter']",c. 1800s (dates back to the Middle Ages),"Candles, warm drinks, gatherings, natural materials","Warm, soft tones","Comfort, togetherness, simplicity, well-being","The Little Book of Hygge"" by Meik Wiking",1800.0,1800.0
Hypebeast,Hypebeast,https://aesthetics.fandom.com/wiki/Hypebeast,"['Emo_Rap', 'Health_Goth', 'Hip-Hop', 'Paninaro', 'Swag', 'Techwear', 'Urbancore']",Mid-2000s (peak popularity in the late 2010s),"Prominent brand logos, limited-edition sneakers, graphic prints, artist/brand collaborations",,"Exclusivity, brand consciousness, social status, trend-following, conspicuous consumption",,2000.0,2010.0
Hyperborean,Hyperborean,https://aesthetics.fandom.com/wiki/Hyperborean,"['Dark_Triad', 'Doomer', 'Epunk', 'Fashwave', 'Political_%27Wave%27_Aesthetics']",2020s,"Classical statuary, Nordic warriors, esoteric symbols (Black Sun), conspiracy charts, Trollge memes, Wojaks/Soyjaks, fast-paced glitchy edits",,"Far-right ideologies, esoteric Nazism, anti-immigration sentiments, traditionalism (often presented through a lens of irony and memetic chaos)",,2020.0,2020.0
Icepunk,Icepunk,https://aesthetics.fandom.com/wiki/Icepunk,"['Cleancore', 'Seapunk', 'Slimepunk', 'Starrflesh', 'Trillwave', 'Vaporwave', 'Winter', 'Witch_House', 'Y2K_Futurism']",2010s,"Ice, snow, frozen textures, glowing light in ice/snow, mist, desolate landscapes","White, pale blue, muted cool tones","Isolation, desolation, the beauty of coldness, the power of nature",,2010.0,2010.0
Impressionism,Impressionism,https://aesthetics.fandom.com/wiki/Impressionism,"['Japonisme', 'Post-Impressionism', 'Realism']",1870s - 1880s,"Scenes of modern life, landscapes, leisure activities (boating, cafés, dances), urban scenes, effects of changing light and atmosphere","Bright, often unmixed colors; emphasis on natural light; broken color; avoidance of black paint",Capturing the fleeting moment; visual sensation over fine detail; observation of modern life; rejection of academic tradition,ainting,1870.0,1880.0
Incroyables and Merveilleuses,Incroyables_and_Merveilleuses,https://aesthetics.fandom.com/wiki/Incroyables_and_Merveilleuses,"['Dandy', 'Neoclassicism', 'Rococo']",1790s (1795-1799),"Exaggerated neoclassical fashion, sheer/transparent fabrics, oversized cravats, large hats, disheveled hair, antique-inspired tunics, sandals, reticules, knotted clubs/canes, monocles","Light fabrics, white, pastels (for women); varied colors for men's garments (e.g., velvet, nankin)","Hedonism, extravagance, rebellion against revolutionary austerity, political statement (anti-Jacobin), social distinction, pleasure-seeking, frivolity, theatricality, irony","aricatures by Carle Vernet, Journal des Incroyables",1790.0,1799.0
Indie,Indie,https://aesthetics.fandom.com/wiki/Indie,"['Bloghouse', 'Indie_Kid', 'Indie_Sleaze', 'Dark_Academia', 'Doomer', 'Light_Academia', 'Romantic_Academia', 'Alternative', 'Cuddle_Party', 'French_New_Wave', 'Brav%C3%BA', 'Grunge', 'Lo-Fi', 'Madchester', 'New_Rave', 'Poppare', 'Britpop', 'Skater', 'Twee', 'Vaporwave']",1980s,"Records and CDs, books, muted color palette, moody atmosphere, Polaroids, poetry","Neutrals, blue, red, green","Individualism, philosophy, independence, overcoming adversity",,1980.0,1980.0
Indiecraft,Indiecraft,https://aesthetics.fandom.com/wiki/Indiecraft,"['Hipness_Purgatory', 'Indie', 'Kidcore', 'Skeuomorphism', 'Whimsicraft']",Mid-2000s,,Brown and muted colors,,,2000.0,2000.0
Indie Kid,Indie_Kid,https://aesthetics.fandom.com/wiki/Indie_Kid,"['2020_TikTok', 'Avant_Basic', 'Cuddle_Party', 'Kidcore', 'Plant_Mom', 'Psychedelia', 'Skater', 'Vaporwave', 'VSCO_Girl', 'Y2K']",Early 2020s,"Smiley faces, rainbows, polymer clay jewelry, fruit imagery, butterfly clips, bandanas, dyed front hair strands, bucket hats, chunky sneakers, graphic tees, skate culture elements, nature scenes, urban imagery (e.g., skateparks, convenience stores), 1960s-esque graphics","Bright, vivid colors (including neon hues), high-contrast palettes, natural tones for clothing backdrops","Freedom, individuality, friendship, casual living, main character energy, self-awareness, ironic expression",oming-of-age films (often associated with A24 productions),2020.0,2020.0
Indie Sleaze,Indie_Sleaze,https://aesthetics.fandom.com/wiki/Indie_Sleaze,"['Bloghouse', 'Brat_Summer', 'Electroclash', 'Geek_Chic', 'Hedi_Boy', 'Heroin_Chic', 'Hipster', 'Indie', 'Kinderwhore', 'McBling', 'New_Rave', 'Recession_Pop', 'Swag', 'Twee', 'Urbancore']",Mid-to-late 2000s,"Amateur flash photography, smudged eyeliner, messy hair, ripped tights, deep V-necks, neon accents, band t-shirts, skinny jeans, metallic fabrics, American Apparel basics, cigarettes","Black, white, neon pink, neon green, metallic silver","Hedonism, irony, performed authenticity, nightlife documentation, chaotic energy, rejection of polish, provocativeness, sexuality",,2000.0,2000.0
Indigenous Futurisms,Indigenous_Futurisms,https://aesthetics.fandom.com/wiki/Indigenous_Futurisms,"['Afrofuturism', 'Cyberpunk', 'Retrofuturism', 'Solarpunk']",2000s-Present,"Decolonization, technology, Indigenous knowledge, alternative futures",Varies by culture,"Self-determination, cultural resilience, sovereignty, connection to land","alking the Clouds anthology, Biidaaban: First Light",2000.0,2000.0
Industrial,Industrial_(Subculture),https://aesthetics.fandom.com/wiki/Industrial_(Subculture),"['Berlin_Techno_Fashion', 'Cyberpunk', 'Fetish_Goth', 'Industrial_Decay', 'Mallgoth', 'Post-Apocalyptic', 'Post-Punk', 'Punk']",1970s,"Noise, machinery, urban decay, transgression, dystopia, medical and military imagery,subversionof totalitarian propaganda","Black, grey, white, stark red, metallic tones","Provocation, anti-conformity, transgression, social critique, experimentation",,1970.0,1970.0
Industrial Decay,Industrial_Decay,https://aesthetics.fandom.com/wiki/Industrial_Decay,"['After_Hours', 'Arte_Povera', 'Brutalism', 'Cyber_Grunge', 'Doomer', 'Industrial_Gothic', 'Post-Apocalyptic', 'Soft_Apocalypse']",nan,"Abandoned factories, crumbling buildings, rust, corrosion, decay, overgrown vegetation, urban ruins","Muted colors, grays, browns, rust tones","Nostalgia for the industrial past, critique of industrialism, beauty in decay, the passage of time, human impact on the environment",,,
Industrial Gothic,Industrial_Gothic,https://aesthetics.fandom.com/wiki/Industrial_Gothic,"['Cyberpunk', 'Factory_Pomo', 'Gothic', 'Grunge', 'Industrial', 'Industrial_Decay', 'Post-Apocalyptic', 'Thrash_Metal', 'Whimsicraft']",Late 1970s–Late 1990s,"Exposed pipes, wires, cabling, peeling paint, strange dark machines, distressed textures, biological-mechanical fusion (sometimes), monochrome human faces","Monochrome (black, white, grey, sepia), muted rust tones","Nihilism, dystopia, decay, uncanny technology","inal Doom (Video Game), Baroque (Video Game)",1970.0,1990.0
Ink-wash Feng,Ink-wash_Feng,https://aesthetics.fandom.com/wiki/Ink-wash_Feng,['Neo-Chinese_Style'],nan,"Negative space, landscape, flowers and birds, bamboo and rocks","Black, white, gray, mutes",Xieyi,,,
International Typographic Style,International_Typographic_Style,https://aesthetics.fandom.com/wiki/International_Typographic_Style,"['Acid_Design', 'Bauhaus', 'Constructivism', 'Corporate', 'Corporate_Memphis', 'Cyberminimalism', 'De_Stijl', 'Flat_Design', 'Minimalism', 'Modernism', 'Neubrutalism', 'Plakatstil', 'Precisionism', 'Purism', 'Suprematism', 'Vectorheart']",1930s-1960s,"Akzidenz-Grotesk, Univers and Helvetica fonts, asymmetric layouts, grids, limited color palettes",,"Cleanliness, readibility, objectivity[1]",,1930.0,1960.0
Internet Awesomesauce,Internet_Awesomesauce,https://aesthetics.fandom.com/wiki/Internet_Awesomesauce,"['2010s_Meme_Maximalism', 'Frutiger_Aero', 'Galaxy_Print', 'Hipness_Purgatory', 'Scene', 'Snackwave', 'Superflat_Pop', 'Webcore', 'Vectordelia']",Late 2000s,"Internet memes, pop culture references, ironic imagery, rainbows, junk food, animals with laser eyes, galaxies","Rainbow, vibrant and saturated colors","Humor, irony, online culture, randomness, epicness",,2000.0,2000.0
Ita,Ita,https://aesthetics.fandom.com/wiki/Ita,"['Animecore', 'Cyberpunk', 'Racing', 'Sextrance', 'Weeaboo', 'Wota']",2000s,"Anime and video game characters, bright colors, Japanese text, patterns inspired by fictional characters",Bright colours,"Cringe, ""pain"", expressing support for your fandom",,2000.0,2000.0
Italian Renaissance,Italian_Renaissance,https://aesthetics.fandom.com/wiki/Italian_Renaissance,"['Baroque', 'Clockpunk', 'Rococo', 'Spanish_Golden_Age']",14th-16th Centuries,"Classical antiquity, religious narratives, portraiture, allegory, mythology","Luminous colors, chiaroscuro, sfumato, and cangiante","Humanism, classicism, realism, individualism","he Divine Comedy, The Golden Legend, The Decameron",1300.0,1600.0
Italo Disco,Italo_Disco,https://aesthetics.fandom.com/wiki/Italo_Disco,"['Disco', 'Disco_Polo', 'Laser_Grid', 'Lithuanian_Eurodisco', 'Paninaro', 'Synthwave', 'Vaporwave', 'New_Wave']",Late 1970s,"Futurism, laser grids, space travel, robots, neon lights, chrome, airbrushed graphics, palm trees, glamorous fashion",,"Escapism, romanticism, futurism, melancholy, glamour, sincerity",,1970.0,1970.0
Japandi,Japandi,https://aesthetics.fandom.com/wiki/Japandi,"['Hygge', 'Maillard_Style', 'Minimalism', 'Modernism', 'Rustic', 'Scandinavian_Design', 'Technozen', 'Wabi-Sabi']",2010s,"Natural materials, wood, bamboo, asymmetry, imperfection","White, grey, green, beige, brown, muted blue","HyggeandWabi-Sabiphilosophy, functionality, simplicity, sustainability",,2010.0,2010.0
Japanese Ivy Style,Japanese_Ivy_Style,https://aesthetics.fandom.com/wiki/Japanese_Ivy_Style,"['Black_Ivy', 'Preppy']",1960s,"Button-down shirts, chinos, blazers, penny loafers, cardigans, letterman jackets, meticulous attention to detail","Navy blue, khaki, white, grey, madras plaid, seersucker stripes","Authenticity, craftsmanship, academic approach to style, reverence for tradition, understated coolness","agazines (Men's Club, Popeye), Books (Take Ivy, Ametora)",1960.0,1960.0
Japonisme,Japonisme,https://aesthetics.fandom.com/wiki/Japonisme,"['Aestheticism', 'Art_Nouveau', 'Chinoiserie', 'Impressionism', 'Orientalism', 'Post-Impressionism', 'Ukiyo-e']",Mid-19th century,"Landscapes, flora and fauna (especially birds and flowers), urban scenes, portraits of women, fans, screens","Vibrant and contrasting colours, often in flat planes; blues, greens, reds, yellows, blacks","Asymmetrical composition, flattened perspective, emphasis on line and pattern, depiction of everyday life, nature-inspired motifs",,1800.0,1900.0
Jejemon,Jejemon,https://aesthetics.fandom.com/wiki/Jejemon,"['Emo', 'Hip-Hop', 'Scene', 'Swag']",Early 2010s,,,,"riendster, SMS, Naruto, One Piece",2010.0,2010.0
Jersey Maid,Jersey_Maid,https://aesthetics.fandom.com/wiki/Jersey_Maid,"['Maid', 'Mizuiro']",nan,,,,,,
Jiangnan Water Town,Jiangnan_Water_Town,https://aesthetics.fandom.com/wiki/Jiangnan_Water_Town,"['Romantic_Chinese_Village', 'Neo-Chinese_Style']",nan,"Suzhou-style houses, small bridges, creeks, wupeng boats, misty rain","Black, white, teal",,,,
Jiangshi fiction,Jiangshi_fiction,https://aesthetics.fandom.com/wiki/Jiangshi_fiction,['Wuxia'],1980s,"Jiangshiin Qing Dynasty official robes, yellow Taoistfulu",,,,1980.0,1980.0
Jiggy Era,Jiggy_Era,https://aesthetics.fandom.com/wiki/Jiggy_Era,"['Afrofuturism', 'Gangsta_Rap', 'Hip-Hop', 'Pen_%26_Pixel', 'Y2K_Futurism']",Late 1990s,"Metallic/vinyl suits, fisheye lens cinematography, illuminated industrial tunnels, platinum jewelry, champagne, ""Ghetto Fabulous"" luxury","Neon green, royal blue, silver, black","Escapism, wealth display, futurism, celebration, commercial success",,1990.0,1990.0
Jirai Danshi,Jirai_Danshi,https://aesthetics.fandom.com/wiki/Jirai_Danshi,"['Animecore', 'Blingeecore', 'Emo', 'Goth', 'PEEPS', 'Punk', 'Visual_Kei', 'Mizuiro', 'Yabi']",2010-2020,,,,,2010.0,2020.0
Jirai Kei,Jirai_Kei,https://aesthetics.fandom.com/wiki/Jirai_Kei,"['E-Girl', 'Girly_Kei', 'Kawaii', 'Kuromicore', 'Larme_Kei', 'PEEPS', 'Sanriocore', 'Vampire', 'Yami_Kawaii', 'Yandere']",2020s,"Ribbons, bows, lace, ruffles, Peter Pan collars, heart-shaped hardware, crosses, Sanrio characters (especially Kuromi, My Melody), pleading face emoji, fake knives/guns, box-cutters, razors, cigarettes, alcohol, energy drinks, pills, syringes, plushies, self-harm imagery","Black, muted pink, white, grey, red","Subversionof traditional femininity, embracing dark stereotypes, obsessive tendencies, romanticization of self-destructive behaviors, reclaiming derogatory labels","shita, Watashi wa Dareka no Kanojo, NEEDY STREAMER OVERLOAD",2020.0,2020.0
Jock,Jock,https://aesthetics.fandom.com/wiki/Jock,"['Preppy', 'Straight_Edge']",1950s,"Sports uniforms, letterman jackets, partying","Team colors, bold and vibrant hues","Athleticism, competition, leadership",,1950.0,1950.0
Juggalo,Juggalo,https://aesthetics.fandom.com/wiki/Juggalo,"['Clowncore', 'Horrorcore', 'Nu-Metal']",1990s,"The Hatchetman logo, Faygo soda, evil clown imagery, ""whoop whoop"" calls",,"Family, loyalty, anti-elitism, embracing outsider status","nsane Clown Posse's ""Joker's Cards"" albums,Big Money Hustlas",1990.0,1990.0
Juminocore,Juminocore,https://aesthetics.fandom.com/wiki/Juminocore,"['Cacareco_Girl', 'Clovercore', 'Cozy_Gamer', 'Heisei_Retro', 'Trinketcore', 'Whimsy_Twee', 'Wishcore']",2020s,"Kawaii trinkets, gacha toys, cluttered displays, character goods (Sanrio, Rilakkuma), retro tech (Nintendo DS), phone charms","Predominantly green, white, silver, and blue, with accents of beige, red, and orange","Nostalgia, collecting, curated clutter, youthfulness, positivity",,2020.0,2020.0
Junkpunk,Junkpunk,https://aesthetics.fandom.com/wiki/Junkpunk,"['Avant_Apocalypse', 'Post-Apocalyptic', 'Soft_Apocalypse', 'Hip-Hop', 'Post-Punk', 'Steampunk', 'Cyberpunk', 'Surrealism', 'Hauntology']",2010s,,,,,2010.0,2010.0
Kandi Raver,Kandi_Raver,https://aesthetics.fandom.com/wiki/Kandi_Raver,"['Rave', 'Decora', 'Kidcore', 'Scene', 'Scenecore', 'Cyberpop']",1990s,"Pony beads, elaborate cuffs, perler bead art, cartoon characters, neon colors, PLUR acronym","Full rainbow spectrum, especially bright and neon colors","Peace, Love, Unity, Respect (PLUR), friendship, creativity, self-expression, community,DIY ethos",,1990.0,1990.0
Karasu Zoku,Karasu_Zoku,https://aesthetics.fandom.com/wiki/Karasu_Zoku,"['Nu-Goth', 'Goth']",1982-1990s,"darkness, mystery, unpredictability",only black,"rejection, emancipation",,1982.0,1990.0
Kawaii,Kawaii,https://aesthetics.fandom.com/wiki/Kawaii,"['Animecore', 'Busukawaii', 'Cutecore', 'Dokukawaii', 'Dollcore', 'Decora', 'Erokawa', 'Fairy_Kei', 'Femboy', 'Girly_(Japanese)', 'Gurokawa', 'Harajuku_Fashion', 'Heisei_Retro', 'Jojifuku', 'Kawaii_Gamer', 'Kuromicore', 'Living_Doll', 'Lolicore', 'Lolita', 'Magical_Girls', 'Maid', 'Marshmallow_Girl', 'Mizuiro', 'Moe', 'Nanchatte_Seifuku', 'Pastel_Goth', 'Positivity_Kawaii', 'Sanriocore', 'Superflat', 'Sweet_Lolita', 'Wota', 'Yami_Kawaii', 'Yume_Kawaii']",1970s,"Childlike simplicity (rounded forms, large eyes), anthropomorphic animals (Sanrio/San-X characters), soft or pastel colors, small toys/trinkets, stylized emotional expressions (exaggerated happiness/sadness)","Pastel colors, soft pinks, blues, and purples","Affirmation of innocence, finding beauty in the small/simple, escapism through fantasy, positive emotion, and acceptance of the imperfect",,1970.0,1970.0
Kawaii Gamer,Kawaii_Gamer,https://aesthetics.fandom.com/wiki/Kawaii_Gamer,"['Animecore', 'Cozy_Gamer', 'Cybertwee', 'E-Girl', 'Femcel_Weeaboo', 'Kawaii', 'Living_Doll', 'Lo-Fi', 'Magical_Girls', 'Mizuiro']",Late 2010s,"Gaming PCs, cat ear headphones, anime, plushies, Nendorids, Asian snacks/ drinks, cat-paws","Pastels (typically pink,purple and blue)",Cuteness,"y Hero Academia, Danganronpa, Demon Slayer, Osu!, Overwatch, Sanrio, Pokémon,",2010.0,2010.0
Kawaii Metal,Kawaii_Metal,https://aesthetics.fandom.com/wiki/Kawaii_Metal,"['Black_Metal', 'Goth_Punk', 'Gothic_Lolita', 'Kawaii', 'Metal', 'Visual_Kei']",2010s,"Idol uniforms, theatrical choreography, goth-infused kawaii costumes, contradictory concepts (Dark vs. Cute, Aggressive vs. Melodic)","Black and red (Gothic/Metal), pastel/bright Hues (Kawaii/Idol)","Innovation, genre-blending, rebellion against genre boundaries",ggretsuko,2010.0,2010.0
Keller Synth,Keller_Synth,https://aesthetics.fandom.com/wiki/Keller_Synth,"['Black_Metal', 'Deep_Fried_Meme', 'Dungeon_Synth', 'Egg_Punk', 'Haunted_Mound', 'HexD', 'Witch_House', 'Yabujincore']",Late 2010s,"Woodcut wizards, the ""Nose Thumb"" gesture, Triskelion (three-legged sun), Amanita muscaria mushrooms, medieval font, deep-fried digital artifacts","Neon green, black, white, other neon tones","Mischief, obscurity, aggression, absurdity, party culture",,2010.0,2010.0
Kidcore,Kidcore,https://aesthetics.fandom.com/wiki/Kidcore,"['Alt_Kid', 'Arcadecore', 'Babycore', 'Cacareco_Girl', 'Candycore', 'Clowncore', 'Scene_Tween', 'Decora', 'Dopamine_Dressing', 'Indie_Kid', 'Juminocore', 'Nostalgiacore', 'Photo_Playground', 'Sanriocore', 'Scenecore', 'Wacky_Pomo', 'Webcore']",Late 2010s,"1990s toys, bright rainbows, cartoon characters, childhood nostalgia, primary colors, retro patterns","Bright primary colors, rainbow palettes, neon accents","Nostalgia, childhood innocence, playfulness, reclaiming childhood, comfort",,2010.0,2010.0
Kinderwhore,Kinderwhore,https://aesthetics.fandom.com/wiki/Kinderwhore,"['Dark_Nymphet', 'Grunge', 'Heroin_Chic', 'Morute', 'Punk', 'Riot_Grrrl', 'Trailer_Park_Princess']",Early 1990s,"Childlike dresses, disheveled appearance, smeared makeup, ripped hosiery, contrast between innocence and rebellion","Black, pink, white, ivory, dark grey, red, blue","Subversionof femininity, irony, anti-perfectionism, rejection of mainstream beauty standards","ole's ""Miss World"" music video, Sassy magazine features",1990.0,1990.0
Kingcore,Kingcore,https://aesthetics.fandom.com/wiki/Kingcore,"['Knightcore', 'Princecore', 'Princesscore', 'Queencore', 'Royalcore', 'Lolita', 'Fantasy', 'New_Romantic', 'Fairycore', 'Strega', 'Forestpunk']",nan,"Control, leadership, war, crowns, royal lifestyle, treachery, tyrant","Gold, royal blue, black, white, purple, red","Power, money, hedonism, conquest, status, duty, country, intelligence, skill",,,
Kissaten,Kissaten,https://aesthetics.fandom.com/wiki/Kissaten,[],nan,,,,,,
Kitsch Las Vegas,Kitsch_Las_Vegas,https://aesthetics.fandom.com/wiki/Kitsch_Las_Vegas,"['Burlesque', 'Camp', 'Casino', 'Raygun_Gothic#Googie', '//cari.institute/aesthetics/googie-kitsch']",1950s,"Neon signage, shotgun weddings, gambling","Red, hot pink",,,1950.0,1950.0
Kiwiana,Kiwiana,https://aesthetics.fandom.com/wiki/Kiwiana,[],Around the middle of the 20th century,National icons of New Zealand,,,"ootrot Flats, Goodnight Kiwi, Hairy Maclary and Friends, Mrs. Wishy-Washy",1900.0,2000.0
Kkonminam,Kkonminam,https://aesthetics.fandom.com/wiki/Kkonminam,"['Hallyu', 'Ulzzang', 'Metrosexual', 'Soft_Boy']",Late 1990s,"Smooth, fair skin, meticulous grooming and styling, slim or boyish features, use of cosmetics (foundation, eyeliner), preppy and cruise-like outfits, floral/feminine prints, blended masculinity","Pastels, white, soft tones","Aesthetic perfection, emotional sensitivity, politeness, challenging the patriarchy","oys Over Flowers (K-Drama), The City of the Rising Sun (Film)",1990.0,1990.0
Knightcore,Knightcore,https://aesthetics.fandom.com/wiki/Knightcore,"['Bardcore', 'Dark_Fantasy', 'Fairy_Tale', 'Fantasy', 'FantasY2K', 'Medieval', 'Medievalcore']",nan,,"Silver, brown, red, royal blue, dark green","Chivalry, faith, patriotism, courage, honesty, loyalty, generosity, justice",,,
Kogal,Kogal,https://aesthetics.fandom.com/wiki/Kogal,"['Bodikon', 'Cyber_Doll', 'Erokawa', 'Gyaru', 'High_School_Dream', 'Kawaii', 'Nanchatte_Seifuku']",Early-to-mid 1990s,"School uniforms, loose socks, heavy make-up, decoden","Beige, white, black, pastels",To have fun and look cute,,1990.0,1990.0
Korean Cozy Beige,Korean_Cozy_Beige,https://aesthetics.fandom.com/wiki/Korean_Cozy_Beige,"['Caf%C3%A9_Aesthetic', 'Cozycore', 'Vanilla_Girl']",Unknown,"coffee, stationery, prints on the wall secured with washi tape, simple home decor, laptop for watching dramas","beige, brown, neutrals, stripes, plaid","slow living, coziness, minimalism","ine & Friends, Rilakkuma. Sanrio. We Bare Bears",,
Krocha,Krocha,https://aesthetics.fandom.com/wiki/Krocha,"['Gabber', 'Hands_Up', 'Partille-Johnny', 'Tecktonik', 'Scene', 'Rave']",Late 2000s,"Vokuhila (mullet) hairstyle, neon colors, Palestinian scarves (Keffiyeh), large belt buckles, artificial tans, V-neck shirts","Bright neons (pink, green, yellow) contrasted with black and white","Partying, consumerism, social status, trend-following, fun",,2000.0,2000.0
Krushclub,Krushclub,https://aesthetics.fandom.com/wiki/Krushclub,"['Brazilian_Phonk', 'Cybercore', 'HexD', 'Hyperpop', 'Sigilkore', 'Scenecore', 'Y2K_Futurism']",Early 2020s,"Stars, hearts, pixels, glowing filters, 2000s imagery, low-poly models, scanline filters","Monochrome (black, white, grey)",,,2020.0,2020.0
Kuromicore,Kuromicore,https://aesthetics.fandom.com/wiki/Kuromicore,"['Animecore', 'E-Girl', 'Girly_(Japanese)', 'Kawaii', 'Jirai_Kei', 'Kidcore', 'Pastel', 'Pastel_Goth', 'Sanriocore', 'Traumacore', 'Yami_Kawaii', '2020_Alt']",2010s,,"Warm white, pink, black, pastel purple",,"negai My Melody, Kuromi's Pretty Journey",2010.0,2010.0
Lad Culture,Lad_Culture,https://aesthetics.fandom.com/wiki/Lad_Culture,"['Blokecore', 'Britpop', 'Casuals', 'Chav', 'Cool_Britannia', 'Gorpcore', 'Normcore', 'Ultras']",1990s,"Football, beer, Britpop music, ""lads' mags,"" irreverent humor, tracksuits, polo shirts","Varies, often associated with sportswear and football team colors","Masculinity, hedonism, anti-intellectualism, group identity (""the lads""), banter",,1990.0,1990.0
Landevejsriddere,Landevejsriddere,https://aesthetics.fandom.com/wiki/Landevejsriddere,"['Bohemian', 'Crust_Punk', 'Gutter_Punk']",Early 20th Century,"Modified prams (barnevogn), heavily pinned vests, corduroy clothing, wide-brimmed hats, wooden walking sticks, companion dogs, beer crates, tents","Earth tones, faded black, denim blue, brass (pins/medals)","Autonomy, hierarchy, anti-materialism, communal loyalty, rejection of social safety nets",andevejsriddere og glade musikanter (1972 DR Documentary); Hus Forbi (Newspaper),1900.0,2000.0
Larme Kei,Larme_Kei,https://aesthetics.fandom.com/wiki/Larme_Kei,"['Babygirl', 'Balletcore', 'Dark_Nymphet', 'Girly_(Japanese)', 'Lovecore', 'Nymphet', 'Mote_Kei', 'Coquette']",2012,"Makeup, ribbons, bows, pearls","Varied, with pink and black as the most themed photo spreads","Sophistication, femininity, youth",arme Magazine,2012.0,2012.0
La Sape,La_Sape,https://aesthetics.fandom.com/wiki/La_Sape,"['Swenkas', 'Metrosexual', 'New_Romantic', 'Afrofuturism', 'Dandy']",1920s,,Any,"Elegance, beauty",,1920.0,1920.0
Laser Grid,Laser_Grid,https://aesthetics.fandom.com/wiki/Laser_Grid,"['Cassette_Futurism', 'Early_Cyber', 'Cyberpunk', 'Italo_Disco', 'Memphis_Design', 'Memphis_Lite', 'Silicon_Dreams', 'Synthwave', 'Vaporwave', 'Monochrome_Luxe']",nan,GridsAirbrushed lasersChrome and mirrorsGlass blocks,Black,,,,
Leather Subculture,Leather_Subculture,https://aesthetics.fandom.com/wiki/Leather_Subculture,"['Biker', 'Bondage', 'Fetish_Goth', 'Metalhead']",1940s (Post-WWII emergence),"Black leather, motorcycle jackets, chaps, harnesses, boots (moto/engineer), muir caps, studs and chains (metal hardware)","Black (dominant), silver (hardware)","Masculinity, rebellion, power exchange, nonconformity, community","he Wild One (1953 Film), Illustrations by Tom of Finland, Photography by Robert Mapplethorpe",1940.0,1940.0
Light Academia,Light_Academia,https://aesthetics.fandom.com/wiki/Light_Academia,"['Art_Academia', 'Bohemian', 'Comfy/Cozy', 'Cottagecore', 'Classicism', 'Dark_Academia', 'Green_Academia', 'Old_Money', 'Preppy', 'Romantic_Academia', 'Studyblr', 'Victorian']",2010s,"European/British, scholarly, old books, long corridors, fields of grass surrounded by woods, the hills, art, the classics","Beige, cream, light brown, white, plaid, dim shades","Positivity, academics, the classics, poetry/literature",,2010.0,2010.0
Ligne Claire,Ligne_Claire,https://aesthetics.fandom.com/wiki/Ligne_Claire,"['Adventurecore', 'Fleischer_Style', 'Vintage_Hero']",Mid-1940s to 1950s,"Consistent line thickness, minimal shading, flat colors, detailed backgrounds",Primary and secondary colors (often used in strong hues),"Clarity, simplicity, straightforward storytelling","he Adventures of Tintin, Franco-Belgian comics",1940.0,1950.0
Liminal Space,Liminal_Space,https://aesthetics.fandom.com/wiki/Liminal_Space,"['2020_TikTok', 'After_Hours', 'Dreamcore', 'Glitch_Art', 'Mizuiro', 'Poolcore', 'Precisionism', 'Surrealism', 'Traumacore', 'Urbancore', 'Vaporwave', 'Weirdcore']",2000s/Late 2010s,"Empty indoor/outdoor areas, white noise","Cream yellow, typical building colors, black and grey for shadows","Uncanniness, surreality, nostalgia, familiarity, discomfort, comfort",,2000.0,2010.0
Lithuanian Eurodisco,Lithuanian_Eurodisco,https://aesthetics.fandom.com/wiki/Lithuanian_Eurodisco,"['Disco_Polo', 'Italo_Disco']",1990s,"Cassette tapes, holographic ""Euro Star"" stickers, primitive 3D renders, fractal backgrounds, WordArt typography, village culture houses","Saturated gradients, metallic silver, neon green, hot pink, red","Escapism, naivety, post-Soviet transition, DIY production, localization","ndrew Miksys' ""DISKO"" series",1990.0,1990.0
Live Laugh Love,Live_Laugh_Love,https://aesthetics.fandom.com/wiki/Live_Laugh_Love,"['2014_Girly', 'Cottagecore', 'Minimalism', 'Positivity_Kawaii', 'Shabby_Chic', 'Soft_Countriana', 'Whimsicraft']",2000s,"Brush scripts, wooden textures, blackboard textures, word art signs, Rae Dunn pottery","pink, white, black, beige, brown","Family, positivity, self-serving irony, self-love","at Pray Love, justgirlythings",2000.0,2000.0
Living Doll,Living_Doll,https://aesthetics.fandom.com/wiki/Living_Doll,"['Barbiecore', 'Bimbocore', 'Coquette', 'Cyber_Doll', 'Himekaji', 'Kawaii', 'Kawaii_Gamer', 'Lolita', 'Ulzzang']",2010s,"Large eyes, doll-like makeup, long hair, slender figure, circle lenses, heavy image editing, porcelain-like skin","Pink, pastel colors","Beauty, femininity, perfection, artificiality",ouTube and Instagram makeup tutorials,2010.0,2010.0
Lobotomy Chic,Lobotomy_Chic,https://aesthetics.fandom.com/wiki/Lobotomy_Chic,"['Cuntry', 'Dark_Nymphet', 'Grunge', 'Heroin_Chic', 'Indie', 'Indie_Sleaze', 'Kinderwhore', 'Midwest_Gothic', 'Morute', 'Preacher%27s_Daughter', 'Slavic_Doll', 'Trailer_Park_Princess', 'Twilightcore', 'Waif', 'Weirdcore']",2020s,"Dissociation, pouty-face, catholic imagery, nostalgia, esoteric references, messiness, artificial authenticity, online culture and web 'it' girls","Grey, brown, white, beige-yellow, light blue","Detachment, nihilism, meta-irony, femininity, dark humor, broadness, self-awareness",,2020.0,2020.0
Lo-fi Art,Lo-fi_Art,https://aesthetics.fandom.com/wiki/Lo-fi_Art,"['Animecore', 'Cassette_Futurism', 'City_Pop', 'Coffee_House', 'Cozy_Gamer', 'Dreampunk', 'Sadboi', 'Vaporwave', 'Slushwave']",2010s,"Anime scenery, cozy interiors, rainy windows, sleeping pets, houseplants, headphones, cityscapes at night, VHS/analog artifacts","Muted colors, pastels, warm indoor lighting, cool outdoor tones (purples, blues)","Nostalgia, calmness, relaxation, introspection, comfort, authenticity, studying",,2010.0,2010.0
Logomania,Logomania,https://aesthetics.fandom.com/wiki/Logomania,[],1980s,,,,,1980.0,1980.0
LOLcore,LOLcore,https://aesthetics.fandom.com/wiki/LOLcore,"['Candycore', 'Internet_Awesomesauce', 'Kidcore', 'Maximalism', 'Pop_Art', 'Snackwave']",Mid-2010s,"Pop culture prints (cartoons, fast food), bright colors, kitsch, oversized accessories, clashing patterns, maximalism","Bright primary and secondary colors, often clashing","Humor, silliness, anti-minimalism, playful consumerism, self-mockery",,2010.0,2010.0
Lolicore,Lolicore,https://aesthetics.fandom.com/wiki/Lolicore,"['Akibapop', 'Animecore', 'Bubblegum_Dance', 'Cutecore', 'Glitchbreak', 'Kawaii', 'Maidcore', 'Otaku', 'OtoMAD', 'Weeaboo']",2000s,"High-pitched anime samples, recontextualization of slice-of-life anime, censorship bars, gore/blood splatters, visual noise (""deep-fried"" images), juxtaposition of mundane real-world men with anime girls","Pastels, neon, black, red","Satire ofotakuculture, shock value, ironic detachment, taboo themes, internet culture",,2000.0,2000.0
Lolita,Lolita,https://aesthetics.fandom.com/wiki/Lolita,"['Coquette', 'Dollcore', 'Girly_Kei', 'Gothic', 'Harajuku_Fashion', 'Hime_Gyaru', 'Kawaii', 'Mori_Kei', 'Ouji', 'Rococo', 'Romantic_Goth', 'Strega', 'Victorian', 'Visual_Kei', 'Yume_Kawaii']",Late 90s/Early 2000s,Depends on the substyle,Depends on the substyle,"Femininity, confidence, independence from the male gaze, and youth",,1990.0,2000.0
Lovecore,Lovecore,https://aesthetics.fandom.com/wiki/Lovecore,"['Angelcore', 'Coquette', 'Cottagecore', 'Dollette', 'Kawaii', 'Larme_Kei', 'Pridecore', 'Rococo', 'Romantic_Academia', 'Sanriocore']",2010s,"Hearts, love letters, kisses, bouquets, cherubs, Valentine's Day cards, lipstick prints","Red, pink, white","Romantic love, affection, sweetness, nostalgia, positivity",,2010.0,2010.0
Lowbrow,Lowbrow,https://aesthetics.fandom.com/wiki/Lowbrow,"['Art_Singulier', 'B-Movie_Horror', 'Chicha', 'Dieselpunk', 'Global_Village_Coffeehouse', 'Hot_Rod', 'Mission_School', 'Neo-Pop', 'Pop_Art', 'Psychedelia', 'Punk', 'Superflat', 'Superflat_Pop', 'Surfer', 'Surrealism', 'Tiki']",Late 1960s-Present,"Cartoons, pop culture icons, retro imagery, surreal figures, humor, rebellion, counterculture,kitsch",Vibrant/saturated colors,"Anti-establishment, accessibility, individual expression, subcultural influence, challenging artistic norms","uxtapoz Magazine, Last Gasp (publisher)",1960.0,1960.0
Low Poly,Low_Poly,https://aesthetics.fandom.com/wiki/Low_Poly,"['8-Bit', 'Analog_Horror', 'Kidcore', 'Liminal_Space', 'Krushclub', 'Modernism', 'Silicon_Dreams', 'Shanzhai', 'Webcore', 'Y2K_Futurism']","Originated from the 1990s, intentional aesthetic emerged in the 2010s","Low polygon amount, simple low-resolution textures, flat shading",Simple colors,"Blue sky, high transparency, high brightness, liminal space",,1990.0,2010.0
Lulicore,Lulicore,https://aesthetics.fandom.com/wiki/Lulicore,"['Dopamine_Dressing', 'Maillard_Style']",2020s,"Canelés, desserts","Brown, mocha mousse, pastels","Sweetness, gentleness",,2020.0,2020.0
Lumberjack,Lumberjack,https://aesthetics.fandom.com/wiki/Lumberjack,"['Adventurecore', 'Cabincore', 'Grunge', 'Hipster', 'Normcore']",Late 2000s,"Flannel shirts (especially buffalo plaid), selvedge denim, work boots, beards, axes, forests, cabins","Red, black, brown, denim blue, khaki, olive green","Authenticity, ruggedness, masculinity, craftsmanship, durability, connection to nature",,2000.0,2000.0
Lunarpunk,Lunarpunk,https://aesthetics.fandom.com/wiki/Lunarpunk,"['Solarpunk', 'Dreampunk', 'Cyberdelia', 'Goth', 'Naturecore', 'Witch_House']",Late 2010s,"Bioluminescence, glowing mushrooms, nocturnal scenes, moon and stars, moths, spirituality, occult symbols","Dark palettes (deep blue, purple, silver, black) with glowing accents","Individualism, spirituality, sustainability, introspection, harmony with nature",,2010.0,2010.0
Madchester,Madchester,https://aesthetics.fandom.com/wiki/Madchester,"['Acid_Design', 'Acid_House', 'Britpop', 'Casuals', 'Freakbeat', 'Groovival', 'Hippie', 'Indie', 'Lad_Culture', 'Mod', 'New_Rave', 'Northern_Soul', 'Post-Punk', 'Psychedelia', 'Punk', 'Rave']",1980s,"Bucket hats, baggy clothing, psychedelia, raving, 1960s iconography/inspiration, indie","All, vibrant and saturated/psychedelic","Local pride, musical innovation, drugs (particularly MDMA), hedonism (e.g. nightclubs), youth rebellion",,1980.0,1980.0
Mad Scientist,Mad_Scientist,https://aesthetics.fandom.com/wiki/Mad_Scientist,['Science_Academia'],nan,,"Neon purple and green, white, steel, turquoise, blue","Hubris, experimentation, eschewing morality for knowledge, destruction",,,
Mafia Aesthetic,Mafia_Aesthetic,https://aesthetics.fandom.com/wiki/Mafia_Aesthetic,"['Dark_Academia', 'Film_Noir', 'Femme_Fatale', 'Mob_Wife', 'Old_Money', 'Playboy', 'Yakuza_Aesthetic']",20th Century (Media Portrayals),"Sharp suits, fedoras, pinstripes, overcoats, cigars, classic luxury cars, dimly lit restaurants, Tommy guns","Black, white, grey, deep reds","Family loyalty, honor codes, secrecy (omertà), ambition, betrayal (all media tropes)","he Godfather trilogy, Goodfellas, The Sopranos, Scarface, Casino",1900.0,2000.0
Magical Girl,Magical_Girl,https://aesthetics.fandom.com/wiki/Magical_Girl,"['Animecore', 'Auroracore', 'Fairy_Kei', 'Kawaii', 'Moe', 'Nanchatte_Seifuku', 'Shoujo', 'Yume_Kawaii']",1960s,"Transformation magic, color coded costumes, youth, coming of age","Any, but typically pink and gold","Saving the World, Femininity, Courage, Friendship",,1960.0,1960.0
Magician,Magician,https://aesthetics.fandom.com/wiki/Magician,"['Witchcore', 'Wizardcore', 'Steampunk', 'Fanfare']",1700s-present,"Top hats, playing cards, crystal balls, rabbits","Burgundy, deep blue, emerald green, purple, black","Wonder, fame, trickery, mystique, illusions, flamboyance, deception, showmanship",,1700.0,1700.0
Maid,Maid,https://aesthetics.fandom.com/wiki/Maid,"['Animecore', 'Bondage', 'Erokawa', 'Femboy', 'Jersey_Maid', 'Kawaii', 'Kawaii_Gamer', 'Maidcore', 'Tacticool', 'Weeaboo']",2000s,"Maid dresses, aprons, frilly/laced clothing, feather dusters, thigh-high socks","Pastels and contrasts like black and white, pink and blue","Cuteness, service, playfulness,elegance, kawaii culture",,2000.0,2000.0
Maidcore,Maidcore,https://aesthetics.fandom.com/wiki/Maidcore,"['Glitchbreak', 'Lolicore', 'Maid', 'Witch_House']",Mid-2010s,"Nijiura Maids (including OCs), anime/otaku art style, glitch effects, pseudonyms, lo-fi production","Dark, moody palettes (black, grey, muted colors) with digital or neon accents","Anonymity, emotional expression (depressive-aggressive), experimentation, online community",,2010.0,2010.0
Maillard Style,Maillard_Style,https://aesthetics.fandom.com/wiki/Maillard_Style,"['Autumn', 'Dark_Academia', 'Dopamine', 'Grandparentcore', 'Grocery_Girl_Fall', 'Japandi', 'Lulicore', 'Old_Money']",2023 August,"Leather, fur, experimenting with shades and textures","Brown, caramel, orange, burgundy, shades of red",,,2023.0,2023.0
Majismo,Majismo,https://aesthetics.fandom.com/wiki/Majismo,"['Costumbrismo', 'Flamenco', 'Rococo', 'Torero_Aesthetic']",18th Century,"Mantilla and peineta, fans, tight jackets, waist sashes, redecilla (hairnet), daggers, guitars","Vibrant and colorful tones, with a heavy use of black, red, and gold/yellow embroidery","Casticismo (traditional Spanish purity), defiance, national pride, swagger, authenticity, anti-aristocratic sentiment",,1700.0,1800.0
Mallgoth,Mallgoth,https://aesthetics.fandom.com/wiki/Mallgoth,"['Cybergoth', 'E-Boy', 'E-Girl', 'Emo', 'Goth', 'Herki', 'Industrial', 'Nu-Metal', 'Scene']",Late 1990s-Early 2000s,"Baggy pants (Tripp NYC), chains and straps, fishnet, platform boots, studded belts, silver occult jewelry (ankhs, inverted crosses)","Primarily black, accented with red, purple, and silver","Teenage angst, rebellion, musical identity, commercial accessibility, dark humor",,1990.0,2000.0
Mall Ninja,Mall_Ninja,https://aesthetics.fandom.com/wiki/Mall_Ninja,"['Animecore', 'Nerd', 'Tacticool']",Early 2000s,"Impracticality, weaponry, being badass","Camouflage colors, iridescent rainbow","Violence, arrogance, detachment from reality",,2000.0,2000.0
Mallsoft,Mallsoft,https://aesthetics.fandom.com/wiki/Mallsoft,"['After_Hours', 'Corporate', 'Liminal_Space', 'Memphis_Design', 'Vaporwave']",2010s,"Shopping malls, atrium architecture, food courts, indoor fountains, neon signage, consumerist decay","Pink, teal, mint green, purple, white, gold","Nostalgia, hyper-consumerism, liminality, comfort, isolation","alm Mall,Vacant Places,슈퍼마켓Yes! We're Open",2010.0,2010.0
Manba,Manba,https://aesthetics.fandom.com/wiki/Manba,"['Coconut_Girl', 'Ganguro', 'Gyaru', 'Tropical']",Late 1990s-Early 2000s,"Exaggerated white makeup, deep artificial tans, voluminous and colorful hair, vibrant clothing, stickers on the face, Hawaiian motifs like hibiscus flowers","Black, white, and neon colors contrasted with the dark tan","Rebellion against traditional beauty standards, freedom, individuality, fun, club culture","agazines (egg, Ranzuki)",1990.0,2000.0
Mandrake,Mandrake,https://aesthetics.fandom.com/wiki/Mandrake,"['Gangsta_Rap', 'Paty_de_SP']",Late 1980s - 1990s (music); 2000s (as a distinct style),"Brand-name sportswear, gold jewelry, mirrored sunglasses, motorcycles, tattoos, funk parties (bailes funk)","Varies, often high-contrast and incorporating team colors","Ostentation, social mobility, street smarts, community identity, defiance",,1980.0,2000.0
Manguebeat,Manguebeat,https://aesthetics.fandom.com/wiki/Manguebeat,"['Psychedelia', 'Rave', 'Hip-Hop', 'Funk']",1990s,"Mangroves, crabs, parabolic dish in the mud, fusion of traditional and modern, social critique","Vibrant (white, blue, yellow, red, green), reflecting maracatu aesthetics","Self-expression, cultural resistance, appreciation of Brazilian Northeastern culture, social and environmental critique, artistic renewal","a Lama ao Caos (album), Manguebit (documentary)",1990.0,1990.0
Manueline,Manueline,https://aesthetics.fandom.com/wiki/Manueline,"['Baroque', 'Gothic', 'Italian_Renaissance', 'Mud%C3%A9jar', 'Nautical', 'Rococo', 'Spanish_Golden_Age']",15th-16th Century,"Nautical motifs, naturalism, intricate details, fantastical creatures, Christianity","Gold, earthy tones",,,1400.0,1600.0
Maranza,Maranza,https://aesthetics.fandom.com/wiki/Maranza,"['Chicago_Drill', 'Gorpcore', 'Racaille', 'Roadman', 'UK_Drill']","1980s (original term), 2020s (modern subculture)","Acetate tracksuits, football jerseys, crossbody bags (sacoches), puffer vests, balaclavas, bleached curls","Cobalt blue, black, fluorescent accents, luxury monograms","Territorial pride, urban defiance, social provocation, group loyalty",,1980.0,2020.0
Marshmallow Girl,Marshmallow_Girl,https://aesthetics.fandom.com/wiki/Marshmallow_Girl,"['Fairy_Tale', 'Gyaru', 'Kawaii', 'Soft_Girl']",2010s,"Softness, roundness (in silhouette), loose-fitting clothing, comfortable fashion, cute expressions, food imagery (as depicted by idols)","Often bright, cheerful palettes","Body positivity, self-acceptance, cuteness (kawaii) for all sizes, challenging conventional beauty norms, individuality, joy, comfort","a Farfa magazine, Chubbiness (J-Pop group), la BIG 3 (J-Pop group)",2010.0,2010.0
Martial Industrial,Martial_Industrial,https://aesthetics.fandom.com/wiki/Martial_Industrial,"['Dungeon_Synth', 'Industrial', 'Neofolk', 'Neue_Slowenische_Kunst']",1980s,"War, totalitarianism, military parades, European history, historical speeches, propaganda art, esoteric symbolism","Black, grey, olive drab, red, earth tones","Order, discipline, tradition, anti-egalitarianism, historical reverence, hierarchy",,1980.0,1980.0
Maximalism,Maximalism,https://aesthetics.fandom.com/wiki/Maximalism,"['Avant_Basic', 'Camp', 'Gen_Z_Maximalism', 'Grandmillenial', 'Grocery_Girl_Fall', 'Hollywood_Regency', 'Mob_Wife']",19th Century,"Bold colors, Prints, Patterns, Wallpaper, Rugs, Layering",,"Self expression, Experimentation",,1800.0,1900.0
McBling,McBling,https://aesthetics.fandom.com/wiki/McBling,"['Baddie', 'Barbiecore', 'Bimbocore', 'Bro_Hoe', 'Bubblegum_Bitch', 'Bubblegum_Bling', 'Fjortis', 'Frutiger_Aero', 'Groovival', 'Guido', 'Indie_Sleaze', 'Recession_Pop', 'Scene', 'Surf_Crush', 'Trailer_Park_Princess', 'Tweencore', 'UrBling', 'Y2K_Futurism']",2000s,"Rhinestones, glitter, Juicy Couture tracksuits, Von Dutch trucker hats, low-rise jeans, visible thongs, flip phones, paparazzi photos, tabloid culture","Hot pink, baby pink, metallics (gold and silver), black, white","Celebrity, fame, luxury, consumerism, ""new money"" attitude, partying, ""trashy"" glamour","he Simple Life, Mean Girls, Laguna Beach, Bling Era Rap Videos",2000.0,2000.0
MDLR,MDLR,https://aesthetics.fandom.com/wiki/MDLR,"['Cani', 'Chav', 'Racaille', 'UK_Drill']",Late 2010s,"Tracksuits, puffer jackets, fanny packs, balaclavas, scooters, neighborhood life","Varies, often dark and neutral tones from sportswear brands","Street life, neighborhood loyalty, anti-authoritarianism, class pride, friendship, resilience",,2010.0,2010.0
Meatcore,Meatcore,https://aesthetics.fandom.com/wiki/Meatcore,"['Gorecore', 'Devilcore', 'Weirdcore', 'Starrflesh', 'Teethcore', 'Cannibalcore']",nan,"Raw meat and flesh, organs, blood, bone, body horror.","Red, reddish white, pink","Discordance, Discomfort, Disgust, and in some cases, Feminism and Body Positivity",,,
Mecha,Mecha,https://aesthetics.fandom.com/wiki/Mecha,"['Cyberpunk', 'Hexatron', 'Post-Apocalyptic', 'Raygun_Gothic', 'Robotcore', 'Tokusatsu', 'Y2K_Futurism']",1950s,"Giant piloted robots, advanced technology, warfare, human-machine interface, existential threats, humanity's future","Metallic grays, primary colors, cool blues, stark whites, military greens","Technological empowerment, human adaptability, the ethics of conflict, strength through unity, introspection in the face of crisis","stro Boy, Gigantor, Mazinger Z, Mobile Suit Gundam, Transformers, Pacific Rim, Edge of Tomorrow, Neon Genesis Evangelion",1950.0,1950.0
Medicalcore,Medicalcore,https://aesthetics.fandom.com/wiki/Medicalcore,"['Cleancore', 'Plaguecore', 'Traumacore', 'Yami_Kawaii', 'Morute', 'Weirdcore', 'Dreamcore', 'Mochette']",nan,"Pills, bandages, medical equipment","White, red, and some pastels (especially pink, lavender, blue, and mint)",Sickness,,,
Medieval,Medieval,https://aesthetics.fandom.com/wiki/Medieval,"['Bardcore', 'Romanesque', 'Southern_French_Gothic', 'Visigothic_Art']",5th Century AD,,,"Christianity, feudalism",,400.0,500.0
Medievalcore,Medievalcore,https://aesthetics.fandom.com/wiki/Medievalcore,"['Cottagecore', 'Dark_Academia', 'Dark_Fantasy', 'Fairycore', 'FantasY2K', 'Goblincore', 'Knightcore', 'Medieval_Fantasy', 'Royalcore', 'Princesscore', 'Witchcore']",2020s,"Armor (chainmail, breastplates, corsets), hennins (princess hats), bonnets, cloaks, gothic and Catholic symbols, tapestry prints","Metallics (silver, gold), dark hues (black, deep red), and earthy tones (brown, forest green)","Escapism, empowerment, subversion, maximalism, historical fantasy, ""weird girl"" individuality",,2020.0,2020.0
Medieval Fantasy,Medieval_Fantasy,https://aesthetics.fandom.com/wiki/Medieval_Fantasy,"['Bardcore', 'Fantasy', 'Fairy_Tale', 'Knightcore', 'Royalcore', 'Bardcore', 'Dragoncore', 'Witchcore', 'Cottagecore']",nan,"Magic, knights, castles, crowns, swords","Purple, red, blue, green, brown, tan","Escapism, chivalry","egend of Zelda, Lord of the Rings, A Song of Ice and Fire",,
Med-Tech Visions,Med-Tech_Visions,https://aesthetics.fandom.com/wiki/Med-Tech_Visions,"['Abstract_Tech', '//cari.institute/aesthetics/corporate-gen-x-cyber', 'Early_Cyber', 'Kid_Science', 'Metalheart', 'Silicon_Dreams']",1990s,"Cells, neurons, organs, brain, DNA helix","Blue, black, red, yellow",,"echnology and science magazines, news media",1990.0,1990.0
Melodycore,Melodycore,https://aesthetics.fandom.com/wiki/Melodycore,"['Babycore', 'Girly_Kei', 'Kuromicore', 'Sanriocore', 'Larme_Kei', 'Soft_Girl']",Early 2020s,"My Melody character, hearts, ribbons, lace, sweet foods, dreamlike imagery, bows, sparkles and glitter","Pastel pink, white, cream","Light femininity, innocence, cuteness (kawaii), romanticism, comfort","negai My Melody, Kuromi's Pretty Journey",2020.0,2020.0
Meme Rap,Meme_Rap,https://aesthetics.fandom.com/wiki/Meme_Rap,"['Bastardcore', 'Deep_Fried_Meme', 'Epunk', 'Gangsta_Rap', 'Nerdcore', 'Trap_Metal', 'Vaporwave']",2010s,"Mascots with weapons/tattoos, East-Asian products, lo-fi digital editing, internet memes, children's show themes","Neon accents, saturated primary colors","Virality, novelty, irony,shock value,DIY ethos",,2010.0,2010.0
Memphis Design,Memphis_Design,https://aesthetics.fandom.com/wiki/Memphis_Design,"['Arcadecore', 'Avant_Basic', 'Bauhaus', 'Corporate_Memphis', 'Cyberpunk', 'Early_Cyber', 'Cyberdelic', 'De_Stijl', '//cari.institute/aesthetics/deco-luxe', '//cari.institute/aesthetics/decoplex', 'Dopamine', 'Factory_Pomo', 'Flat_Design', 'Frasurbane', 'Future_Funk', 'Global_Village_Coffeehouse', 'Grunge', 'Hair_Metal', 'Kidcore', 'Mallsoft', 'Memphis_Lite', '//cari.institute/aesthetics/memphis-jr', 'Minimalism', 'Neubrutalism', 'New_Wave', '//cari.institute/aesthetics/pacific-punk-wave', 'Pop_Art', 'Radical_Design', 'Synthwave', 'Toyism', 'Utopian_Scholastic', 'Vaporwave', 'Wacky_Pomo', 'Y2K_Futurism']",1980s,"Geometric shapes, zig zagged lines","Pink, blue, yellow, black, white, red, purple, teal",Experimentation,,1980.0,1980.0
Memphis Jr.,Memphis_Jr.,https://aesthetics.fandom.com/wiki/Memphis_Jr.,"['Kidcore', 'Memphis_Design', 'Memphis_Lite']",nan,"Geometric shapes (circles, squares, rectangles, triangles), squiggles, swirls, polka dots, stars","Red, orange, yellow, blue","whimsy, playfulness, childhood, creativity",,,
Memphis Lite,Memphis_Lite,https://aesthetics.fandom.com/wiki/Memphis_Lite,"['Art_Deco', '//cari.institute/aesthetics/corporate-gen-x-cyber', 'Corporate_Grunge', 'Cubism', '//cari.institute/aesthetics/deco-luxe', '//cari.institute/aesthetics/decoplex', 'Diner', 'Factory_Pomo', 'Frasurbane', 'Global_Village_Coffeehouse', 'Laser_Grid', 'Memphis_Design', '//cari.institute/aesthetics/memphis-jr', 'Monochrome_Luxe', '//cari.institute/aesthetics/pacific-punk-wave', '//cari.institute/aesthetics/rad-dog-neon-surf', 'Raygun_Gothic', 'Graffiti_Pop', 'Synthwave', 'Vaporwave', 'Wacky_Pomo', 'Whimsicraft']",1980s,"Pastel CMYK colors, squiggles and brushstrokes, geometric abstraction with cubist influence","Bright primaries, aqua, teal, purple, magenta",,,1980.0,1980.0
Mermaidcore,Mermaidcore,https://aesthetics.fandom.com/wiki/Mermaidcore,"['Coconut_Girl', 'Dark_Nautical', 'Fantasy', 'Nautical', 'Seapunk', 'Surf_Crush']",2020s,"Seashells, pearls, fish scales (sequins, paillettes), coral, waves, iridescent textures, crochet/netting, starfish","Aquamarine, seafoam green, lilac, coral pink, iridescent silvers and blues, jewel tones",,"he Little Mermaid (2023), Aquamarine (2006), H₂O: Just Add Water",2020.0,2020.0
Messy French Girl,Messy_French_Girl,https://aesthetics.fandom.com/wiki/Messy_French_Girl,"['French_Girl', 'Coquette', 'Rockstar_GF', 'Downtown_Girl', 'Heroin_Chic', 'Indie_Sleaze', 'Waif']",Early 2020s,"Leather jackets, slip dresses, oversized blazers, smudged eyeliner, red lipstick, cigarettes (derived fromhistorical marketing), high-end accessories, messy hair","Black, red, cream, beige, nude tones","Effortless elegance, spontaneity, chaos, romance, understated luxury",,2020.0,2020.0
Metal,Metal,https://aesthetics.fandom.com/wiki/Metal,[],nan,,,,,,
Metalhead,Metalhead,https://aesthetics.fandom.com/wiki/Metalhead,"['Goth', 'Grunge', 'Psychedelia', 'Punk', 'Rivethead']",1970s,"Leather and studs, band logos/patches, long hair (or shaved head), corna hand gesture, alienation from mainstream society","Black, white, red, muted denim/leather tones, silver (studs/hardware)","Authenticity (anti-poser), loyalty, anti-commercialism (refusal to ""sell out""), devotion to metal music","eavy Metal Parking Lot (1986), The Decline of Western Civilization Part II: The Metal Years (1988)",1970.0,1970.0
Metalheart,Metalheart,https://aesthetics.fandom.com/wiki/Metalheart,"['Abstract_Tech', 'Early_Cyber', 'Cyberdelic', 'Cybersigilism', 'Chromecore', 'Corporate_Grunge', 'Cyberpunk', 'Dark_Aero', 'Gen_X_Soft_Club', '90s_Cool', 'Hexatron', 'Hipness_Purgatory', 'McBling', 'Med-Tech_Visions', 'Nu-Metal', 'Silicon_Dreams', 'UrBling', 'Vectorbloom', 'Vectorheart', 'Webcore', 'Y2K_Futurism']",1990s,"Deformed abstract shapes, metal/chrome textures, futuristic UI and fonts","Gray, Black, White, Blue, Green, Red, Yellow",,he Matrix,1990.0,1990.0
Metrosexual,Metrosexual,https://aesthetics.fandom.com/wiki/Metrosexual,"['Chic_Modernist', 'Corporate', 'Dandy', 'Kkonminam', 'Sprezzatura', 'Playboy']",1990s (coined)2000s (popularized),"Personal grooming, fashion-conscious dressing, cultivated appearance, self-care","Neutrals, lighter colors","Self-adornment, aesthetic appreciation, breaking traditional gender norms in presentation, consumerism","ueer Eye for the Straight Guy (original series), men's fashion editorials",1990.0,2000.0
Mexican Muralism,Mexican_Muralism,https://aesthetics.fandom.com/wiki/Mexican_Muralism,"['Art_Deco', 'Avant-garde', 'Classicism', 'Cubism', 'Expressionism', 'Futurism', 'Modernism', 'Orientalism', 'Socialist_Realism']",1920s-1950s,"Indigenous imagery, revolutionary themes, historical narratives, social commentary, national identity, fresco painting",Vibrant colors,"Social justice, revolution, education, national pride, indigenous representation, accessibility of art",,1920.0,1950.0
Mid-Century Medieval,Mid-Century_Medieval,https://aesthetics.fandom.com/wiki/Mid-Century_Medieval,"['Aestheticism', 'Bohemian', 'Beatnik', 'Corporate_Hippie', 'Ethereal', 'Fantasy', 'Flower_Power', 'Groovival', 'Hippie', 'Knightcore', 'Medieval_Fantasy', 'Psychedelia', 'Peacock_Revolution', 'Renaissance_Revival', 'Vintage']",1950s,"Embroidery, lush gardens, castles, knights,","Red, yellow, blue","Community, craftsmanship, honor, artistry, dreams, courtly love","ord of the Rings, Donkeyskin, Monty Python and the Holy Grail",1950.0,1950.0
Mid-Century Modern,Mid-Century_Modern,https://aesthetics.fandom.com/wiki/Mid-Century_Modern,"['Streamline_Moderne', 'Googie', 'Space_Age', 'Atompunk', 'Bauhaus', 'Scandinavian_Design']",c. 1945–1969,"Clean lines, organic and geometric forms, functionality over ornament, open-plan spaces, large windows, integration with nature","Earthy tones (wood, greens, browns) mixed with pops of bold color (mustard yellow, orange, turquoise)","Simplicity, functionality, optimism, modernity, connection to nature",,1945.0,1969.0
Mid-Century Nursery Kitsch,Mid-Century_Nursery_Kitsch,https://aesthetics.fandom.com/wiki/Mid-Century_Nursery_Kitsch,"['American_Kitsch', 'Babycore', 'Delicate_Sweet', 'Kawaii', 'Morute']",1950s,"Rubber-faced plush animals, ceramic animal figurines and planters, anthropomorphized animals with infant-like features, pastel gift wrapping and greeting card illustration, bow and ribbon detailing, rosy airbrushed cheeks","Baby pink, powder blue, butter yellow, mint green, cream, white",,,1950.0,1950.0
Midwest Emo,Midwest_Emo,https://aesthetics.fandom.com/wiki/Midwest_Emo,"['Doomer', 'Emo', 'Indie', 'Normcore']",1990s,"Emotions, sadness, suburban life, twinkly guitars, sports themes, college experiences, nostalgia, weed","plaid patterns, earth tones, faded colors","friendship, acceptance",,1990.0,1990.0
Midwest Gothic,Midwest_Gothic,https://aesthetics.fandom.com/wiki/Midwest_Gothic,"['After_Hours', 'Anglo_Gothic', 'Cottagegore', 'Cryptidcore', 'Forestpunk', 'Liminal_Space', 'Regional_Gothic', 'Southern_Gothic', 'Suburban_Gothic']",2010s,"Alienation, emptiness, ruralness, nature",,,argoAmerican GodsSupernatural,2010.0,2010.0
Milipili,Milipili,https://aesthetics.fandom.com/wiki/Milipili,"['Y2K', 'Cacareco_Girl', 'McBling', 'Indie_Sleaze', 'Baddie', 'Cayetana', 'Boho-Chic', 'Brat_Summer']",Early 2020s,"Low-rise pants, crop tops, ripped clothing, platform boots, glitter, visible thongs, small handbags","Black, white, denim, with pops of color","Affluence, trend-consciousness, social status, ""it girl"" persona, party culture",ollapalooza Argentina,2020.0,2020.0
Military Chic,Military_Chic,https://aesthetics.fandom.com/wiki/Military_Chic,"['Cyber_Grunge', 'Military_Lolita', 'Rivethead', 'Safari_Chic', 'Warcore']",19th Century (modern origins),"Military jackets, combat boots, camouflage print, cargo pockets, epaulettes, brass buttons, khaki and olive tones","Khaki, olive drab, tan, brown, black","Strength, functionality, confidence, authority, toughness, elegance",,1800.0,1900.0
Military Lolita,Military_Lolita,https://aesthetics.fandom.com/wiki/Military_Lolita,"['Lolita', 'Military_Chic', 'Nazi_Chic', 'Ouji']",nan,"Structured jackets, epaulettes, gold buttons and braids, medals and insignia, pleated skirts, military-style caps, weaponry (as props)","Black, navy, deep green, khaki, burgundy","Elegance, discipline, strength, formality, power",,,
Millennial Feng,Millennial_Feng,https://aesthetics.fandom.com/wiki/Millennial_Feng,"['Heisei_Retro', 'Y2K', 'Chinese_Dreamcore', 'Gyaru', 'Girl_Crush']",2000s (origin)2020s (nostalgia),Chinese and other East Asian pop culture and fashion of the 2000s,Bright colors,"Abundance, ambition, individual expression, confidence, optimism",,2000.0,2020.0
Minet,Minet,https://aesthetics.fandom.com/wiki/Minet,"['Americana', 'Androgynous', 'Beatnik', 'Britpop', 'Dandy', 'French_New_Wave', 'Mod', 'Paninaro', 'Preppy', 'Teddy_Boy', 'Y%C3%A9-y%C3%A9']",1960s,,,,,1960.0,1960.0
Minimalism,Minimalism,https://aesthetics.fandom.com/wiki/Minimalism,"['Bauhaus', 'Brutalism', 'Chic_Modernist', 'Coastal_Style', 'Comfy/Cozy', 'Corporate_Memphis', 'Cyberminimalism', 'De_Stijl', 'Flat_Design', 'Heroin_Chic', 'Hygge', 'International_Typographic_Style', 'Japandi', 'Minimal_Wave', 'Plakatstil', 'Power_Dressing', 'Precisionism', 'Purism', 'Scandinavian_Design', 'St_Ives_School', 'Suprematism']",1960s,,"Any colors, commonly white, neutrals, and muted tones","Quality over quantity, decluttering, prioritizing important things, attention to materials and textures, anti-materialism, freedom, enviromentalism",,1960.0,1960.0
Minimal Wave,Minimal_Wave,https://aesthetics.fandom.com/wiki/Minimal_Wave,"['Constructivism', 'DIY_Punk', 'Electroclash', 'Electronic_Body_Music', 'Goth', 'Industrial', 'Minimalism', 'New_Beat', 'New_Wave', 'No_Wave', 'Post-Punk']",Late 1970s (initial musical period); 2000s (term coinage and subsequent renewed interest),"Monochrome imagery, geometric abstraction, tape grain/noise, oscilloscopes, medical diagrams, stark typography, footage from vintage movies (social media uploads)","Black, white, grey","Detachment, existentialism, DIY ethos, anti-commercialism, lo-fi authenticity",inimal Wave Records,1970.0,2000.0
Mizuiro,Mizuiro,https://aesthetics.fandom.com/wiki/Mizuiro,"['Angelcore', 'Auroracore', 'Chromecore', 'Y2K_Futurism', 'Kawaii_Gamer', 'Liminal_Space', 'Neo-Tribal', 'Otaku', 'Frutiger_Aero', 'Jersey_Maid', 'Seapunk', 'Webcore']",2010s,Cool toned filters,"Light blue, turquoise, white, sometimes grey","Innocence, fragility",,2010.0,2010.0
MLG,MLG,https://aesthetics.fandom.com/wiki/MLG,"['2010s_Meme_Maximalism', 'Arabfunny', 'Brostep', 'Deep_Fried_Meme', 'Internet_Awesomesauce', 'Meme_Rap', 'Surreal_Meme', 'Yabujincore']",2010s,"Hitmarkers, air horns, Doritos, Mountain Dew, 360 noscopes, lens flares, Illuminati, rainbow frogs, cigarettes (often in combination with 8-bit glasses)","Rainbow (over-saturated), neon green, gold","Satire, absurdity, sensory overload, nostalgia","ouTube Poop, Call of Duty Montages",2010.0,2010.0
Mob Wife,Mob_Wife,https://aesthetics.fandom.com/wiki/Mob_Wife,"['Boujee', 'Clean_Girl', 'Femme_Fatale', 'Mafia_Aesthetic', 'Maximalism', 'Rockstar_GF']",2020s,"Animal prints, faux fur, designed bags, black boots","Black, gold, yellow, red","Opulence, luxury, glamour, materialism, Italian-American inspiration","he Sopranos, Goodfellas",2020.0,2020.0
Mochette,Mochette,https://aesthetics.fandom.com/wiki/Mochette,"['Crowcore', 'Cottagegore', 'Fairycore', 'Fairy_Grunge', 'Forestpunk', 'Gloomy_Coquette', 'Goblincore', 'Kinderwhore', 'Medicalcore', 'Mori_Kei', 'Morute', 'Soft_Grunge', 'Trailer_Park_Princess', 'Vulture_Culture']",2010s (origin)2020s (coined),"Bugs, worms, vermin/pests, human anatomy and bodily fluids, mold/fungi, disease and injury, raw meat, abandoned places, antiques worn with age, old dolls and parts, lace, wild animals, old weapons and tools, saints and church iconography","Green, pink, brown, white, gray","Finding beauty in decay and death, finding beauty in the 'ugly,' nihilism, acceptance of death",,2010.0,2020.0
Mod,Mod,https://aesthetics.fandom.com/wiki/Mod,"['Beatnik', 'Dolly_Girl', 'Hippie', 'Mod_Revival', 'Northern_Soul', 'Peacock_Revolution', 'Pop_Art', 'Rockers', 'Rude_Boy', 'Shibuya-Kei', 'Skinhead', 'Space_Age', 'Teddy_Boys', 'Y%C3%A9-y%C3%A9']",Late 1950s,"Tailored suits, miniskirts, A-line dresses, polo shirts, Union Jack, RAF roundel, motor scooters (Vespa, Lambretta)","Black and white contrasts, bold primary colors (red, blue, yellow), orange, turquoise","Modernism, sophistication, attention to detail, consumerism, androgyny, rebellion against the older generation",,1950.0,1950.0
Modernisme,Modernisme,https://aesthetics.fandom.com/wiki/Modernisme,"['Art_Nouveau', 'Arts_and_Crafts', 'Symbolism']",c. 1888 - 1911,"Organic forms, natural motifs (plants, animals, geology), curvilinear ""whiplash"" lines, symbolism, stained glass, trencadís mosaics, wrought ironwork","Vibrant polychromy, rich jewel tones, earthy and natural tones","Catalan cultural revival (Renaixença), national identity, artistic freedom, integration of the arts (Gesamtkunstwerk), innovation with materials",,1888.0,1911.0
Mod Revival,Mod_Revival,https://aesthetics.fandom.com/wiki/Mod_Revival,"['Mod', 'Punk', 'New_Wave', 'Casuals', '2_Tone']",Late 1970s,"Motor scooters (Vespa, Lambretta), RAF roundels, tailored suits, parkas, Fred Perry polo shirts, two-tone tonic suits",,"Nostalgia (for 1960sModculture), sharp style, youth rebellion, musical identity",uadrophenia (1979 film),1970.0,1970.0
Monochrome Luxe,Monochrome_Luxe,https://aesthetics.fandom.com/wiki/Monochrome_Luxe,"['Cassette_Futurism', '//en.wikipedia.org/wiki/High-tech_architecture', 'Memphis_Design', 'Memphis_Lite', '//www.are.na/evan-collins-1522646491/early-1980s-primary-color-high-tech-minimalism', 'Festival_Marketplace', '//www.are.na/evan-collins-1522646491/neoclassical-pomo', 'Hexatron', 'Recession_Pop#Avantropop', 'Laser_Grid']",80s,"black and white with color accents, steel trusses, minimalism, geometric shapes, white tile with black grout",Black and white,,,1980.0,1980.0
Mori Kei,Mori_Kei,https://aesthetics.fandom.com/wiki/Mori_Kei,"['Classic_Lolita', 'Cottagecore', 'Cult_Party_Kei', 'Dolly_Kei', 'Fairycore', 'Fairy_Grunge', 'Forestpunk', 'Goblincore', 'Lolita', 'Naturecore', 'Shabby_Chic', 'Strega']",2000s,"Forests, deer, moss, flowers, hanging herbs, wood nymphs, baby animals, greenery, cottages, fairy tales, white dresses","Earth tones, green, brown, white, soft pinks, yellow","Love of the forest, quiet hobbies, reading, drinking tea, herbalism, natural lifestyle",asha TudorKOKIA’s The VoiceVashti Bunyan’s Just Another Diamond DayHoney and CloverHeavenly ForestStudio Ghibli,2000.0,2000.0
Morute,Morute,https://aesthetics.fandom.com/wiki/Morute,"['Catholic_Horror', 'Cult_Party_Kei', 'Cutegore', 'Delicate_Sweet', 'Gloomy_Coquette', 'Gothic', 'Kinderwhore', 'Midwest_Gothic', 'Mochette', 'Nymphet', 'Preacher%27s_Daughter', 'Slavic_Violence_Tumblr', 'Southern_Gothic', 'Teethcore', 'Traumacore', 'Trailer_Park_Princess', 'Waif', 'Yami_Kawaii']",Early 2010s,"Death,cuteness, trauma, horror, girlhood, religion, depression","Pink, white, black, and gray","Depression, nihilism, vulnerability, religious guilt, interest in the macabre, feeling dirty after abuse, desire to be innocent, nostalgia",lowers in the Attic (film and book series)Other books/films by VC AndrewsMark Ryden's artNicole DollangangerRisa Mehmet's artWelcome to the Dollhouse (1995),2010.0,2010.0
Mosscore,Mosscore,https://aesthetics.fandom.com/wiki/Mosscore,"['Cabincore', 'Changelingcore', 'Cottagecore', 'Crowcore', 'Cryptidcore', 'Dark_Academia', 'Earthcore', 'Forestpunk', 'Mushroomcore', 'Natural_Philosophy', 'Witchcore']",2010s,"Moss, nature, woodland appreciation","Mid to dark greens, dark browns",,,2010.0,2010.0
Mote Kei,Mote_Kei,https://aesthetics.fandom.com/wiki/Mote_Kei,"['Girly_Kei', 'Gyaru', 'Larme_Kei']",Late 2000s,"Attractiveness, simplicity",Neutrals,,,2000.0,2000.0
Motomami,Motomami,https://aesthetics.fandom.com/wiki/Motomami,"['Biker', 'Choni', 'Cyberpunk', 'McBling', 'Neoperreo', 'Raxet']",2020s,"Motorcycles, biker jackets, leather, cyberpunk helmets, butterflies, Y2K sunglasses, racing pants","Red, black, white, pink","Transformation, strength, vulnerability, self-confidence, sexual empowerment, feminine power",,2020.0,2020.0
Movida Madrileña,Movida_Madrile%C3%B1a,https://aesthetics.fandom.com/wiki/Movida_Madrile%C3%B1a,"['Basque_Radical_Rock', 'Camp', 'Goth', 'Movida_Viguesa', 'New_Wave', 'New_Romantic', 'Punk', 'Post-Punk', 'Quinqui']",Late 1970s,"DIYfashion, nightlife, artistic experimentation, transgression, kitsch, Catholic iconography (reappropriated), urban decay","Black, red, fuchsia, electric blue, and other bold, high-contrast combinations","Freedom of expression, hedonism, creativity, sexual liberation, anti-fascism, breaking taboos, modernity",,1970.0,1970.0
Mudéjar,Mud%C3%A9jar,https://aesthetics.fandom.com/wiki/Mud%C3%A9jar,"['Gothic_Architecture', 'Romanesque']",12th–16th Centuries,"Intricate brickwork, geometric tilework (azulejos), carved stucco (yesería), elaborate wooden ceilings (artesonado), horseshoe arches, blind arcades","Terracotta, brick red, earth tones, with vibrant blues, greens, and whites from tilework","Cultural syncretism, coexistence (convivencia), ornamentation, craftsmanship",,1100.0,1600.0
Mushroomcore,Mushroomcore,https://aesthetics.fandom.com/wiki/Mushroomcore,"['Cottagecore', 'Dark_Naturalism', 'Earthcore', 'Fairycore', 'Forestpunk', 'Goblincore', 'Mori_Kei', 'Mossy', 'Naturecore', 'Witchcore']",Early 2020s,"Fungi (especially Amanita muscaria), forest floors, moss, fairy rings, foraging, snails, frogs, gnomes","Earthy tones (browns, creams, muted reds), moss green","Connection to nature, wonder, mysticism, sustainability, finding beauty in decay",,2020.0,2020.0
Mythpunk,Mythpunk,https://aesthetics.fandom.com/wiki/Mythpunk,"['Dark_Fantasy', 'Fantasy', 'Fairy_Tale', 'Dark_Academia', 'Goth', 'Gothic', 'Forestpunk', 'Fairycore', 'Strega', 'Vampire', 'Werewolf', 'New_Romantic']","Varies, due to the disconnected nature of many subgenres","Urban Fantasy, non-linear storytelling, fairy tale retellings, Magical Realism, poetry, lyricism, morbidity, sensuality, Surrealism, horror",,,ythpunk:The Orphan’s Tales by Cathrynne M. ValenteWeetzie Bat by Francisca Lia BrockThe Bloody Chamber by Angela CarterRed As Blood by Tanith LeeElfpunk:Terri Windling‘s BorderlandWar For the Oaks by Emma BullThe Book of Atrix Wolfe by Patricia A. McKillipJack the Giant-Killer by Charles de Lint,,
Naarmcore,Naarmcore,https://aesthetics.fandom.com/wiki/Naarmcore,"['Gorpcore', 'Normcore']",2020s,"Puffer jackets, cargo pants, parachute pants, hiking shoes (e.g., Salomons), beanies","Neutral and earth tones (khaki, black, grey, beige)",,,2020.0,2020.0
Nanchatte Seifuku,Nanchatte_Seifuku,https://aesthetics.fandom.com/wiki/Nanchatte_Seifuku,"['Animecore', 'Cyber_Doll', 'High_School_Dream', 'Gyaru', 'Kogal', 'Magical_Girls', 'Preppy', 'Yandere', 'Nautical']",2000s,Anything related to school life.,,"Friendship, teamwork, academic rigor, competive spirit",,2000.0,2000.0
Naturecore,Naturecore,https://aesthetics.fandom.com/wiki/Naturecore,"['Adventurecore', 'Cabincore', 'Cottagecore', 'Cozy_Gamer', 'Dark_Naturalism', 'Fairycore', 'Goblincore', 'Mori_Kei', 'Mushroomcore', 'Plant_Mom', 'Prairie', 'Vulture_Culture']",2020s,"Forests, mountains, plants, flowers, wild animals, natural landscapes","Greens, browns, earth tones, white","Appreciation of nature, environmentalism, tranquility, escapism, sustainability",,2020.0,2020.0
Nautical,Nautical,https://aesthetics.fandom.com/wiki/Nautical,"['Coastal_Style', 'Dark_Nautical', 'Newlyn_School', 'Ocean_Grunge', 'Pirate', 'Poolcore', 'Preppy', 'Seapunk', 'St_Ives_School', 'Tropical', 'Nanchatte_Seifuku', 'Vacation_Dadcore', 'VSCO_Girl']",nan,"The sea, lighthouses, boats, sea life, beaches, sea, beach houses, coastline, coast","Blue,white,red,cyan,brown","Serenity, simplicity, environmentalism, appreciation of nature",onald DuckPopeyeThe Marvelous Misadventures of FlapjackWadanohara and the Great Blue Sea,,
Nautical Fantasy,Nautical_Fantasy,https://aesthetics.fandom.com/wiki/Nautical_Fantasy,"['Nautical', 'Fantasy', 'Mermaid', 'Ocean_Grunge', 'Dark_Nautical', 'Dark_Academia', 'Light_Academia', 'Pirate', 'Seapunk', 'Oceanpunk', 'Steampunk']",1180 (The Kraken myth),"Ocean, seafaring, fantasy, pirates, magic, sea monsters","Blue, green, brown, grey, metallic tones, bronze",,"0,000 Leagues Under The SeaRed Seas Under Red SkiesPirates of the Caribbean",1180.0,1180.0
Nazi Chic,Nazi_Chic,https://aesthetics.fandom.com/wiki/Nazi_Chic,"['Bondage', 'Communist_Chic', 'Electronic_Body_Music', 'Glam_Rock', 'Industrial', 'Metal', 'Neofolk', 'Punk']",Mid-1970s,"Swastika, Iron Cross, Totenkopf (skull), SS runes, Nazi-era military insignia, German Gothic script","Black, red, white, sometimes silver","Transgression,subversion,shock value, critique of authority, historical allusion (when used for commentary)",,1970.0,1970.0
Necrotrap,Necrotrap,https://aesthetics.fandom.com/wiki/Necrotrap,"['Analog_Horror', 'Horrorcore', 'Industrial', 'Trap_Metal', 'Warcore']",2020s,"Militant and warfare imagery, horror and slasher film elements, gore and body horror, occult imagery, hacking and cyberwarfare visuals, deliberately degraded image processing, clay figures (legacy)",Dark tones,"Aggression, animalistic intensity, controlled distortion, world-building, shock value","lasher and horror films, horror cinema, combat footage, FPS gaming culture",2020.0,2020.0
Neko,Neko,https://aesthetics.fandom.com/wiki/Neko,"['Animecore', 'Erokawa', 'Puppygirl', 'Sanriocore', 'Yume_Kawaii', 'Femboy', 'Softie#Softboy']",1920s2000s (modern),"Catgirls, fluffiness, bows and ribbons, bells, gloves, stockings, frills, paws, maid cafes","Pink, lilac, yellow, rose gold, gold, black","Cuteness, childishness, femininity, mischievousness, playfulness",eko MusumeThe Star of the CottonlandTokyo Mew MewNekopara,1920.0,2000.0
Neo-Aero,Neo-Aero,https://aesthetics.fandom.com/wiki/Neo-Aero,"['Cleancore', 'Frutiger_Aero', 'Glassmorphism', 'Neo-Y2K', 'PC_Music', 'Webcore']",Early 2020s,"Hyper-realistic glass and liquid skeuomorphism, exaggerated lens flare and sunbeams, floating bubbles and spheres, lush green fields/hills, bright blue skies with wispy clouds, technological optimism, friendly 3D characters, oversized fish","Electric blue, sky blue, saturated grass green, white (used for digital glow/reflection), chrome/glass transparency","Technological optimism (retrospective), comfort, tranquility, environmental consciousness, innocence, maximalist digital polish",,2020.0,2020.0
Neo-Chinese Style,Neo-Chinese_Style,https://aesthetics.fandom.com/wiki/Neo-Chinese_Style,"['Cyberpunk', 'Guochao', 'Too_Cool', 'Yabi', 'Y2K']",Late 20th Century-Present,"Mandarin collars, frog closures, traditional Chinese embroidery, Chinese knots, reinterpreted Qipao/Hanfu silhouettes, natural fabrics, traditional patterns (flowers, birds, dragons), simplified forms","Neutral tones, earthy tones, pastels, rich traditional colors","Cultural identity, fusion of tradition and modernity,national pride, individuality, comfort, practicality",,1900.0,2000.0
Neoclassicism,Neoclassicism,https://aesthetics.fandom.com/wiki/Neoclassicism,"['Classicism', 'Empire_Style', 'Gustavian', 'Hellenic', 'Incroyables_and_Merveilleuses', 'Rococo', 'Romanticism']",c. 1760–1830,"Classical mythology and history, civic virtue, heroism, architectural ruins, togas and Greco-Roman attire, austere settings, idealized figures","Somber, serious colors; strong, clear light; avoidance of Rococo pastels","Order, reason, restraint, solemnity, morality, patriotism, civic duty, clarity, idealism",aintingSculptureArchitectureDecorative Arts,1760.0,1830.0
Neofolk,Neofolk,https://aesthetics.fandom.com/wiki/Neofolk,"['Goth', 'Industrial', 'Martial_Industrial', 'Post-Punk']",1980s,"Runes (Algiz, Sowilo), Totenkopf, camouflage, 1930s formal wear, woodcuts, heraldry, acoustic guitars, field recordings","Olive drab, field grey, black, charcoal, parchment white","Anti-modernism, cultural lament, ambiguity, traditionalism, historical trauma",,1980.0,1980.0
Neon Noir,Neon_Noir,https://aesthetics.fandom.com/wiki/Neon_Noir,"['Cyberpunk', 'French_New_Wave', 'Synthwave', 'Film_Noir']",1980s,"Crime, Neon lights, Nightlife","Purple, blue, red",,lade Runner,1980.0,1980.0
Neon Ooze,Neon_Ooze,https://aesthetics.fandom.com/wiki/Neon_Ooze,"['Mad_Scientist', 'Slimepunk', 'Wacky_Pomo']",1980s-1990s,"Slime, trash","Green, Purple, Blue",,,1980.0,1990.0
Neoperreo,Neoperreo,https://aesthetics.fandom.com/wiki/Neoperreo,"['Bimbocore', 'Cyberpunk', 'Goth', 'Motomami', 'Neo-Y2K', 'Raxet', 'Reggaetonero']",Mid-2010s,"Exaggerated makeup, false nails, tattoos, high fashion mixed with street style, futuristic/net artvisuals","Varies, often features bold and vibrant colors or dark, gothic-inspired palettes","Inclusivity, feminism, LGBTQ+ empowerment, sexual liberation, DIY ethos, anti-commercialism",,2010.0,2010.0
Neo-Pop,Neo-Pop,https://aesthetics.fandom.com/wiki/Neo-Pop,"['Dadaism', 'Global_Village_Coffeehouse', 'Minimalism', 'Pop_Art', 'Superflat', 'Lowbrow']",1980s,"Everyday objects, kitsch, celebrity icons, cartoon characters, consumer goods, appropriation, balloon animals","Bright, saturated, commercial colors","Appropriation, critique of consumerism, embracing banality, blurring lines between high art and mass culture",,1980.0,1980.0
Neo-Tokyo,Neo-Tokyo,https://aesthetics.fandom.com/wiki/Neo-Tokyo,"['Cyberpunk', 'Biopunk', 'Synthwave', 'Vaporwave']",1980s,"Megastructures, neon-lit skyscrapers, holographic advertisements, dense urban sprawl, Japanese signage, rain-slicked streets, flying vehicles, biker gangs","Saturated neons (pink, blue, purple, red), deep blacks, cool grays","Urban decay, technological overreach, corporate power, social alienation, youth rebellion","kira, Ghost in the Shell, Blade Runner (as a key influence)",1980.0,1980.0
Neo-Vectorheart,Neo-Vectorheart,https://aesthetics.fandom.com/wiki/Neo-Vectorheart,"['Acid_Design', 'Cyberminimalism', 'Cyberpunk', 'Gamer', 'Hexatron', 'Neo-Y2K', 'Neubrutalism', 'Vectorbloom', 'Vectorheart']",2010s,"Striking vector shapes, 45-/60-degree diagonal lines, futuristic typography, monochromatic color palette","Black, White (Primary)Others (Accents)",,,2010.0,2010.0
Neo-Y2K,Neo-Y2K,https://aesthetics.fandom.com/wiki/Neo-Y2K,"['Bubblegum_Bling', 'Cybercore', 'Cybersigilism', 'Metalheart', 'Neo-Aero', 'Vectorheart', 'Y2K_Futurism', 'Y3K']",Late 2010s,"Saturated colors, chrome/metallic forms (Metalheart), Eastern graphic design elements, retro-futurism, early digital graphics, abstract shapes","Highly saturated blues, pinks, greens; metallic silver/chrome","Nostalgia, technological revival, creative expression, digital culture",,2010.0,2010.0
Nerd,Nerd,https://aesthetics.fandom.com/wiki/Nerd,"['Cyberpunk', 'Nerdcore', 'Spacecore', 'Steampunk', 'Studyblr']",1950s,"Prescribed glasses, suspenders, bowties, high white socks, long or short button-down shirts, slacks, braces, dress shoes, buck teeth, an unfashionable sense","Any colors, such as red, green, brown, blue and grey particularly","Interests in the STEM field, academic study life, high-paying job success, wealth, professionalism, maintaining the status quo, social democracy/liberalism","octor Who, Star Trek, Star Wars, The IT Crowd, Napoleon Dynamite, The Outcasts (2017)",1950.0,1950.0
Nerdcore,Nerdcore,https://aesthetics.fandom.com/wiki/Nerdcore,"['Nerd', 'Trillwave', 'Hip-Hop', 'Animecore', 'Meme_Rap', 'Scene', 'Old_Web', 'Y2K_Futurism']",Late 1990s,"Nerd culture, science fiction, role-playing games, internet memes, 1980s-1990s video games, early internet nostalgia, fantasy, computers",,"Self-expression, intelligence, wit, self-acceptance, freedom of information, pro-piracy",,1990.0,1990.0
Net.art,Net.art,https://aesthetics.fandom.com/wiki/Net.art,"['Cyberpunk', 'Demoscene', 'Glitch_Art', 'Hacker', 'Old_Web', 'Weirdcore', 'Xpiritualism']",1990s,"Web browsers, HTML code, hyperlinks, glitches, online forms, early website aesthetics, social networking, digital data",The basic color schemes of early websites (primarily),"Connectivity, interactivity, immateriality, challenging traditional art structures, exploring the internet as a medium and subject",,1990.0,1990.0
Neubrutalism,Neubrutalism,https://aesthetics.fandom.com/wiki/Neubrutalism,"['Acid_Design', '//cari.institute/aesthetics/acidgrafix', '//cari.institute/aesthetics/austurbane', 'Avant_Basic', 'Bauhaus', 'Brutalism', 'Corporate_Memphis', 'Cyberminimalism', 'De_Stijl', 'Gen_X_Soft_Club', 'Flat_Design', 'Glassmorphism', 'Glitch_Art', 'International_Typographic_Style', 'Memphis_Design', 'Memphis_Lite', 'Minimalism', 'Neo-Vectorheart', 'Sportsbrut', 'Superflat_Pop', 'Vaporwave', 'Webcore', 'Y2K_Futurism']",Late 2010s,"Contrasting and off-putting color palettes, unusual and grotesque typefaces, hard shadows, dark outlines",Rainbow,Breaking the conventions of design,,2010.0,2010.0
Neue Slowenische Kunst,Neue_Slowenische_Kunst,https://aesthetics.fandom.com/wiki/Neue_Slowenische_Kunst,"['Constructivism', 'Dadaism', 'Industrial', 'Martial_Industrial', 'Nazi_Chic', 'Socialist_Realism', 'Suprematism', 'Totalitarian_Kitsch']",1980s,"Black cross (Malevich), stags, industrial imagery, appropriation of totalitarian art (Nazi Kitsch,Socialist Realism), avant-garde symbols","Red, black, white","Collective identity, retro-avant-garde principles, challenging national identity, critique of ideology through ""over-identification""",,1980.0,1980.0
Neumorphism,Neumorphism,https://aesthetics.fandom.com/wiki/Neumorphism,"['Claymorphism', 'Glassmorphism', 'Flat_Design', 'Minimalism', 'Skeuomorphism']",Late 2010s,"Low contrast, monochromatic color schemes, soft shadows (light and dark), extruded plastic texture, rounded corners","Off-white, light gray, soft blue, pastel tones","Minimalism, realism, tactile interaction, cleanliness",acOS Big Sur (partial adoption),2010.0,2010.0
New Beat,New_Beat,https://aesthetics.fandom.com/wiki/New_Beat,"['Acid_House', 'Electronic_Body_Music', 'Rave', 'Gabber', 'New_Wave']",Late 1980s (1987–1989),"Smiley faces, Bomma badges (gravestone portraits), cycling shorts, BDSM-inspired gear, religious iconography (crosses), BOY London branding, car logos (Volkswagen, Mercedes-Benz)","Black, often with accents of yellow and red","Hedonism, experimentation, underground club culture, androgyny, dark humor","he Sound of Belgium (2012 documentary), Mortal Kombat (for the ""Techno Syndrome"" soundtrack)",1980.0,1989.0
New England Gothic,New_England_Gothic,https://aesthetics.fandom.com/wiki/New_England_Gothic,"['Dark_Naturalism', 'Dark_Nautical', 'Gothic', 'Midwest_Gothic', 'Regional_Gothic', 'Romanticism', 'Southern_Gothic']",1835,"The Puritans, the Salem Witch Trials, witchcraft, the occult, old graveyards, colonial-era architecture, run-down harbor towns and mill towns.","Gray, white, black, yellows, oranges, reds, Sadd colors","Anti-Calvinism and anti-Puritanism, anti-colonialism, isolation, terrible knowledge, opposition to religious fanaticism, predestination, reticence, dryness.",,1835.0,1835.0
New Figuration,New_Figuration,https://aesthetics.fandom.com/wiki/New_Figuration,"['Cubism', 'Expressionism', 'Figuration_Narrative', 'Surrealism']",1950s-1960s,"Human figures, distortion, abstraction, social commentary, depictions of suffering","Varies, often bold and expressive","Social critique, Freedom of expression, Individuality",,1950.0,1960.0
New Look,New_Look,https://aesthetics.fandom.com/wiki/New_Look,"['Art_Deco', 'Art_Nouveau', 'Impressionism', 'Old_Hollywood', 'Power_Dressing', 'Regency', 'Romantic_Academia', 'Surrealism', 'Victorian']",Late-1940s,"Hourglass silhouette, full skirts, luxurious fabrics","Beige, navy blue, monochrome","Hyperfeminity, opulence, sensuality",,1940.0,1940.0
Newlyn School,Newlyn_School,https://aesthetics.fandom.com/wiki/Newlyn_School,"['Impressionism', 'Realism', 'Social_Realism']",c. 1880s–1910s,"Cornish fishing communities, rugged coastlines, harbor scenes, working-class life, domestic interiors, rural labor","Naturalistic palettes, silvery light, cool grays and blues, earthy tones","Realism, truth to life, social documentation, appreciation for traditional labor, depiction of natural light",,1880.0,1910.0
New Money,New_Money,https://aesthetics.fandom.com/wiki/New_Money,"['Bohemian', 'Boujee', 'Mafia_Aesthetic', 'Playboy', 'Power_Dressing', 'Yuppie']",nan,"Cash, expensive cars, designer purses, gold-plated item, luxury brands, excessive displays of wealth","Gold, silver, red, black","Looking rich, consumerism, capitalism, materialism","ron Man, Dynasty",,
New Partisans,New_Partisans,https://aesthetics.fandom.com/wiki/New_Partisans,"['Communist_Chic', 'New_Primitivism', 'Socialist_Realism', 'Yugo-Nostalgia']",1980s,"Yugoslav Partisan imagery, socialist realist art, stylized army uniforms, historical photographs, red stars, ""Brotherhood and Unity"" slogans","Muted military tones (olive green, grey), with the prominent use of red","Pro-Yugoslavism, anti-nationalism, nostalgia, brotherhood and unity, pacifism",,1980.0,1980.0
New Primitivism,New_Primitivism,https://aesthetics.fandom.com/wiki/New_Primitivism,"['Camp', 'Kitsch', 'New_Partisans', 'New_Wave', 'Punk', 'Surrealism']",March 1983,"The ""small person"" (petty criminals, coalminers, taxi drivers, pensioners), Sarajevo neighborhoods (mahalas, Baščaršija), surrealism, B-movie plots, local slang/jargon, 1970s leisure suit look",,"Self-irony, anti-establishment, local patriotism, humor, anti-intellectualism (ostensible), resistance to foreign cultural trends","as ist Walter (Zabranjeno Pušenje, 1984), Mitovi i legende o Kralju Elvisu (Elvis J. Kurtović & His Meteors, 1984), Top lista nadrealista (Radio/TV sketch show)",1983.0,1983.0
New Rave,New_Rave,https://aesthetics.fandom.com/wiki/New_Rave,"['Indie_Sleaze', 'Bloghouse', 'Rave', 'Madchester', 'Electroclash']",Mid-2000s (c. 2006–2008),"Glowsticks, neon paint, whistles, psychedelic imagery, skinny jeans, band t-shirts","Bright, fluorescent neon colors","Hedonism, irony,DIY ethos, indie music scene, party culture","ME Magazine, MySpace",2000.0,2008.0
New Romantic,New_Romantic,https://aesthetics.fandom.com/wiki/New_Romantic,"['Electroclash', 'Glam_Rock', 'Goth', 'Italo_Disco', 'New_Wave', 'Post-Punk', 'Rococopunk', 'Visual_Kei']",Late 1970s,"Androgyny, historical costumes (pirates,dandies), futurism, sharp suits, theatrical makeup","Black, white, primary colors, metallics (gold, silver)",,,1970.0,1970.0
New Wave,New_Wave,https://aesthetics.fandom.com/wiki/New_Wave,"['Bauhaus', 'Constructivism', 'Electroclash', 'Goth', 'Italo_Disco', 'Memphis_Design', 'New_Romantic', 'Pop_Art', 'Post-Punk', 'Swiss_Style']",Late 1970s,"Geometric shapes (triangles, circles, grids), skewed typography, industrial textures (halftones, xerox grain), retro-futurism (1950sAtomic Agemeets 1980s), synthetic materials","Hot pink, electric yellow, cyan, tertiary tones (purple, orange, green)","Irony, ""authentic inauthenticity,"" modernity, plasticity, artifice over nature",,1970.0,1970.0
Nightcore (aesthetic),Nightcore_(aesthetic),https://aesthetics.fandom.com/wiki/Nightcore_(aesthetic),"['Animecore', 'Fantasy_Astronomy', 'Hands_Up', 'TechnoNeko2000']",2000s,"Full moons (often oversized), 2000s moe art style, moonlight, celestial bodies, falling petals or feathers, distressed or injured angels/vampires, romantic and melancholic anime characters","Deep navy blue, electric blue, bright white, violet","Nostalgia, romance, melancholy, purity, digital fantasy",,2000.0,2000.0
Normcore,Normcore,https://aesthetics.fandom.com/wiki/Normcore,"['Eclectic_Grandpa', 'Gorpcore', 'Minimalism', 'Vacation_Dadcore']",2010s,"Plain silhouettes, brand-less basics, suburban utility, technical gear, ""dad"" fashion","Navy, gray, white, beige, washed-out denim, black","Functionality, anonymity, anti-trend, adaptability, comfort","einfeld,Templar, Arizona,Youth Mode: A Report on Freedom",2010.0,2010.0
Northerness,Northerness,https://aesthetics.fandom.com/wiki/Northerness,"['Adventurecore', 'Cabincore', 'Cottagecore', 'Crowcore', 'Dark_Naturalism', 'Forestpunk', 'Hygge', 'Naturecore', 'Slavic_Doll', 'Vulture_Culture']",2010's,"Nordic/Scandinavian areas, Ancient Paganism, Woods, Old Living, Darkness, Norse Mythology, hygge, warmth, outdoors, candles, baked goods","Black, Navy Blue, White, muted browns, reds, greens, and grays","calm, connection with nature, inclusiveness, togetherness",,2010.0,2010.0
Northern Soul,Northern_Soul,https://aesthetics.fandom.com/wiki/Northern_Soul,"['Beatnik', 'Belgian_Popcorn', 'Disco', 'Glam_Rock', 'Madchester', 'Mod', 'Rude_Boy', 'Skinhead']",Late 1960s,"Clenched fist logo, rare vinyl records, turntables, vintage fliers and posters, Fred Perry shirts, baggy trousers",Greyscale (mainly in pre-colour photography),"Unity, individuality, working-class pride, all-nighter, anti-commercialism, nostalgia",,1960.0,1960.0
Nostalgiacore,Nostalgiacore,https://aesthetics.fandom.com/wiki/Nostalgiacore,"['2010s_Summer_Nostalgia', 'Dreamcore', 'Kidcore', 'Liminal_Space', 'Traumacore', 'Weirdcore']",Late 2010s,"Empty playgrounds, old classrooms, childhood bedrooms, outdated technology (old PCs, CRT TVs), blurry or hazy photography, melancholic text overlays",,"Nostalgia, reminiscence, memory, melancholy, childhood, the passage of time",,2010.0,2010.0
Noucentisme,Noucentisme,https://aesthetics.fandom.com/wiki/Noucentisme,"['Art_Deco', 'Classicism', 'Modernisme', 'Neoclassicism']",c. 1906–1923,"Classical forms, Mediterranean landscapes, idealized rural life, order, clarity, balanced compositions, arches and columns","Muted and earthy tones, ochre, white, beige, soft blues and greens","Order, reason,classicism, civility, Catalan identity (""Catalanitat""), Mediterraneanism, rejection ofModernisme",,1906.0,1923.0
Nouveau Réalisme,Nouveau_R%C3%A9alisme,https://aesthetics.fandom.com/wiki/Nouveau_R%C3%A9alisme,"['Arte_Povera', 'Avant-garde', 'Figuration_Narrative', 'Neo-Pop', 'Pop_Art', 'Social_Realism', 'Surrealism']",Early 1960s,"Everyday objects, discarded or industrial materials, decollage, accumulations, compression","Varies, often bold and industrial","Appropriation of the real, social commentary, anti-aesthetic, anti-consumerism",,1960.0,1960.0
Nu-Goth,Nu-Goth,https://aesthetics.fandom.com/wiki/Nu-Goth,"['Goth', 'Health_Goth', 'Hipster', 'Pastel_Goth', 'Trad_Goth', 'Witch_House']",2010s,"Occult and alchemical symbols, moons, triangles, wide-brimmed hats, harnesses, platform boots, round sunglasses","Monochromatic (black, white, grey)","Modernism, minimalism, occultism, internet culture, fashion-forwardness",,2010.0,2010.0
Nu-Metal,Nu-Metal,https://aesthetics.fandom.com/wiki/Nu-Metal,"['Alternative', 'Cyber_Grunge', 'Grunge', '90s_Cool', 'Horrorcore', 'Hip-Hop', 'Industrial', 'Y2K', 'Juggalo', 'Graffiti_Pop', 'Mallgoth', 'Metal', 'Skater', 'Olderbrothercore', 'Post-Grunge_Maximalism']",Mid-1990s,"Baggy clothing (jeans, hoodies), wallet chains, spiky hair, dreadlocks, piercings, band logos, JNCO jeans, down-tuned guitars, masks, jumpsuits, hip hop inspired street wear, Horrorcore",,"Angst, rage, defiance, emotiveness, decaying visuals, atmospheric sludge, industrial settings","rgo Proxy, Queen of the Damned, Total Request Live, What's Nu?, WWF/E",1990.0,1990.0
Nu-Punk,Nu-Punk,https://aesthetics.fandom.com/wiki/Nu-Punk,"['Folk_Punk', 'Midwest_Emo', 'Punk']",1990's,,,"Getting through the day, here for a good time not a long time","he Lawrence Arms, Alkaline Trio, The Bouncing Souls",1990.0,1990.0
Nyashka,Nyashka,https://aesthetics.fandom.com/wiki/Nyashka,"['Cyber_Doll', 'Dead_Inside', 'Drain', 'E-Girl', 'Jirai_Kei', 'Lolita']",2020s,"Doll-like enlarged eyes, black scleral or enlarging contact lenses, heavy winged eyeliner, flat straight brows, pale or white-based foundation, cross and chain accessories, lace, oversized black clothing","Black, white, burgundy, pink","Cuteness, alternative self-expression, anime-influenced identity","unter x Hunter, Tokyo Ghoul, various animes",2020.0,2020.0
Nymphet,Nymphet,https://aesthetics.fandom.com/wiki/Nymphet,"['Babygirl', 'Bubblegum_Coquette', 'Chunyu', 'Coconut_Girl', 'Coquette', 'Dark_Nymphet', 'Slavic_Doll', 'Soft_Girl', 'Waif', 'Winter_Bimbo', 'Cherry_Emoji_Twitter', 'Larme_Kei', 'Kinderwhore']",1950's/2010s Tumblr,"Youth, adolescence, freedom, vintage","Red, white, pink, baby blue",,olita (1962)Lolita (1997),1950.0,2010.0
Ocean Grunge,Ocean_Grunge,https://aesthetics.fandom.com/wiki/Ocean_Grunge,"['After_Hours', 'Grunge', 'Liminal_Space', 'Nautical', 'Nu-Metal', 'Seapunk', 'Vaporwave', 'Witch_House']",2010s,"The Ocean, statues of Poseidon, anglerfish, eels, bioluminescence, sunken ships, jellyfish, squid, coelacanths, deep sea mermaids","Black,grey, muted blues, dark blue,yellow,white, darkpurple","Nihilism, emptiness, depression",liens of the Deep (2005)Narcosis (game) (2017-)League of Legends: Forgotten Depths Arc (2009s-),2010.0,2010.0
Oceanpunk,Oceanpunk,https://aesthetics.fandom.com/wiki/Oceanpunk,"['Nautical', 'Nautical_Fantasy', 'Seapunk', 'Steampunk', 'Biopunk', 'Ocean_Grunge', 'Pirate', 'Dark_Nautical']",1870s (concept)1990s (term and popularization),"Ocean, ocean colonisation, ships, sea architecture, Pirates","Blue, green, grey, brown, bronze, metallic","Ocean colonization, exploration",aterworld,1870.0,1990.0
Office Siren,Office_Siren,https://aesthetics.fandom.com/wiki/Office_Siren,"['Corporate', 'Corporate_Goth', 'Dark_Academia', 'Femme_Fatale', 'Geek_Chic', 'Minimalism', 'Power_Dressing', 'Yuppie']",2020s,"Rectangular glasses (""Bayonetta glasses""), pencil skirts, tailored button-downs, stilettos, sleek hair, form-fitting silhouettes","Grey, black, brown, cream, muted neutrals, with red accents","Ambition, confidence, mystery, sensuality, professionalism, power",,2020.0,2020.0
Oi! Skinhead,Oi!_Skinhead,https://aesthetics.fandom.com/wiki/Oi!_Skinhead,"['Casuals', 'Gabber', 'Punk', 'Skinhead', 'Suedehead', 'Trojan_Skinhead', 'Suedehead']",Late 1970s (c. 1977–1979),"Bleached denim, MA-1 flight jackets, shaven heads, high boots, working-class solidarity, football terrace culture","Oxblood, black, bleached white, olive drab","Class pride, street authenticity, ""boot-to-the-bollocks"" rage, anti-intellectualism","trength Thru Oi! (Compilation), Capital Offence (Crown Court)",1970.0,1979.0
Oktoberfest,Oktoberfest,https://aesthetics.fandom.com/wiki/Oktoberfest,"['Saint_Patrick%27s_Day', 'Autumn']",1800s,"Beer, food, traditional Bavarian costumes, parades, music","Green, yellow, red, brown, blue and white","Drinking, parades, music, celebration of Bavarian culture",,1800.0,1800.0
Olderbrothercore,Olderbrothercore,https://aesthetics.fandom.com/wiki/Olderbrothercore,"['Bastardcore', 'Bro_Hoe', 'Brostep', 'Emo', 'Epunk', 'Grunge', 'Mall_Ninja', 'Nu-Metal', 'Post-Grunge_Maximalism', 'Skater', 'Teenpunk', 'Y2K_Futurism']",2020s (drawing from 1990s-2000s),"Retro gaming (Xbox, PS2), CRT TVs, CD/DVD collections, band posters, messy bedrooms, junk food, lo-fi digital photography, Monster Energy drinks","Black, green (especially lime/Xbox green), blue, red","Freedom, rebellion, mischief, relaxation, fun",,1990.0,2020.0
Old Hollywood,Old_Hollywood,https://aesthetics.fandom.com/wiki/Old_Hollywood,"['Art_Deco', 'Burlesque', 'Greaser', 'Flapper', 'Femme_Fatale', 'Hollywood_Regency', 'New_Look', 'Rockabilly']",1920s-1930s,"Film tape, rotary phones, vintage cars, flower hats, Large feathered boas, black and white films, jazz","Cream, grey, black, deep Red, emerald green, dark colors, lighter pastels",,,1920.0,1930.0
Old Money,Old_Money,https://aesthetics.fandom.com/wiki/Old_Money,"['Apr%C3%A8s-ski', 'Bon_Chic,_Bon_Genre', 'Cayetana', 'Maillard_Style', 'New_Look', 'Preppy', 'Sloanies', 'Sprezzatura', 'Pijo', 'Tenniscore', 'Vintage', 'Dark_Academia', 'Vintage_British_Sportsman']",nan,,"Beige, brown, pink, black, white, blue, green","Sophistication, wealth, femininity, masculinity, tradition","ogue, Tatler, Town and Country",,
Old Web,Old_Web,https://aesthetics.fandom.com/wiki/Old_Web,"['Memphis_Lite', 'Global_Village_Coffeehouse', 'Vaporwave', 'Webcore', 'Pixel_UI', 'Y2K_Futurism', 'Frutiger_Aero']",1990s,"Animated GIFs (under construction, spinning icons), visible HTML tables/frames, guestbooks, visitor counters, ""web-safe"" colors, tiled backgrounds, pixel art, low-resolution clip art,glitter graphics","Web-safe palette (vibrant primary and secondary colors), neon text, underlined blue hyperlinks","Decentralization, amateur creativity, community building, nostalgia, technological novelty",,1990.0,1990.0
Onii Kei,Onii_Kei,https://aesthetics.fandom.com/wiki/Onii_Kei,"['Archive', 'Gyaru', 'Olderbrothercore', 'Onee_Gyaru']",1990s,"""Wolf"" haircut, imported jeans, pointed shoes,","Black, brown",,,1990.0,1990.0
Op Art,Op_Art,https://aesthetics.fandom.com/wiki/Op_Art,"['Bauhaus', 'Constructivism', 'Impressionism', 'Mod', 'Psychedelia', 'Shibuya-Kei', 'Weirdcore']",1960s (origins dating back to the 1930s),"Geometric shapes, lines, grids, high contrast (often black and white), vibrating colors, perceived movement, moiré effects, after-images, ambiguous depth",,"Perception, illusion, scientific inquiry, visual experimentation, challenging the eye, rational investigation of color effects",,1930.0,1960.0
Opium,Opium,https://aesthetics.fandom.com/wiki/Opium,"['Archive', 'Cyber_Grunge', 'Goreweb', 'Haunted_Mound', 'Metalhead', 'Post-Grunge_Maximalism', 'Vampire']",2020s,"Inverted crosses, anarchy symbols, bats, vampires, ""00"" branding, infrared/thermal imagery, heavy metal typography","Black, blood red, silver, white","Rebellion, rockstar lifestyle, exclusivity, drug culture, avant-garde experimentalism",,2020.0,2020.0
Oshare Kei,Oshare_Kei,https://aesthetics.fandom.com/wiki/Oshare_Kei,"['Decora', 'Fairy_Kei', 'Harajuku_Fashion', 'Visual_Kei', 'Scene']",2001,,"Brightpink,blue,green,yellowandblack(sparingly)",,,2001.0,2001.0
Oshi Culture,Oshi_Culture,https://aesthetics.fandom.com/wiki/Oshi_Culture,"['Animecore', 'Itasha', 'Girly_Kei', 'Otaku', '//personal-aesthetics.fandom.com/wiki/Ryousangata_Otaku']",2000s,,,Idol worship,,2000.0,2000.0
Ostalgie,Ostalgie,https://aesthetics.fandom.com/wiki/Ostalgie,"['Brutalism', 'Electronic_Body_Music', 'Kitsch', 'Mid-Century_Modern', 'Retrofuturism', 'Socialist_Realism', 'Soviet_Nostalgia', 'Sovietwave', 'Yugo-Nostalgia']",Post-1990 (German reunificatin/as nostalgia),"Trabant cars, Ampelmännchen, Dederon fabric, Spreewald pickles, retro packaging","Pastel blues, browns, oranges, muted greens","Nostalgia, simplicity, community, familiarity","ood Bye, Lenin!, Sonnenallee, documentaries on GDR life",1990.0,1990.0
Otaku,Otaku,https://aesthetics.fandom.com/wiki/Otaku,"['Denpa', 'Itasha', 'Moe', 'Nerd', 'Nerdcore', 'Lolicore', 'Superflat', 'Weeaboo', 'Wota']",2010s,"Unfashionable, nerdy",Red,,,2010.0,2010.0
OtoMAD,OtoMAD,https://aesthetics.fandom.com/wiki/OtoMAD,"['Akibapop', 'Lolicore', 'Major_League_Gaming', 'Surreal_Meme']",Late 2000s,"Visual-audio synchronization, mirroring/symmetry effects, pitch-shifted imagery, kinetic typography, chroma key compositing","High saturation, rainbow, neon red (Red Zone)","Technical precision, collaborative chaos, remix culture, absurdity","ouhou Project, McDondald's Japan commercials, Z-Kai, ""Red Zone""",2000.0,2000.0
Ouji,Ouji,https://aesthetics.fandom.com/wiki/Ouji,"['Aristocrat', 'Dandy', 'Lolita', 'Gothic_Lolita', 'Military_Lolita', 'Visual_Kei', 'Victorian', 'Victorian_Goth', 'Steampunk']",Late 90s/Early 2000s,,,,,1990.0,2000.0
Pachuco,Pachuco,https://aesthetics.fandom.com/wiki/Pachuco,"['Cholo', 'Dandy', 'Greaser', 'Harlem_Renaissance', 'Rockabilly']",1930s-1940s,"Zoot suits, ducktail/pompadour hairstyles, tattoos, decorative chains, flamboyant evening wear, high-waisted pants, long jackets with wide lapels, feathered hats","Vibrant colors, black, white","Rebellion, defiance, cultural identity, Mexican pride, elegance, non-conformity, dandyism",oot Suit (play),1930.0,1940.0
Pacific Punk Wave,Pacific_Punk_Wave,https://aesthetics.fandom.com/wiki/Pacific_Punk_Wave,"['Electroclash', 'Corporate_Memphis', 'Early_Cyber', 'Googie_Kitsch', 'Graffiti_Pop', 'Memphis_Design', 'Memphis_Lite', 'New_Wave', 'Rad_Dog']",1970s,,,,,1970.0,1970.0
Palewave,Palewave,https://aesthetics.fandom.com/wiki/Palewave,"['Minimalism', 'Normcore', 'Vaporwave']",Mid-2010s,"Light-wash denim, white sneakers, loose fits, basic tees, minimalism","Light blue, beige, sand, cream, white, grey, pastel pink","Relaxed comfort, minimalism, subtlety",,2010.0,2010.0
Paninaro,Paninaro,https://aesthetics.fandom.com/wiki/Paninaro,"['Americana', 'Blokecore', 'Casuals', 'Italo_Disco', 'New_Romantic', 'Preppy']",1980s,"Designer logos, puffer jackets, motorcycles, fast food, brand consciousness","Bright primary colors, denim blue, khaki","Consumerism, materialism, apolitical fun, American cultural influence, status",,1980.0,1980.0
Parisian Apaches,Parisian_Apaches,https://aesthetics.fandom.com/wiki/Parisian_Apaches,"['Art_Nouveau', 'Bohemian']",1890s–1910s,"Flared trousers, striped jerseys, sashes or scarves (""ceinture de flanelle""), casquette caps, knives, the Apache revolver","Often red, blue, and white, reflecting worker's clothing","Street pride, defiance, anti-bourgeois sentiment, hypermasculinity, territoriality",,1890.0,1910.0
Parisian Girly,Parisian_Girly,https://aesthetics.fandom.com/wiki/Parisian_Girly,"['Curly_Girly', 'McBling', 'Shoe_Diva', 'Teenpunk', 'Vectorflourish', 'Pink_Parisian']",Late 2000s,"The Eiffel Tower, Breton stripes, poodles, fleurs-de-lis, mannequins, ornate mirrors","Pink, black, white","Femininity, childhood, chic, romance, glamour",,2000.0,2000.0
Partille-Johnny,Partille-Johnny,https://aesthetics.fandom.com/wiki/Partille-Johnny,"['Fjortis', 'Guido', 'Hands_Up', 'Krocha', 'McBling', 'Metrosexual', 'Scene', 'Tecktonik']",Late 2000s,"Hair wax, rubber bands on legs, reflex vests, oversized smartphones, chewing tobacco (snus)","Orange (fake tan), neon (reflex vests), white (lips/details), denim blue","Validation, conformity, meticulous grooming, attention-seeking","ilddagboken (Swedish social media), Basshunter (musician)",2000.0,2000.0
Party Rock,Party_Rock,https://aesthetics.fandom.com/wiki/Party_Rock,"['Hipster', 'McBling', 'Recession_Pop', 'Scene', 'Swag']",Late 2000s-Early 2010s,"Shutter shades, lensless ""nerd"" glasses, zebra/leopard print, neon spandex, cardboard robot heads (""Shuffle Bot""), red solo cups, excessive confetti","Neon pink, electric blue, highlighter yellow, gold, zebra (black/white)","Hedonism, irony, unapologetic fun (""Sorry For Party Rocking""), excess, dance","ersey Shore, Project X",2000.0,2010.0
Pastel Gore,Pastel_Gore,https://aesthetics.fandom.com/wiki/Pastel_Gore,"['Candycore', 'Dokukawaii', 'Gorecore', 'Gurokawa', 'Medicalcore', 'Pastel_Goth', 'Traumacore', 'Yami_Kawaii']",Late 2010s,"Organs, blood, bones, candy, slime, eyeballs, weaponry, body horror elements",Pastel tones,"Juxtaposition, body horror, cuteness, artistic expression",,2010.0,2010.0
Pastel Goth,Pastel_Goth,https://aesthetics.fandom.com/wiki/Pastel_Goth,"['Bohemian', 'Galaxy_Print', 'Goth', 'Gurokawa', 'Kawaii', 'Lolita', 'Nu-Goth', 'Pastel', 'Pastel_Grunge', 'Yami_Kawaii']",2010s,"Bats, eyeballs, bones, pastel crosses, pentagrams, drippy texts","Black, white, pastels",,,2010.0,2010.0
Paty de SP,Paty_de_SP,https://aesthetics.fandom.com/wiki/Paty_de_SP,"['Milipili', 'Mandrake', 'Bimbocore', 'Bubblegum_Bitch', 'Baddie']","2000s (pre-concept), early 2020s","Black leather and shiny clothes, silver accessories, selfies","Black, white, silver, pink, blue","Elegance, beauty, chic, sensuality, self-confidence, self-love",,2000.0,2020.0
PC-98,PC-98,https://aesthetics.fandom.com/wiki/PC-98,"['8-Bit', 'Animecore', 'Cassette_Futurism', 'Cyberpunk', 'Future_Funk', 'Heisei_Retro', 'HexD', 'Lo-fi', 'Pixel_UI', 'Retrofuturism', 'Vaporwave']",1990s,"Limited colors, anime, high-resolution pixel art",Limited palette (16-256),"Eroticism, intimacy, emotional connection, melancholy, nostalgia",,1990.0,1990.0
PC Music,PC_Music,https://aesthetics.fandom.com/wiki/PC_Music,"['Bubblegum_Bling', 'Hyperpop', 'Neo-Aero', 'Neo-Y2K', 'Seapunk', 'Vaporwave', 'Y2K_Futurism']",2010s,"Glossy CGI, corporate branding, early 2000s web design, hyper-real textures (water, metal, plastic), devised pop star personas","Hyper-saturated pinks, blues, neons, metallic silver","Artificiality, consumerism (critique/celebration), internet culture, experimental pop, nostalgia",,2010.0,2010.0
Peach Girl,Peach_Girl,https://aesthetics.fandom.com/wiki/Peach_Girl,"['Blueberry_Girl', 'Coquette', 'Soft_Girl', 'Strawberry_Girl', 'That_Girl', 'Tomato_Girl']",2020s,"Peaches, soft blush, dewy skin, glossy lips, sun-kissed glow, simple clothing","Peach, warm-toned pink, soft orange, coral, apricot, cream","Freshness, warmth, natural beauty, youthfulness, effortless charm",,2020.0,2020.0
Peacock Revolution,Peacock_Revolution,https://aesthetics.fandom.com/wiki/Peacock_Revolution,"['Acid_Design', 'Acid_House', 'Androgynous', 'Art_Nouveau', 'Beatnik', 'Bohemian', 'Camp', 'Cool_Britannia', 'Corporate_Hippie', 'Dandy', 'Dolly_Girl', 'Flower_Power', 'Freakbeat', 'Glam_Rock', 'Groovival', 'Hippie', 'Mid-Century_Medieval', 'Mod', 'Northern_Soul', 'Pop_Art', 'Psychedelia', 'Romanticism', 'Vintage', 'Y%C3%A9-y%C3%A9']",Mid 1960s,"Feminine male fashion, tight silhouettes, bright patterns, long hair, makeup, unconventional textiles (corduroy, paisley, brocade, etc.), bright colours, vivid patterns, embroidery, slim fits, large lapels, cravats, Nehru jackets, frilly shirts, kipper ties, flared pants",All (mostly bright and vivid),"Modernity, hedonism, sexual liberation, breaking gender fashion norms",0s British Invasion and psychedelic rock bands,1960.0,1960.0
Pearlcore,Pearlcore,https://aesthetics.fandom.com/wiki/Pearlcore,"['Angelcore', 'Coquette', 'Craftcore', 'Old_Money', 'Royalcore']",2020s,"Pearl necklaces, pearl embellishments, iridescent accents, baroque pearls, layered jewelry","White, cream, iridescent shades","Elegance, timelessness, sophistication, modernity, gender fluidity",,2020.0,2020.0
PEEPS,PEEPS,https://aesthetics.fandom.com/wiki/PEEPS,"['E-Girl', 'Goth', 'Goth_Punk', 'Gyaru', 'Jirai_Kei', 'Tomboy', 'Yami_Kawaii']",Late 2010s,,"Purple, black, green",,okémon,2010.0,2010.0
Pen & Pixel,Pen_%26_Pixel,https://aesthetics.fandom.com/wiki/Pen_%26_Pixel,"['Gangsta_Rap', 'Glitter_Graphics', 'Haunted_Mound', 'Hip-Hop', 'Jiggy_Era', 'Phonk', 'Trillwave', 'Dollar_Store_Vernacular']",Late 1990s,"Diamond-encrusted 3D fonts, excessive lens flares, maximalist collage, luxury cars, mansions, tigers/exotic animals, explosions","Gold, silver, diamond blue, fire orange","Wealth display, maximalism, surrealism, ""hood rich"" aspirations",,1990.0,1990.0
Peoplehood,Peoplehood,https://aesthetics.fandom.com/wiki/Peoplehood,"['Art_Hoe', 'Comfy/Cozy', 'Cottagecore', 'Foodie', 'Grandparentcore', 'Hopecore', 'Light_Academia', 'Thought_Daughter']",2021,"Hands, food and cooking, urban areas, people interacting","Orange, green, beige","Intimacy in mundane life, love for humanity, togetherness",,2021.0,2021.0
Perky Goth,Perky_Goth,https://aesthetics.fandom.com/wiki/Perky_Goth,"['Goth', 'Gothic_Lolita', 'New_Wave', 'New_Romantic', 'Pastel_Goth', 'Trad_Goth']",1980s,"Polka dots, bows, skulls, cartoon characters, stripes, exaggerated makeup, pigtails","Black and white, contrasted with bright, bold colors like hot pink, red, and turquoise","Whimsy, dark humor, individuality, juxtaposition of ""creepy"" and ""cute,"" upbeat melancholy","mily the Strange, Ruby Gloom, Lenore, the Cute Little Dead Girl",1980.0,1980.0
Phonk,Phonk,https://aesthetics.fandom.com/wiki/Phonk,"['Cloud_Rap', 'Cyber_Ghetto', 'Dungeon_Rap', 'Horrorcore', 'Trillwave', 'Vaporwave']",Early 2010s,"VHS degradation, purple/tinted visuals, 90s luxury cars (Lexus, Cadillac), ""bling"" era hip-hop aesthetics, cassette tapes, skeleton/skull imagery","Purple, black","Nostalgia, obscurity (""rare""), crate-digging, DIY production, authenticity",,2010.0,2010.0
Photorealism,Photorealism,https://aesthetics.fandom.com/wiki/Photorealism,"['Pop_Art', 'Minimalism', 'Realism']",Late 1960s–1970s,"Reflective surfaces (storefronts, cars, chrome), urban landscapes, portraits, still lifes of everyday objects, diners, motorcycles","Colors are dictated by the source photograph, aiming for documentary accuracy.","Technical virtuosity, objectivity, documentary precision, rejection of abstraction, interest in the nature of vision and photography",,1960.0,1970.0
Pianocore,Pianocore,https://aesthetics.fandom.com/wiki/Pianocore,"['Choco_Girl', 'Classic_Lolita', 'Dark_Academia', 'Gothic_Lolita', 'Wishcore', 'Whimsy_Twee']",c. 2000s,"Piano keys, lace, musical staves, treble clefs, eighth notes, violins, metronomes","Black, white, cream, sepia","Elegance, whimsicality, classical appreciation, performative art","ocaloid, The Nanny, Your Lie in April",2000.0,2000.0
Picniccore,Picniccore,https://aesthetics.fandom.com/wiki/Picniccore,"['Art_Hoe', 'Cottagecore', 'Fairycore', 'Foodie', 'Grandparentcore', 'Honeycore', 'Naturecore', 'Lovecore']",Unknown,"Gingham blankets, woven baskets, sandwiches, fruit","Creme, light pink,red,purple,orange,yellow",Spending time surrounded in nature,,,
Pijo,Pijo,https://aesthetics.fandom.com/wiki/Pijo,"['Bon_Chic,_Bon_Genre', 'Cayetana', 'Equestrian', 'Nautical', 'New_Money', 'Old_Money', 'Paninaro', 'Popper', 'Preppy', 'Torero_Aesthetic']",1970s (Evolving over decades),"Designer labels, luxury brands, tailored clothing,equestrianinfluences, subtle displays of wealth","Neutral tones (beige, white, navy), pastel shades, occasional use of national colors (Spanish flag)","Wealth, social status, exclusivity, traditionalism, conformity, refined appearance, conspicuous consumption",,1970.0,1970.0
Pink Parisian,Pink_Parisian,https://aesthetics.fandom.com/wiki/Pink_Parisian,"['Angelcore', 'Bon_Chic,_Bon_Genre', 'Coquette', 'Boujee', 'Chic_Modernist', 'French_Girly', 'Haussmann_Paris', 'Old_Hollywood', 'Pink_Princess', 'Romanticism', 'Romantic_Academia', 'Parisian_Girly']",1930s-1960s,"Luxury goods, perfume, make-up, roses, vintage movies, jazz music, love, French cuisine","Black, white, gold, and pink","Romanticism, self-care, beauty,elegance",abrina (1954),1930.0,1960.0
Pink Pilates Princess,Pink_Pilates_Princess,https://aesthetics.fandom.com/wiki/Pink_Pilates_Princess,"['2014_Girly', 'Ballet', 'Pink_Princess', 'That_Girl', 'Dollette', 'Wonyoungism']",nan,"hyper feminine athleisure,  green juice, face masks, lululemon, matcha, leg warmers, silky pyjamas, pilates, self-care and wellness, lip oils, uggs, wired headphones, victoria's secret",,,,,
Pink Princess,Pink_Princess,https://aesthetics.fandom.com/wiki/Pink_Princess,"['Pink_Parisian', 'Princesscore', 'Rococo', 'Romantic_Academia', 'Dollette']",1930s,"Pink bows, white cats, swans, bunnies, ballerinas, silk pajamas, champagne, macarons, luxury chocolates, cake with pink frosting, pearls, diamonds","Pink, white, gold","Self-love, kindness, compassion, generosity",,1930.0,1930.0
Pin-up,Pin-up,https://aesthetics.fandom.com/wiki/Pin-up,"['Atompunk', 'Burlesque', 'Femme_Fatale', 'Gibson_Girl', 'Gothabilly', 'Greaser', 'Psychobilly', 'Rockabilly', 'Stilyagi']",1920s (modern style; the term was first used in 1941),"Red lipstick, victory rolls, high-waisted shorts, polka-dots, leopard print, lingerie, swimsuits, garter belts, stockings","Red, black, white, navy blue, pastels","Sexuality, confidence, glamour, nostalgia, empowerment, playful charm",,1920.0,1941.0
Pirate,Pirate,https://aesthetics.fandom.com/wiki/Pirate,"['Adventurecore', 'Crowcore', 'Dark_Nautical', 'Nautical']",nan,,"Sea green, turquoise, blue, white, brown, gold",,,,
Pițipoancă,Pi%C8%9Bipoanc%C4%83,https://aesthetics.fandom.com/wiki/Pi%C8%9Bipoanc%C4%83,"['Chav', 'Choni', 'Cocalar', 'McBling']",nan,,,,,,
Pixelscape,Pixelscape,https://aesthetics.fandom.com/wiki/Pixelscape,"['Early_Cyber', 'Old_Web', 'Kidcore', 'McBling', 'Pixel_UI']",2000s,"Pixel art, bright colors, isometric angles",,,,2000.0,2000.0
Pixel UI,Pixel_UI,https://aesthetics.fandom.com/wiki/Pixel_UI,"['8-Bit', 'Cassette_Futurism', 'Lo-Fi', 'Global_Village_Coffeehouse', 'Memphis_Lite', 'Y2K_Futurism', 'Frutiger_Aero', 'PC-98', 'Pixelscape', 'Webcore', 'Vaporwave', 'Utopian_Scholastic', 'Old_Web', 'Webcore']",1980s,"Bitmap fonts, sprite-like icons, heavily limited color palettes, hardlined or embossed UI elements, cascading windows and error messages","Grey, teal, blue, white",,"lassic Mac OS, Windows 3.x, Windows 9X (95, 98, ME), Windows NT (3.1, 4.0, 2000)",1980.0,1980.0
Plaguecore,Plaguecore,https://aesthetics.fandom.com/wiki/Plaguecore,"['Avant_Apocalypse', 'Baroque', 'Crowcore', 'Dark_Academia', 'Goth', 'Darkest_Academia', 'Steampunk', 'Vulture_Culture']",Late 2010s,"Bird masks, books, herbs, crows and ravens, leeches, rats, bones, dark humor","Black, white, grey, silver, gold","Curiosity, discovery","loodborne, Darkest Dungeon, Pathologic, The Seventh Seal, The Masque of the Red Death, Penny Dreadful",2010.0,2010.0
Plakatstil,Plakatstil,https://aesthetics.fandom.com/wiki/Plakatstil,"['Bauhaus', 'Constructivism', 'International_Typographic_Style', 'Minimalism']",1900s–1910s,"Isolated objects, flat colors, bold lettering, negative space, lack of ornamentation","Simple, bold color palettes with high contrast","Clarity, directness, modernity, readability, impact",,1900.0,1910.0
Plant Mom,Plant_Mom,https://aesthetics.fandom.com/wiki/Plant_Mom,"['Art_Hoe', 'Boho', 'Cottagecore', 'Grandmacore', 'Granola', 'Naturecore']",2010s,"Potted plants, succulents, watering cans, sunlight, terracotta, macramé, misting bottles","Green, Earth Tones, Mustard Yellow, Terracotta, White","Nurturing, patience, environmentalism, mindfulness, growth","nstagram, TikTok",2010.0,2010.0
Playboy,Playboy,https://aesthetics.fandom.com/wiki/Playboy,"['Baddie', 'Boujee', 'Casino', 'Femme_Fatale', 'Heistcore', 'Mafia_Aesthetic', 'New_Money', 'Old_Money', 'Yuppie']",Mid-20th century,"Luxury sports cars, yachts, private jets, casinos, tailored suits, expensive watches, beautiful women","Classic, rich palettes: black, navy, white, with accents of gold or silver","Hedonism, sophistication, charm, wealth, freedom from convention","ames Bond film series, The Wolf of Wall Street (2013), Miami Vice",1900.0,2000.0
Plazacore,Plazacore,https://aesthetics.fandom.com/wiki/Plazacore,"['Old_Money', 'Preppy', 'Coquette', 'Light_Academia']",2020s,"Tweed, hair bows, headbands, Peter Pan collars, pearl jewelry, Mary Janes, houndstooth and plaid patterns","Pastels (especially powder pink and baby blue), black and white, neutrals, with accents of bright red or royal blue","Elegance, sophistication, preppy style, nostalgia, playful luxury",,2020.0,2020.0
PMC Ryodan,PMC_Ryodan,https://aesthetics.fandom.com/wiki/PMC_Ryodan,"['Dead_Inside', 'E-Boy', 'Herki', 'Gopnik']",2020s,"Black hoodies with white spider symbol, anime imagery, online gaming references (DotA 2), maps of ""battle"" for Aviapark","Black, white","Fandom of Hunter x Hunter, online gaming communities, localized conflicts, anti-establishment sentiment (in some interpretations), response to perceived ""gopnik"" aggression","unter x Hunter, DotA 2, Telegram, VK",2020.0,2020.0
Pokemón,Pokem%C3%B3n_(Chilean_subculture),https://aesthetics.fandom.com/wiki/Pokem%C3%B3n_(Chilean_subculture),"['Alternative', 'Emo', 'Flaite', 'Flogger', 'Hip-Hop', 'Jejemon', 'Punk', 'Reggaetonero', 'Scene', 'Shamate']",2000s,"Anime-inspired hairstyles, patterned clothing (polka dots, stripes), piercings, subcultural fusion (Emo, Punk, Hip-Hop, Otaku), vibrant colors","Black, red, fuchsia, green, orange, purple, blue","Open-mindedness, pacifism, perceived childlike irresponsibility, emphasis on fantasy, subcultural blending, self-expression through appearance, online social interaction, hypersexualization","otolog, MSN Messenger",2000.0,2000.0
Pokero,Pokero,https://aesthetics.fandom.com/wiki/Pokero,"['Bakala', 'Cani', 'Choni', 'Rave']",2000s,"Gold jewelry, high-top retro sneakers, shaven-side hairstyles, modified cars, tracksuit jackets","Phosphorescent neon, gold, white, denim blue","Party culture, speed, ostentation, appreciation for ""Poky"" music, Spanish nationalism",,2000.0,2000.0
Political 'Wave' Aesthetics,Political_%27Wave%27_Aesthetics,https://aesthetics.fandom.com/wiki/Political_%27Wave%27_Aesthetics,[],nan,,,,,,
Polychrome,Polychrome,https://aesthetics.fandom.com/wiki/Polychrome,"['Geo-Boho', 'Hexatron', 'Metalheart']",2010s,"blended abstract colors, smears/splatters/slicks, colored powders or smoke",high contrast hues,,,2010.0,2010.0
Pont-Aven School,Pont-Aven_School,https://aesthetics.fandom.com/wiki/Pont-Aven_School,"['Post-Impressionism', 'Symbolism']",Late 1880s–Early 1890s,"Breton peasant life, religious processions (pardons), rural landscapes, strong outlines (cloisonnism), flat planes of color","Bold, non-naturalistic colors (e.g., yellow skies, red fields), large, flat areas of color","Anti-naturalism, synthesis of observation and feeling, simplification of form, spiritual expression, ""primitivism""",,1880.0,1890.0
Poolcore,Poolcore,https://aesthetics.fandom.com/wiki/Poolcore,"['Cleancore', 'Dreamcore', 'Kidcore', 'Liminal_Space', 'Minimalism', 'Ocean_Grunge', 'Seapunk', 'Vaporwave', 'Weirdcore', 'Y2K_Futurism']",2010s,"Water, pools, light shining through water, tiles","Shades of blue, white and teal",,ackrooms,2010.0,2010.0
Pop Art,Pop_Art,https://aesthetics.fandom.com/wiki/Pop_Art,"['Catholic_Kitsch', 'Chicha', 'Figuration_Narrative', 'Internet_Awesomesauce', 'Lowbrow', 'Neo-Pop', 'Nouveau_R%C3%A9alisme', 'Radical_Design', 'Shibuya-Kei', 'Sots_Art', 'Superflat', 'Toyism']",1950s,"Consumer goods, mass media imagery, celebrity portraits, comics, bold lines, Ben-Day dots, commercial art techniques",Saturated primary and secondary colors,"Critique and celebration of consumerism, mass culture, anti-elitism, humor, irony, rejecting abstract expressionism",,1950.0,1950.0
Poppare,Poppare,https://aesthetics.fandom.com/wiki/Poppare,"['Alternative', 'Britpop', 'Decora', 'Emo', 'Fairy_Kei', 'Indie', 'Mod', 'Nautical', 'Twee']",1990s,"A-line bob hairstyles,Mod-inspired clothing, heavy eyeliner, star stickers under the eyes, striped shirts","Black and white (Panda), bright pastels (Glitter), primary colors","Nostalgia, Mod revival, indie rock culture, youthful melancholy",,1990.0,1990.0
Poppers,Poppers_(German_subculture),https://aesthetics.fandom.com/wiki/Poppers_(German_subculture),"['Disco', 'New_Romantic', 'Paninaro', 'Preppy', 'Teddy_Boys']",1980s,"Displays of wealth, polo shirts, sailing shoes, Cashmere pullovers, carrot pants, college shoes",,"Consumerism, materialism, hedonism, egoism, apoliticism, brand fetishism",,1980.0,1980.0
Positivity Kawaii,Positivity_Kawaii,https://aesthetics.fandom.com/wiki/Positivity_Kawaii,"['2014_Tumblr', 'Galaxy_Print', 'Kawaii', 'Live_Laugh_Love', 'Soft_Girl', 'Tweencore']",2010s,"Inspirational quotes, mascots,cuteness, puns","Pink, pastels","Positivity, optimism, inspiration, wholesomeness",,2010.0,2010.0
Post-Apocalyptic,Post-Apocalyptic,https://aesthetics.fandom.com/wiki/Post-Apocalyptic,"['Avant_Apocalypse', 'Brutalism', 'Cyberpunk', 'Doomer', 'Electronic_Body_Music', 'Industrial_Decay', 'Industrial_Gothic', 'Plaguecore', 'Salvagepunk', 'Soft_Apocalypse', 'Stalker', 'Retrofuturism', 'Warcore']","Biblical stories, 19th Century works","Destroyed cities, dead foilage, minimal human population.","Earth tones, greys, dull colors","Survival, thievery, gang loyalty (depending)",alloutMad MaxBird BoxThe Walking DeadMost of the Shin Megami Tensei franchise,1800.0,1900.0
Poster Gal,Poster_Gal,https://aesthetics.fandom.com/wiki/Poster_Gal,"['Olderbrothercore', 'Mallgoth', 'Nu-Metal', 'Pop-Punk_Emo', 'Emo', 'Y2K', 'Frutiger_Aero', 'Y2K_Futurism', 'Old_Web', 'Teenpunk', 'Animecore', 'Webcore', 'Scene', 'Metalheart', 'Otaku', 'Moe']",90s/2000s,,"Black, green, blue, red, purple, pink",,ee:Media,1990.0,2000.0
Post-Grunge Maximalism,Post-Grunge_Maximalism,https://aesthetics.fandom.com/wiki/Post-Grunge_Maximalism,"['Bro_Hoe', 'Cyber_Grunge', 'Cybersigilism', 'Guido', 'Haunted_Mound', 'McBling', 'Nu-Metal', 'Olderbrothercore', 'Opium', 'UrBling', 'Y2K_Futurism']",2000s,"Skulls, crosses, wings, eagles, gothic script, tribal patterns, heavy distressing, foil prints, rhinestones","Muted colors (grey, brown, black), often with bright, colorful graphics","Hyper-masculinity, rebellion, rock music culture, luxury branding",,2000.0,2000.0
Post-Impressionism,Post-Impressionism,https://aesthetics.fandom.com/wiki/Post-Impressionism,"['Cubism', 'Expressionism', 'Fauvism', 'Impressionism', 'Pont-Aven_School', 'Symbolism']",c. 1886–1905,"Varies by artist: Still lifes (Cézanne), sunflowers and starry nights (Van Gogh),Bretonand Tahitian life (Gauguin), Parisian leisure (Seurat)","Varies by artist: Intense, symbolic color (Van Gogh, Gauguin); Dotted pure color (Seurat); Structured, form-building color (Cézanne)","Rejection of Impressionism's limitations, emphasis on symbolic content, personal expression, formal order, and structure",,1886.0,1905.0
Post-Punk,Post-Punk,https://aesthetics.fandom.com/wiki/Post-Punk,"['DIY_Punk', 'Deathrock', 'Doomer', 'Industrial', 'Goth', 'Minimal_Wave', 'Neofolk', 'No_Wave', 'Normcore', 'Punk', 'Trad_Goth']",1970s,"Minimalism, monochromatic color schemes, trench coats, button-up shirts, slim trousers, Dr. Martens, abstract art, German Expressionism, architectural lines",,"Introspection, intellectualism, anti-commercialism,DIY ethos, existentialism, artistic experimentation",,1970.0,1970.0
Poverty Chic,Poverty_Chic,https://aesthetics.fandom.com/wiki/Poverty_Chic,"['Anti-Fashion', 'Grunge', 'Heroin_Chic', 'Punk', 'Post-Apocalyptic']",1990s,"Distressed fabric, mud and oil stains, safety pins, trash bags, layering, duct tape, newspaper prints, oversized silhouettes","Mud brown, faded grey, washed-out blue, beige, charcoal, olive drab","Irony, anti-fashion, shock value, rebellion, class tourism","oolander (film), ""Derelicte"" campaign",1990.0,1990.0
Power Dressing,Power_Dressing,https://aesthetics.fandom.com/wiki/Power_Dressing,"['Corporate', 'Minimalism', 'New_Money', 'Preppy', 'Yuppie']",Late 1970s–1980s,"Wide shoulder pads, tailored suits (for women), blazers, pencil skirts, ""power ties"" (for men), briefcases","Conservative palettes: navy blue, charcoal grey, black, often accented with a bold color like red","Ambition, authority, professionalism, confidence, gender equality in the workplace","orking Girl (film), Dynasty (TV series)",1970.0,1980.0
Prairiecore,Prairiecore,https://aesthetics.fandom.com/wiki/Prairiecore,"['Adventurecore', 'Americana', 'Classic_Lolita', 'Cottagecore', 'Gaucho', 'Hippie', 'Naturecore']",1970s,"horses, the plains, wood fences, cattle, wheat, flowers, meadow","light brown, cool colors (especially green), white","Pioneering, adventure, hard work, freedom, eccentricity","ittle House on the Prairie series, O Pioneers!, The Oregon Trail",1970.0,1970.0
Preacher's Daughter,Preacher%27s_Daughter,https://aesthetics.fandom.com/wiki/Preacher%27s_Daughter,"['Americana', 'Appalachian_Gothic', 'Catholic_Horror', 'Coquette', 'Cottagecore', 'Country', 'Ethereal', 'Farmer%27s_Daughter', 'Grandparentcore', 'Midwest_Gothic', 'Morute', 'Nostalgiacore', 'Prairie', 'Southern_Gothic', 'Tradcath_Coquette']",2020s (drawing inspiration from the 1970s-2000s),"Crosses, churches, Bibles, old houses and furniture, long skirts, long hair","Brown, white, cream, green","Nostalgia, reclaiming religious aesthetics, healing from religious trauma, escapism via music/art/etc",,1970.0,2020.0
Precisionism,Precisionism,https://aesthetics.fandom.com/wiki/Precisionism,"['Cubism', 'Futurism', 'International_Typographic_Style', 'Minimalism', 'Modernism', 'Liminal_Space', 'Photorealism', 'Pop_Art', 'Purism', 'Urbancore']",Mid 1920s,"Urban and industrial landscapes, skyscrapers, factories, bridges, liminality",,"Industrialization, modernization",,1920.0,1920.0
Preppy,Preppy,https://aesthetics.fandom.com/wiki/Preppy,"['Bon_Chic,_Bon_Genre', 'Dark_Academia', 'Geek_Chic', 'Light_Academia', 'Nautical', 'Old_Money', 'Paninaro', 'Plazacore', 'Sloanie', 'Southern_Belle', 'Yuppie']",c. 1910s–1950s (classic era),"Ivy League universities, sailing, tennis, polo, country clubs, classic sportswear","Navy blue, khaki, white, hunter green, burgundy, pastel pink and yellow","Tradition, ""Old Money,"" understated class, leisure, academic achievement, conformity to social norms",,1910.0,1950.0
Pre-Raphaelite,Pre-Raphaelite,https://aesthetics.fandom.com/wiki/Pre-Raphaelite,"['Aestheticism', 'Art_Nouveau', 'Realism', 'Romanticism', 'Symbolism']",1848,"Medievalism, Arthurian legend, religious and mythological subjects, literary themes, detailed natural landscapes, idealized female figures","Vivid jewel tones (cobalt, ruby, emerald), luminous whites","Sincere representation, truth to nature, moral seriousness, opposition to academic conventions",,1848.0,1848.0
Pridecore,Pridecore,https://aesthetics.fandom.com/wiki/Pridecore,"['Glitter_Graphics', 'Scenecore', 'Kidcore', 'Lovecore', 'Webcore']",Late 2010s,"Pride flags, moodboards, stimboards, custom flag designs, glitter, sparkles, character icons",Colors of various LGBTQ+ pride flags,"Pride, self-expression, identity, community, celebration, validation",,2010.0,2010.0
Princecore,Princecore,https://aesthetics.fandom.com/wiki/Princecore,"['Kingcore', 'Knightcore', 'Princesscore', 'Queencore', 'Royalcore', 'New_Romantic', 'Lolita', 'Androgynous', 'Romantic_Academia']",nan,"Medieval or balletic costumes, crowns, medieval prince wear, medieval armor, light colors, historic masculinity or androgyny, jewelry","Blue, gold, silver, green, white, purple, red","Elitism, politeness, wealth, royalty, charm, romanticism, fulfillment",he Chronicles of Narnia: Prince Caspian(2008)Pippin(1981)The Prince and The Pauper(1973)Hamlet(1996)Coming to America(1988)Adventures of Prince Achmed(1926),,
Princesscore,Princesscore,https://aesthetics.fandom.com/wiki/Princesscore,"['Coquette', 'Cottagecore', 'Ethereal', 'Pink_Princess', 'Royalcore', 'Light_Academia']",Late 2010s,"Puff-sleeve dresses, corsets, tulle, lace, tiaras, ball gowns, pearls, opulent fabrics","Pastels (especially pink), white, cream, gold","Elegance, romance, femininity, escapism, kindness, grace","ridgerton, Marie Antoinette (2006)",2010.0,2010.0
PRL Nostalgia,PRL_Nostalgia,https://aesthetics.fandom.com/wiki/PRL_Nostalgia,"['Ostalgie', 'Soviet_Nostalgia', 'Yugo-Nostalgia']",Post-1989 (as nostalgia/aesthetic),"Warm ice cream (Lody na ciepło), zapiekanka (open-face sandwich), Polo-Cockta (soft drink), Junak motorcycles, Trabant cars, communist-era public interior design (pubs, cultural centers),Socialist Realistkitsch","Muted pastels, grey, red (as accent), communist-era branding colors","Social solidarity, perceived economic stability, lost authenticity, collective memory",,1989.0,1989.0
Psychedelia,Psychedelia,https://aesthetics.fandom.com/wiki/Psychedelia,"['Acid_Design', 'Acid_House', 'Art_Nouveau', 'Beatnik', 'Chicha', 'Corporate_Hippie', 'Cyberdelia', 'Flower_Power', 'Freakbeat', 'Hippie', 'Madchester', 'Manguebeat', 'Mid-Century_Medieval', 'Peacock_Revolution', 'Pop_Art', 'Sunshine_Pop', 'Surrealism']",1960s,"Distorted visuals, themes of love, vibrant color palettes, surreal imagery, fluid shapes, organic forms, optical illusions, altered states of consciousness, experimental music techniques",,"Counterculture, exploration of consciousness, altered perception, artistic experimentation, spiritual exploration, anti-establishment sentiment","he Electric Kool-Aid Acid Test (book), Revolver (album), Sgt. Pepper's Lonely Hearts Club Band (album)",1960.0,1960.0
Psychobilly,Psychobilly,https://aesthetics.fandom.com/wiki/Psychobilly,"['B-Movie_Horror', 'Deathrock', 'Gothabilly', 'Gurokawa', 'Halloween', 'Horror', 'Horror_Punk', 'Hot_Rod', 'Pin-up', 'Rockabilly', 'Punk', 'Vampire']",Early 1980s,"Zombies, vampires, monsters, graveyards, hot rods, pin-up imagery (often with a dark twist), classic horror film elements",,"Rebellion, independence, humor, outsider status",,1980.0,1980.0
Pulp Fantasy,Pulp_Fantasy,https://aesthetics.fandom.com/wiki/Pulp_Fantasy,[],1960s,,,,,1960.0,1960.0
Punk,Punk,https://aesthetics.fandom.com/wiki/Punk,"['DIY_Punk', 'Deathrock', 'Emo', 'Goth', 'Graffiti_Pop', 'Grunge', 'Industrial', 'Metalhead', 'New_Wave', 'No_Wave', 'Oi!_Skinhead', 'Post-Punk']",1970s,"Safety pins, deliberate tearing/ripping, provocative slogans, studs and spikes, mohawk hairstyles, exposed seams, fetish wear accents, anarchy symbols","Black, natural (denim/leather), red (for contrast/shock)","Anti-authoritarianism, anti-capitalism,DIY ethos, non-conformity, mutual aid, direct action, anti-consumerism","epo Man, Sid and Nancy, The Young Ones, The Return of the Living Dead",1970.0,1970.0
Puppycore,Puppycore,https://aesthetics.fandom.com/wiki/Puppycore,"['Clovercore', 'Cutecore', 'Heisei_Retro', 'Kawaii', 'Sanriocore']",2000s (named in the 2020s),"Puppies (especially golden retrievers, corgis), pastel colors, paw prints, dog bones, bows, hearts, sparkles, glitter, soft textures, ""Heisei Retro"" design elements","Soft pastels (pink, baby blue, lavender, yellow), white, cream","Cuteness, innocence, comfort, nostalgia (especially for early 2000s internet aesthetics), playfulness, gentleness",,2000.0,2020.0
Puppygirl,Puppygirl,https://aesthetics.fandom.com/wiki/Puppygirl,"['Babygirl', 'Bimbocore', 'E-Girl', 'Femboy', 'Furry', 'Maid', 'Neko']",2020s,"Dog ears (clip-on), collars, leashes, paw-print accessories (gloves, socks), bone-shaped items, kennels, anime-style artwork","Varies, often blended withE-Girlor alternative palettes (e.g., pink, black, pastels)","Joyful dehumanization, submission, dependency, refusal of respectability, anti-productivity",,2020.0,2020.0
Purism,Purism,https://aesthetics.fandom.com/wiki/Purism,"['Cubism', 'Constructivism', 'De_Stijl', 'Modernism', 'Precisionism']",c. 1918–1925,"Everyday objects (bottles, glasses, pipes), machine-like precision, clean outlines, simplified geometric forms, architectonic compositions","Subdued, flat colors; often earthy tones like ochre, brown, green, and gray","Order, rationality, precision, universality, functionalism, rejection of ornament, ""the machine aesthetic""",,1918.0,1925.0
Qin and Han Dynasties,Qin_and_Han_Dynasties,https://aesthetics.fandom.com/wiki/Qin_and_Han_Dynasties,[],1st century,,"Black, red",,,0.0,100.0
Qingleng Feng,Qingleng_Feng,https://aesthetics.fandom.com/wiki/Qingleng_Feng,"['Minimalism', 'Wabi-Sabi']",2000s,,"White, grey, beige, pastel or mute blue, black","Calmness, detachment",,2000.0,2000.0
Quality Tumblr,Quality_Tumblr,https://aesthetics.fandom.com/wiki/Quality_Tumblr,"['Basic_Girl', 'Normcore', 'Pale_Grunge', '2014_Girly']",Early 2010s,,"Neon pastels, black, and pink",,,2010.0,2010.0
Queencore,Queencore,https://aesthetics.fandom.com/wiki/Queencore,"['Baddie', 'Hime_Lolita', 'Kingcore', 'Knightcore', 'Princesscore', 'Princecore', 'Royalcore']",nan,,"Dark Reds, Deep Purples, Royal Blue, Emerald Green, Gold, Silver, Black and White","Elegance, Power, Status, Wealth, Duty, Country, Intelligence, Skill",,,
Queercore,Queercore,https://aesthetics.fandom.com/wiki/Queercore,"['La_Movida', 'Punk', 'Taqwacore']",Early 1980s,"Pink triangle, leather","Black, white, pink","LGBTQ pride, anti-capitalism, rejection of respectability politics and assimilationism",,1980.0,1980.0
Racaille,Racaille,https://aesthetics.fandom.com/wiki/Racaille,"['Baddie', 'Chav', 'Dresiarz', 'Hypebeast', 'Jersey_Shore', 'Bombardier', 'Cani', 'Dizela%C5%A1i', 'MDLR']",1990s-2000s,,"White, black, grey, blue, red","French pride, debauchery",,1990.0,2000.0
Racing,Racing,https://aesthetics.fandom.com/wiki/Racing,"['Biker', 'Cyberpunk', 'Techwear', 'Vectorheart']",1900s (early motorsports),"Racing vehicles, motorsports, speed, checkered flags, helmets, sponsors, tobacco and alcohol brand advertising","Red, black, white, metallic silver/grey","Competition, precision, perfomance","ormula 1, Le Mans, WRC, NASCAR, Drive to Survive",1900.0,1900.0
Radical Design,Radical_Design,https://aesthetics.fandom.com/wiki/Radical_Design,"['Memphis_Design', 'Pop_Art']",1960s,"Unconventional forms, irony, critique of consumerism, speculation on future cities",Bold and varied,"Challenging norms, experimentation, social and political commentary, questioning beauty standards",,1960.0,1960.0
Rad Dog,Rad_Dog,https://aesthetics.fandom.com/wiki/Rad_Dog,"['Neon_Ooze', 'Wacky_Pomo']",1980s,Paint splatters and tribal patterns,Black and any other bright/neon colours,,,1980.0,1980.0
Raggare,Raggare,https://aesthetics.fandom.com/wiki/Raggare,"['American_Kitsch', 'Americana', 'Biker', 'Greaser', 'Rockabilly', 'Teddy_Boys']",1950s,"Classic American cars, pompadours, denim, leather, Confederate battle flag","Chrome, denim blue, leather black","Nostalgia, rebellion, automotive enthusiasm","ock'n'roll music, car magazines, ""Raggare!"" (1959 film)",1950.0,1950.0
Rave,Rave,https://aesthetics.fandom.com/wiki/Rave,"['Acid_Design', 'Asian_Baby_Girl', 'Cyberdelic', 'Cybergoth', 'Cyberpop', 'Cyberpunk', 'Graffiti_Pop', 'Disco', 'Electroclash', 'Glitch_Art', 'Krocha', 'New_Rave', 'Northern_Soul', 'Pokero', 'Psychedelia', 'Scene', 'Tecktonik', 'Xpiritualism', 'Y2K_Futurism']",Late-1980s,"Psychedelic patterns, neon lights, glowsticks, kandi, pacifiers, smoke, smiley face, PLUR hand sign, fluorescent clothing","Neon, black, fluorescent","Individuality, freedom, community, self-expression, hedonism, PLUR (Peace, Love, Unity, Respect)","rainspotting (film), Human Traffic (film), Groove Armada (band), The Prodigy (band)",1980.0,1980.0
Raw Industrial,Raw_Industrial,https://aesthetics.fandom.com/wiki/Raw_Industrial,"['Brutalism', 'Corporate_Grunge', 'Industrial_Decay', 'Shabby_Chic', 'Urbancore', 'Vectorheart']",Late 2000s - 2010s,"Exposed brick, concrete, metal, pipes, beams, weathered wood, factory lighting, open spaces","Neutral tones, grays, browns, blacks, metallic tones","Rawness, functionality, urbanity, repurposed spaces, industrial heritage",,2000.0,2010.0
Raxet,Raxet,https://aesthetics.fandom.com/wiki/Raxet,"['Chav', 'Choni', 'Hip-Hop', 'McBling', 'Neoperreo']",Late-2010s,"Tracksuits, large hoop earrings, fanny packs, elaborate nails, fishnet clothing, faux fur, platform shoes, high hairstyles","Black, gold, bright colors, animal prints","Provocation, empowerment, extravagance, confidence, self-expression, reclaiming ""choni"" aesthetics",rap music,2010.0,2010.0
Raygun Gothic,Raygun_Gothic,https://aesthetics.fandom.com/wiki/Raygun_Gothic,"['Art_Deco', 'Atompunk', 'Cassette_Futurism', 'Dieselpunk', 'Diner', 'Googie', 'Retrofuturism', 'Rocketpunk', 'Space_Age', 'Streamline_Moderne', 'Factory_Pomo']",1940s/1950s,Nuclear-based powerSpace travel and spacesuitsFantastical planets and aliensHover technologyBright colorsRobotsAutomated appliancesAircraft-like finsChrome grilles and highlightsGeometric Shapes,,Endless technological advancementAbstracted architecturePulp comic vibesOptimistic views,he JetsonsMy Life as a Teenage RobotColonel Bleep,1940.0,1950.0
Realism,Realism,https://aesthetics.fandom.com/wiki/Realism,"['Costumbrismo', 'Impressionism', 'Photorealism', 'Social_Realism']",1840s,"Rural laborers, the working class, scenes of everyday life, unidealized nudes, landscapes without romanticization, social commentary","Earthy tones, somber palettes, faithful representation of natural light, avoidance of artificial or overly dramatic color","Truth and accuracy, observation of contemporary life, rejection of idealization and Romantic emotionalism, social consciousness",,1840.0,1840.0
Rebels,Rebels,https://aesthetics.fandom.com/wiki/Rebels,"['Girl_Crush', 'Hallyu', 'Techwear', 'Warcore', 'Urbancore', 'Cyberpunk', 'Cyber_Grunge', 'Avant_Apocalypse', 'Hip-hop', 'Rave']",Late 2000s,"Powerful stage presence and presentation, brash assertive lyrics, darker unconventional stylings, intense choreography, experimental EDM sounds","Black, red or nocturnal color palettes, and post-apocalyptic colors","Rebellious, empowerment, motivational, freedom, confidence, independence, charisma, boldness.",,2000.0,2000.0
Recession Pop,Recession_Pop,https://aesthetics.fandom.com/wiki/Recession_Pop,"['2010s_Summer_Nostalgia', 'Avantropop', 'Bloghouse', 'Dark_Aero', 'Electroclash', 'Frutiger_Aero', 'Hipster', 'Hyperpop', 'Indie_Sleaze', 'McBling', 'Party_Rock', 'Scene', 'Superflat_Pop']",Late 2000s,"Asymmetrical shapes, neon colors, excessive glitter, lens flare, futuristic elements, party scenes","Vibrant neons (magenta, lime green, electric blue), purple, black, silver","Escapism, hedonism, relentless optimism, partying, catharsis",,2000.0,2000.0
Regency,Regency,https://aesthetics.fandom.com/wiki/Regency,"['Classicism', 'Dandy', 'Hollywood_Regency', 'Light_Academia', 'Neoclassicism', 'New_Look', 'Rococo', 'Romantic_Academia', 'Victorian']",Regency era,"columns, pediments,lyres, dolphins, cameos,urns, laurel wreaths, sphinxes, griffins, and anthemion (palmette) patterns.","soft neutrals, refined pastels, and a few rich accent tones.","Elegance,decorum, the arts,Charity,compassion,Harmony and proportion",,,
Regencycore,Regencycore,https://aesthetics.fandom.com/wiki/Regencycore,"['Baroque', 'Princesscore', 'Regency', 'Rococo', 'Royalcore']",2020s,,"White, pastel colors",,ridgerton,2020.0,2020.0
Reggae,Reggae,https://aesthetics.fandom.com/wiki/Reggae,"['Acid_House', 'Basque_Radical_Rock', 'Hippie', 'La_Movida', 'Psychedelia', 'Punk', 'Rude_Boy', 'Skinheads', 'Urbancore', 'Vacation_Dadcore']",Late 1960s,"Peace signs, dreadlocks, lions, ganja leaves, the Jamaican flag","Black, green, yellow, red","Peace, love, social justice, racial pride, black nationalism, anti-colonialism, anti-capitalism, criticism of political systems",rojan Records,1960.0,1960.0
Reggaetonero,Reggaetonero,https://aesthetics.fandom.com/wiki/Reggaetonero,"['Cholombiano', 'Chonga', 'Cumbiero', 'Gangsta_Rap', 'Hip-Hop', 'Neoperreo', 'Pokem%C3%B3n']",Late 1990s (music)Mid-2000s (subculture massification),"Gold and silver chains, visible tattoos, baseball caps (worn forward or backward), designer sunglasses, muscular/toned physique (men), fitted/tight clothing (women), piercings, diamonds","Black, white, gold, silver (or platinum)","Flexing (display of status and wealth), eroticism, street authenticity","umberos (2002 TV Series), El Bonaerense (2002 Film), El polaquito (2003 Film)",1990.0,2000.0
Renaissance Revival,Renaissance_Revival,https://aesthetics.fandom.com/wiki/Renaissance_Revival,"['Baroque', 'Ethereal', 'Fairycore', 'Frasurbane', 'FantasY2K', 'Hellenic', 'Italian_Renaissance', 'Mid-Century_Medieval', 'Sepia_Blur', 'Tudor', 'Vintage', 'Whimsigoth']",1990s,"Corsets, Elizabethan ruffs,  bodices, long dresses, fairies,","Gold, Brown, sepia, black",,"ver After (1998), Romeo + Juliet, Elizabeth (1998)",1990.0,1990.0
Renovador Movement,Renovador_Movement,https://aesthetics.fandom.com/wiki/Renovador_Movement,"['Art_Nouveau', 'Cubism', 'Expressionism', 'Surrealism']",1920s–1930s,"Galician culture, portraits, modernism, religious iconography, still lifes, ""Gallaecia"" typography",,"Galician regionalism, intellectualism, modernization, innovation, satire,retranca(a uniquely Galician form of irony/humor)",,1920.0,1930.0
Retrofuturism,Retrofuturism,https://aesthetics.fandom.com/wiki/Retrofuturism,"['Art_Deco', 'Atompunk', 'Cyberpunk', 'Dieselpunk', 'Decopunk', 'Frutiger_Aero', 'Futurism', 'Googie', 'Mid-Century_Modern', 'Modernism', 'Raygun_Gothic', 'Space_Age', 'Steampunk', 'Streamline_Moderne', 'Synthwave', 'Vaporwave', 'Y2K_Futurism', 'DORFic', 'Abstract_Tech']",Late 19th Century – Early 20th Century,"Imagined future technologies from a past perspective, juxtaposition of outdated aesthetics with advanced concepts, optimistic or dystopian visions of progress, flying vehicles, robots, space exploration, fantastical architecture, rayguns","Varies by subgenre (e.g., chrome, pastels, muted industrial tones, vibrant atomic-age colors)",,"he Jetsons, Fallout franchise, Metropolis, Brazil, Bioshock, Sky Captain and the World of Tomorrow, The Fifth Element",1800.0,2000.0
Retro Gamer,Retro_Gamer,https://aesthetics.fandom.com/wiki/Retro_Gamer,"['8-Bit', 'Arcadecore', 'Cyberdelic', 'Cybertwee', 'Low_Poly', 'PC-98']",1980s - 2000s,"Video games, controllers, TVs, arcades","Grey, green, black, pastel colors",,,1980.0,2000.0
RGB Gamer,RGB_Gamer,https://aesthetics.fandom.com/wiki/RGB_Gamer,"['Cyberpunk', 'E-Girl', 'Hexatron', 'Kawaii_Gamer', 'Synthwave', '2020_TikTok']",Late 2010s,"Gaming/PC setups, RGB lights, geometric and futuristic designs","Pink, Purple, Blue, White, Black, Red, Green, Yellow, Neons",,,2010.0,2010.0
Riot Grrrl,Riot_Grrrl,https://aesthetics.fandom.com/wiki/Riot_Grrrl,"['Grunge', 'Kinderwhore', 'Punk', 'Queercore']",Early 1990s,DIY zines and publications; handwritten text and collage; visible protest slogans; reclaimed derogatory terms; unpolished aesthetics,"Black, pink, red, white, ivory, dark grey","Feminism, anti-consumerism, rejection of the mainstream,DIY ethos, female empowerment, social activism","he Punk Singer (2013), Girls to the Front: The True Story of the Riot Grrrl Revolution (2010), Revolution Girl Style Now! (cassette, 1991)",1990.0,1990.0
Rivethead,Rivethead,https://aesthetics.fandom.com/wiki/Rivethead,"['Berlin_Techno_Fashion', 'Bondage', 'Cybergoth', 'Cyberpunk', 'Electronic_Body_Music', 'Fetish_Goth', 'Goth', 'Industrial', 'Metalhead', 'Neofolk', 'Post-Punk', 'Punk']",Late 1980s,"Military surplus, industrial hardware, barcodes, goggles, dark sunglasses, combat boots, post-apocalyptic utility","Black, charcoal, olive drab, grey, rusted steel","Individualism, anti-conformity, technological critique, dystopian realism","lectro-industrial, EBM, Industrial Rock, Cyberpunk literature (e.g.,Neuromancer)",1980.0,1980.0
Roadman,Roadman,https://aesthetics.fandom.com/wiki/Roadman,[],nan,,,,,,
Roaring Twenties,Roaring_Twenties,https://aesthetics.fandom.com/wiki/Roaring_Twenties,"['Art_Deco', 'Decopunk', 'Dieselpunk', 'Flapper', 'Gar%C3%A7onne', 'Mafia_Aesthetic', 'Weimar_Cabaret']",1920s,"Jazz music, speakeasies,flapperfashion,Art Decoarchitecture, automobiles, radio, silent films","Black, gold, silver, deep jewel tones (emerald, sapphire, ruby)","Modernity, excess, liberation, social rebellion, prosperity, optimism, technological innovation","he Great Gatsby, Chicago, Metropolis, The Artist",1920.0,1920.0
Robotcore,Robotcore,https://aesthetics.fandom.com/wiki/Robotcore,"['Abstract_Tech', 'Hexatron', 'Old_Web', 'Vaporwave', 'Y2K_Futurism']",80s,"Coding, robots, artificial intelligence, computer graphics, futurism","Muted colors, monochrome colors, blue",Independency,,1980.0,1980.0
Rockabilly,Rockabilly,https://aesthetics.fandom.com/wiki/Rockabilly,"['Americana', 'Biker', 'Burlesque', 'Country', 'Diner', 'Greaser', 'Halbstarke', 'Horror_Punk', 'Hot_Rod', 'Old_Hollywood', 'Pin-up', 'Raggare', 'Stilyagi']",1950s (initial popularity)Late 1970s (revival),"Vintage cars, motorcycles, diners, soda fountains, jukeboxes, polka dots, checkerboard patterns, skulls, old-school tattoos, pin-up imagery, red roses, poodles, barber poles","White, red, black, bright pastels","Nostalgia for 1950s Americana, rebellion, individualism, authenticity, passion for music and vintage culture","merican Graffiti, Cry-Baby, Grease",1950.0,1970.0
Rockers,Rockers,https://aesthetics.fandom.com/wiki/Rockers,"['Biker', 'Greaser', 'Mod', 'Raggare', 'Rockabilly', 'Teddy_Boys']",1950s,"Café racer motorcycles (Triumph, Norton), leather jackets, denim, motorcycle boots, transport cafés (Ace Cafe)",Primarily black (leather) and denim blue,"Masculinity, rebellion, speed, group loyalty, 1950s rock and roll music",,1950.0,1950.0
Rocketpunk,Rocketpunk,https://aesthetics.fandom.com/wiki/Rocketpunk,"['Atompunk', 'Raygun_Gothic', 'Retrofuturism', 'Space_Age', 'Atomic_Age', 'Atompunk', 'Raygun_Gothic', 'Googie']",1950s-1960s,"Rocketry, space travel, cylinders, solar panels and radiators, realism",,Human expansion into space,950s-1960s sci-fi art2001: A Space OdysseyKerbal Space ProgramInterstellarThe MartianFor All Mankind,1950.0,1960.0
Rockstar GF,Rockstar_GF,https://aesthetics.fandom.com/wiki/Rockstar_GF,"['Messy_French_It_Girl', 'Downtown_Girl', 'Grunge', 'Indie_Sleaze', 'Mob_Wife']",nan,"Flare/bell-bottom pants, leather jackets","Blacks, reds, whites, hints of silver and/or gold (occasionally darker tones of purple, green, etc.)",,,,
Rococo,Rococo,https://aesthetics.fandom.com/wiki/Rococo,"['Baroque', 'Chinoiserie', 'Decadence', 'Gustavian', 'Neoclassicism', 'Angelcore', 'Coquette', 'Princesscore', 'Rococopunk']",1720s - 1760s,"Shells (rocaille), C-scrolls and S-scrolls, acanthus leaves, putti (cherubs), pastoral scenes, elaborate asymmetry, mythological love stories","Pastel palettes (light pink, powder blue, mint green, cream, lavender), ivory white, gold leaf","Frivolity, pleasure, intimacy, elegance, leisure, ornamentation, light-heartedness",,1720.0,1760.0
Rococopunk,Rococopunk,https://aesthetics.fandom.com/wiki/Rococopunk,"['New_Romantic', 'Punk', 'Rococo', 'Steampunk']",Early 2010s,"Frills, lace, 18th-century silhouettes, powdered wigs, mohawks, punk accessories","Pastels, rich and vibrant colors","Humor, rebellion, decadence, excess, anti-commercialism",,2010.0,2010.0
Rolinga,Rolinga,https://aesthetics.fandom.com/wiki/Rolinga,"['Grunge', 'Bohemian', 'Hippie']",Late 1980s–1990s,"The Rolling Stones ""tongue and lips"" logo, flared jeans, band t-shirts, choker necklaces, platform sneakers, shaggy flequillo haircut","Denim blue, black, white, red","Rock and roll, neighborhood identity (barrio), football, authenticity, anti-pop sentiment",,1980.0,1990.0
Romanesque,Romanesque,https://aesthetics.fandom.com/wiki/Romanesque,"['Byzantine', 'Gothic_Architecture']",c. 1000–1200,"Rounded arches, massive walls, barrel vaults, thick piers, large towers, decorative arcades, stylized sculptural figures, religious narratives","Muted, earthy tones of stone; vibrant colors in frescoes and stained glass","Christianity (pilgrimage, monasticism), order, durability, divine authority, symbolism over realism",,1000.0,1200.0
Romantic Academia,Romantic_Academia,https://aesthetics.fandom.com/wiki/Romantic_Academia,"['Art_Academia', 'Autumn', 'Ballet', 'Dark_Academia', 'Light_Academia', 'Lovecore', 'Pink_Parisian', 'Post-Punk', 'Romantic_Italian', 'Romanticism', 'Strega', 'Theatre_Academia']",2010s,"Reading and writing, holding hands, kissing, cal mythology, historical remnants","Browns, beige, tan, cream, grey, white, gold, soft pink, black, reds, navy, deep ruby, forest green, light blue.","Romance, academics, emotions, individuality, maturity, curiosity, learning, self-discovery","irginia Astley's In Gardens Where We Feel Secure, Pride and Prejudice, Emma, Much Ado About Nothing",2010.0,2010.0
Romantic Chinese Village,Romantic_Chinese_Village,https://aesthetics.fandom.com/wiki/Romantic_Chinese_Village,['Too_Cool'],"Ancient times, videos in late 2010s","Chinese traditions, architecture, food, and nature",Colors that originate from nature,"Community participation, slow living, family, connection to food and land",i Ziqi (vlogger),2010.0,2010.0
Romantic Goth,Romantic_Goth,https://aesthetics.fandom.com/wiki/Romantic_Goth,"['Dark_Academia', 'Goth', 'Gothic', 'Romanticism', 'Trad_Goth', 'Victorian_Goth']",1990s,"Flowing gowns, poet shirts, velvet, lace, corsetry, ruined castles, cemeteries, black roses, candelabras","Black, deep jewel tones (burgundy, forest green, sapphire blue), white, silver","Dark romance, tragic beauty, melancholy, individualism, artistic expression, nature, history",,1990.0,1990.0
Romanticism,Romanticism,https://aesthetics.fandom.com/wiki/Romanticism,"['Costumbrismo', 'Dandy', 'Gothic', 'Orientalism', 'Pre-Raphaelite', 'Symbolism', 'Young_Poland']",Late 18th to mid 19th centuries,"Nature (especially untamed, wild, and sublime), ruins, the medieval past, folk traditions, nationalism, heroism, the supernatural, exoticism, dreams, intense emotion (awe, horror, terror)",,"Emotion and intuition over reason, individualism, imagination, subjectivity, transcendence, freedom",,18.0,1900.0
Romantic Italian,Romantic_Italian,https://aesthetics.fandom.com/wiki/Romantic_Italian,"['Angelcore', 'Cottagecore', 'Hellenic', 'Light_Academia', 'Lovecore', 'Pink_Parisian', 'Romantic_Academia', 'Tomato_Girl_Summer']",nan,"Romance, Italian imagery, nature, Western art","Neutrals, pastels","Love, passion, culture, relaxation",,,
Route 66,Route_66,https://aesthetics.fandom.com/wiki/Route_66,"['Americana', 'Diner', 'Googie', 'Greaser', 'Hot_Rod', 'Mid-Century_Modern', 'Rockabilly']",1950s,"Googiearchitecture, Programmatic/Mimetic Architecture (buildings shaped like products/animals), oversized ""Muffler Men"" statues, mid-century neon signage, chrome, dry desert scenery, vintage gas stations, classic American cars (tail fins)","Desert Palette (dusty earth tones), neon, chrome silver, pastel pink/blue/mint","Freedom, mobility, technological optimism (post-WWII), autotourism, nostalgia for the American Dream, kitsch","merican Graffiti (1973), Pixar's CARS (2006), Nat King Cole's ""Route 66"" (song)",1950.0,1950.0
Royalcore,Royalcore,https://aesthetics.fandom.com/wiki/Royalcore,"['Angelcore', 'Baroque', 'Coquette', 'Cottagecore', 'Dark_Academia', 'Ethereal', 'Light_Academia', 'Old_Money', 'Princesscore', 'Regencycore', 'Rococo']",Late 2010s,"Ball gowns, corsets, tiaras, castles, palaces, elaborate tea sets, gold details, pearl jewelry, handwritten letters","Gold, silver, pastel pink, powder blue, cream, rich jewel tones (royal blue, emerald green, deep red)","Elegance, romance, opulence, sophistication, escapism, femininity","ridgerton, The Crown, Marie Antoinette (2006)",2010.0,2010.0
Rude Boy,Rude_Boy,https://aesthetics.fandom.com/wiki/Rude_Boy,"['2_Tone', 'Beatnik', 'Mod', 'Reggae', 'Skinhead', 'Teddy_Boys']",1960s,"Sharp suits, thin ties, pork pie or trilby hats, dancehalls, sound systems","Black, white, muted suit colors","Rebellion, street culture, anti-establishment, masculine pride, style",,1960.0,1960.0
Russian 2K17,Russian_2K17,https://aesthetics.fandom.com/wiki/Russian_2K17,"['Soft_Grunge', 'Sadboi', 'Sadgirl']",2010s,"Panel houses, entrances, nights in residential areas, ""saved"" apartments, themes of depression, house-sitting","Gray, yellow street light, black, pale pink, raspberry, cold blue, purple","Alienation, quiet rebellion, post-irony",,2010.0,2010.0
Russian Cosmism,Russian_Cosmism,https://aesthetics.fandom.com/wiki/Russian_Cosmism,"['Futurism', 'Russian_Futurism', 'Indigenous_Futurisms', 'Afrofuturism', 'Gulf_Futurism', 'Retrofuturism']",1900s,"Cosmic nebulae, interstellar landscapes, avant-garde geometric compositions","Black, blue, metallics",,,1900.0,1900.0
Rustic,Rustic,https://aesthetics.fandom.com/wiki/Rustic,"['Americana', 'Cabincore', 'Cottagecore', 'Country', 'Lumberjack', 'Western']",nan,"farmhouses, unfinished wooden furniture or floors, stone, organic materials",browns and reds,,,1800.0,1800.0
Sad Beige,Sad_Beige,https://aesthetics.fandom.com/wiki/Sad_Beige,"['Vanilla_Girl', 'Light_Academia', 'Clean_Girl', 'Boujee', 'Country']",2020s,"Colorlessness, middle class millennial moms","Beige, white, cream, brown, neutral colours, muted colours, xanadu/dark xanadu",Simplicity,,2020.0,2020.0
Sadboi,Sadboi,https://aesthetics.fandom.com/wiki/Sadboi,"['Dead_Inside', 'Drain', 'E-Boy', 'Emo_Rap', 'Lo-fi_Art', 'Sadgirl', 'Simpsonwave', 'Soft_Boy', 'Trap_Metal', 'Trxsh', 'Vaporwave']",2010s,"Lo-fi and distorted digital effects (VHS, glitching, pixelation), anime/cartoon edits (e.g., Bart Simpson), roses (often withered), bucket hats, sportswear (Nike, Adidas), Arizona Iced Tea, Fiji Water, Japanese lettering, digital manipulation of sadness, cloud imagery","Desaturated blues and purples, dark greys/black, often contrasted with neon/pastel digital effects","Emotional vulnerability, irony, nostalgia, self-expression through hip-hop/trap, reclaiming sensitivity","he Simpsons (Bart edits), 90s/2000s video game aesthetics",2010.0,2010.0
Sadgirl,Sadgirl,https://aesthetics.fandom.com/wiki/Sadgirl,"['E-Girl', 'Emo_Rap', 'Euphoric', 'Pastel_Grunge', 'Sadboi', 'Soft_Grunge', 'Waif']",2010s,"Runny mascara, rainy weather, black tights, cigarettes, introspective quotes (Plath, Poe), tragic female figures (Ophelia, Juliet), VHS filters, sad faces, self-deprecating text","Predominantly desaturated and monochromatic (black, gray, dull blue), with occasional stark contrast (dull reds, black eyeliner)","Self-expression, emotional vulnerability, romanticization of sadness, finding beauty in pain, validation, anti-perfectionism","he Virgin Suicides (1999), Marie Antoinette (2006), Skins (Effy Stonem), The Bell Jar (Sylvia Plath), Euphoria (Rue Bennett), Lana Del Rey's Tropico (2013), American Horror Story: Murder House (Violet Harmon)",2010.0,2010.0
Safari Chic,Safari_Chic,https://aesthetics.fandom.com/wiki/Safari_Chic,"['Americana', 'Military_Chic', 'Vintage']",1960s (high fashion codification),"Safari jacket (""saharienne""), Bermuda shorts, utility pockets, belted waists, animal prints (as accents)","Khaki, beige, camel, tan, olive green, rust","Adventure, elegance, functionality, exploration, naturalism",,1960.0,1960.0
Salon Kei,Salon_Kei,https://aesthetics.fandom.com/wiki/Salon_Kei,[],2010s,,,,,2010.0,2010.0
Sandalpunk,Sandalpunk,https://aesthetics.fandom.com/wiki/Sandalpunk,"['Steampunk', 'Hellenic']",nan,"Ancient Greco-Roman architecture, futuristic technology","White marble, gold, metal gray, blue",,,,
Sanriocore,Sanriocore,https://aesthetics.fandom.com/wiki/Sanriocore,"['Babycore', 'Heisei_Retro', 'Kawaii', 'Kidcore', 'Pastel_Goth', 'Soft_Girl', 'Traumacore']",2010s,"Sanrio characters, desserts and candy, plushies, glitter, sparkles, speech bubbles, pixel art, cherry blossoms","Light pink, baby blue, lavender, warm white (pastel palette)","Innocence, cuteness (kawaii), playfulness, Y2K nostalgia",,2010.0,2010.0
Scandi Girl Winter,Scandi_Girl_Winter,https://aesthetics.fandom.com/wiki/Scandi_Girl_Winter,"['Basic_Girl', 'Clean_Girl', 'Hygge', 'Minimalism', 'Northerness', 'Old_Money', 'Scandinavian_Design', 'Tomato_Girl_Summer', 'Vanilla_Girl', 'Winter']",Late-2010s,"Natural fibers, layering",Neutrals,"Practicality, comfort, minimalism",,2010.0,2010.0
Scandinavian Design,Scandinavian_Design,https://aesthetics.fandom.com/wiki/Scandinavian_Design,"['Art_Deco', 'Art_Nouveau', 'Arts_and_Crafts_Movement', 'Bauhaus', 'Clean_Girl', 'Coastal_Style', 'Hygge', 'Japandi', 'Mid-Century_Modern', 'Minimalism', 'Modernism', 'Scandi_Girl_Winter', 'Technozen']",1950s (popularization),"Clean lines, organic forms, natural light","Pale colors, earth tones","Functionality, simplicity, natural materials",,1950.0,1950.0
Scene,Scene,https://aesthetics.fandom.com/wiki/Scene,"['Colorido', 'Club_Kid', 'E-Girl', 'E-Boy', 'Emo', 'Fashioncore', 'Flogger', 'Geek_Chic', 'Glitter_Graphics', 'Hipster', 'Hyperpop', 'Kandi_Raver', 'Partille-Johnny', 'Party_Rock', 'Punk', 'Scenecore', 'Scene_Tween', 'Teenpunk']",2000s,"Teased ""raccoon tail"" hair, side-swept bangs, skinny jeans, band tees, studded belts, bright accessories, heavy eyeliner, animal prints, checkerboard patterns","Black contrasted with bright neon colors (hot pink, electric blue, lime green)","Individuality, self-expression, internet culture, music scenes (Warped Tour), playful rebellion",,2000.0,2000.0
Scenecore,Scenecore,https://aesthetics.fandom.com/wiki/Scenecore,"['2010s_Meme_Maximalism', '2020_Alt', 'Animecore', 'Decora', 'E-Girl', 'Glitchcore', 'Hands_Up', 'Internet_Awesomesauce', 'Kandi_Raver', 'Kidcore', 'Krushclub', 'Scene', 'Sigilkore', 'Webcore']",2020s,"Bright colors, rainbows,glitter graphics(Blingees/PicMix), checkers, 2000s memes,kandibracelets, layered clothing, Monster Energy drinks, pop culture references (Monster High, Sanrio, 2010s memes)","Neon colors, rainbow palettes, bright pink, black, lime green","Nostalgia (for the 2000s/early 2010s), rejection of ""cringe culture,"" self-expression, internet culture",,2020.0,2020.0
Scene Tween,Scene_Tween,https://aesthetics.fandom.com/wiki/Scene_Tween,"['Scene', 'Kidcore', 'McBling', 'Tweencore', 'Internet_Awesomesauce', 'Cyber_Stylin%27', 'Groovival', 'Nostalgiacore']",2010s,,"Black, green, blue, pink, rainbow, purple",,,2010.0,2010.0
Seapunk,Seapunk,https://aesthetics.fandom.com/wiki/Seapunk,"['Cyberpunk', 'Cybertwee', 'Future_Funk', 'Icepunk', 'Ocean_Grunge', 'Pastel_Goth', 'PC_Music', 'Slimepunk', 'Trillwave', 'Tropical', 'Vaporwave', 'Witch_House', 'Y2K_Futurism']",2010s,"Dolphins, mermaids, pyramids, palm trees, yin-yangs, smiley faces, oceans, 1990s 3D net art,early CGI","Aquamarine, cyan, seafoam green, lilac, pastel pink, turquoise",,,2010.0,2010.0
Seiz Breur,Seiz_Breur,https://aesthetics.fandom.com/wiki/Seiz_Breur,"['Arts_and_Crafts', 'Art_Deco', 'Bauhaus']",1920s–1940s,"Triskelion, hermine, wood engraving, waves, folklore, pilgrimage, nature, Celtic knots, marine life, religious and folklorical imagery","Black, white, muted colors, earth tones, gold","Breton nationalism, anti-centralization, cultural revival, rejection of mass-produced tourist art, synthesis of tradition and modernism",,1920.0,1940.0
Sextrance,Sextrance,https://aesthetics.fandom.com/wiki/Sextrance,"['HexD', 'Low_Poly', 'Nightcore_(aesthetic)', 'Sigilkore', 'Webcore', 'Xpiritualism', 'Y2K_Futurism']",2020s,"2000s-2010s anime and videogames, drifting/race cars, glitchy pixels, holographic colors, distorted 3D models, trading game cards, old internet graphics","Purple, black, blue, pink, white, holographic colors","Nostalgia, chaotic energy, absurdity, emotionalness",ismiss Yourself (record label),2020.0,2020.0
Shabby Chic,Shabby_Chic,https://aesthetics.fandom.com/wiki/Shabby_Chic,"['Coastal_Style', 'Cottagecore', 'French_Provincial_Style', 'Gustavian', 'Rococo', 'Victorian']",1980s,"Distressed furniture, floral patterns (especially roses), faded textiles, vintage decor, lace, chandeliers, slipcovers","White, cream, gray, pink, pastel green, light blue, aged bronze","Comfort, romance, nostalgia, femininity, celebrating imperfection, rustic elegance",,1980.0,1980.0
Shamate,Shamate,https://aesthetics.fandom.com/wiki/Shamate,"['Emo', 'Goth', 'Jejemon', 'Pokem%C3%B3n', 'Punk', 'Scene', 'Too_Cool', 'Visual_Kei', 'Xpiritualism', 'Yabi']",2000s,,,,,2000.0,2000.0
Sharpies,Sharpies,https://aesthetics.fandom.com/wiki/Sharpies,"['Biker', 'Greaser', 'Mod', 'Rockers', 'Rockabilly', 'Preppy', 'Skinhead']",1960s-1970s,"Ultra-tight Connys (cardigans), high-waisted flared pants, mullets, platform shoes, tattoos, pierced ears, gang names, suburban territory",,"Rebellion, working-class identity, territorialism, bravado, anti-hippie sentiment, masculinity, self-expression through uniform",,1960.0,1970.0
Shibuya-Kei,Shibuya-Kei,https://aesthetics.fandom.com/wiki/Shibuya-Kei,"['City_Pop', 'Mod', 'Pop_Art', 'Shibuya_Punk', 'Space_Age', 'Sunshine_Pop', 'Twee', 'Y%C3%A9-y%C3%A9']",1990s,"1960s European fashion,modaesthetics,op art, retro-futurism, vinyl records,pop artgraphics","Bright, saturated colors (orange, yellow, pink, lime green), often with bold black and white patterns","Eclecticism, nostalgia, sophistication, cosmopolitanism, consumerism as curation",,1990.0,1990.0
Shibuya Punk,Shibuya_Punk,https://aesthetics.fandom.com/wiki/Shibuya_Punk,"['City_Pop', 'Cyberpop', 'Cyberpunk', 'Future_Funk', 'Gen_X_Soft_Club', '//cari.institute/aesthetics/graffiti-pop', 'Hip-Hop', 'Hyperpop', 'Punk', 'Shibuya-Kei', 'Skater', 'Superflat_Pop', 'Urbancore', 'UrBling', 'Y2K_Futurism']",Early 2000s,"Graffiti, street gangs, roller-skating, parkour, underground hip-hop/punk music, exploration of commercial areas and cities","Vibrant, contrasting colors","Individualism, anti-authority, anti-capitalism, freedom of expression","et Set Radio & Future, Dance Dance Revolution, Hover, Bomb Rush Cyberfunk, Butterflies, Lethal League, No Straight Roads, The World Ends With You, Air Gear, SK8 the Infinity, Splatoon, Sonic the Hedgehog",2000.0,2000.0
Shenxian-fu,Shenxian-fu,https://aesthetics.fandom.com/wiki/Shenxian-fu,[],2020s,,Contrasting red and blue,,,2020.0,2020.0
Shoe Diva,Shoe_Diva,https://aesthetics.fandom.com/wiki/Shoe_Diva,"['Curly_Girly', 'McBling', 'Parisian_Girly', 'Vectordelia']",Late 1990s,"Loopy illustrations, high-heeled shoes, shopping bags, cocktails, stylized female figures, Parisian iconography, frills and bows","Pink, yellow, green, white, blue, purple","Glamour, femininity, consumerism, urban lifestyle, playful indulgence",,1990.0,1990.0
Sigilkore,Sigilkore,https://aesthetics.fandom.com/wiki/Sigilkore,"['Cybersigilism', 'Drain', 'Glitchcore', 'HexD', 'Hyperpop', 'Krushclub', 'Trillwave', 'Witch_House', 'Xpiritualism']",Late 2010s,"Sigils, occult symbols, distorted anime/video game characters,glitter graphics, crosses, angelic and demonic imagery","Black, red, purple, white","Occultism, dark atmospheres, audio experimentation, digital maximalism",,2010.0,2010.0
Signalism,Signalism,https://aesthetics.fandom.com/wiki/Signalism,"['Dadaism', 'Modernism', 'Surrealism', 'Zenitism']",Late 1960s–1970s,"Scientific symbols, mathematical formulas, linguistic signs (letters, punctuation), arrows, celestial bodies, visual poetry, machine-like diagrams","Often black, white, and red","Experimentation, anti-traditionalism, synthesizing science and art, exploring language as a material, ""scientification"" of poetry",,1960.0,1970.0
Signalwave,Signalwave,https://aesthetics.fandom.com/wiki/Signalwave,"['Analog_Horror', 'Hauntology', 'Liminal_Space', 'Lo-fi_Art', 'Vaporwave']",Early 2010s,"Old TV/radio broadcasts, commercials, jingles, weather channels, station sign-offs, static, VHS distortion, channel surfing",,"Nostalgia, memory, liminality, media decay, mystery",,2010.0,2010.0
Silicon Dreams,Silicon_Dreams,https://aesthetics.fandom.com/wiki/Silicon_Dreams,"['Abstract_Tech', 'Cyberdelic', 'Cybercore', 'Demoscene', 'Dreamcore', 'Early_Cyber', 'Factory_Pomo', 'Frasurbane', 'Frutiger_Aero', 'Laser_Grid', 'Liminal_Space', 'Low_Poly', 'Memphis_Design', 'Memphis_Lite', 'Med-Tech_Visions', 'Metalheart', '//cari.institute/aesthetics/neoclassical-pomo', 'Seapunk', 'Slimepunk', 'Surrealism', 'Synthwave', 'Utopian_Scholastic', 'Vaporwave', 'Webcore', 'Weirdcore', 'Xpiritualism', 'Y2K_Futurism']",1970s (first came into prominence in the 1980s),"Early CGI Animation / art, surreal environments and 3D models",,,,1970.0,1980.0
Silkpunk,Silkpunk,https://aesthetics.fandom.com/wiki/Silkpunk,['Steampunk'],2010's,,"gold, bronze, red",,"andelion Dynasty series, Avatar the Last Airbender",2010.0,2010.0
Silver Age Comics,Silver_Age_Comics,https://aesthetics.fandom.com/wiki/Silver_Age_Comics,"['Pop_Art', 'Mid-Century_Modern', 'Raygun_Gothic', 'Retrofuturism']",Mid-1950s – Early 1970s,"Dynamic superheroes in action; scientific optimism; cosmic exploration; clear good vs. evil narratives; vibrant, flat colors; bold line art","Primary and secondary colors (red, blue, yellow, green), black, white","Heroism, moral clarity, imaginative escapism, scientific progress (often fantastical)","lassic Superman television series, Adam West's Batman television series, The Super Friends cartoons",1950.0,1970.0
Simpsonwave,Simpsonwave,https://aesthetics.fandom.com/wiki/Simpsonwave,"['Vaporwave', 'Lo-fi_Art', 'Glitch_Art', 'Emo_Rap', 'Sadboi']",Mid-2010s,"Clips from The Simpsons (classic era), VHS distortion, pastel/purple color grading, glitches, melancholic text, surrealism","Washed-out purples, pinks, and blues","Nostalgia, melancholy, surrealism, dreamy ennui, deconstruction",,2010.0,2010.0
Sinofuturism,Sinofuturism,https://aesthetics.fandom.com/wiki/Sinofuturism,"['Afrofuturism', 'Guochao', 'Indigenous_Futurisms', 'Neo-Chinese_Style', 'Silkpunk', 'Y3K']",2010s,"Infrastructure, space exploration, electronics, artificial intelligence, Chinese cities","Red, blue, beige, metallics","Cultural identity, reflection and prospect on modern technology,",he Three-Body Problem,2010.0,2010.0
Sizz,Sizz,https://aesthetics.fandom.com/wiki/Sizz,"['Cryptidcore', 'Expressionism', 'Film_Noir']",2010s,"Noise, artifacting, subtle deformation, abstracted realism","Black and white, high contrast","Composition, exploration, emotion",,2010.0,2010.0
Skate Punk,Skate_Punk,https://aesthetics.fandom.com/wiki/Skate_Punk,"['Grunge', 'Punk', 'Skater']",1980s,"Skateboarding, skate parks, DIY ethos, band logos, graffiti, worn-out skate shoes",,"Anti-establishment, rebellion, humor, high energy, camaraderie",,1980.0,1980.0
Skater,Skater,https://aesthetics.fandom.com/wiki/Skater,"['Alternative', 'Bro_Culture', 'Grunge', 'Hip-Hop', 'Graffiti_Pop', 'Nu-Metal', 'Olderbrothercore', 'Punk', 'Skate_Punk', 'Straight_Edge', 'Teenpunk']",1950s,"Skateboards, skate parks, graffiti, fisheye lenses, worn-out skate shoes",,"Creativity, individuality, freedom, risk-taking, perseverance, anti-establishment attitude",,1950.0,1950.0
Skeuomorphism,Skeuomorphism,https://aesthetics.fandom.com/wiki/Skeuomorphism,"['Abstract_Tech', 'Claymorphism', 'Corporate_Memphis', 'Dark_Aero', 'Flat_Design', 'Frutiger_Aero', 'Glassmorphism', 'Neumorphism', 'Old_Web', 'Superflat_Pop', 'Y2K_Futurism', 'Zen_Tranquility']",1980s-early 2010s,"Imitation of real worldobjects and textures, depth filled, glossy/shiny","Black, beige, grey, white, green",,,1980.0,2010.0
Skhothane,Skhothane,https://aesthetics.fandom.com/wiki/Skhothane,"['Chav', 'Swenkas']",Mid-2000s,"Conspicuous consumption, maximalism, brand display (Rossimoda, Carvela, Polo), ritualistic destruction (burning/trampling clothes, pouring expensive alcohol), dance battles, flash photography","Bright, clashing colors","Wealth display, self-assertion, defiance of adversity, respect from peers, instant celebrity, living for the present, protest against structural inequality","ohnnie Walker Blue Label whisky, KFC or Debonair's Pizza, Carvela Shoes",2000.0,2000.0
Skinhead,Skinhead,https://aesthetics.fandom.com/wiki/Skinhead,"['2_Tone', 'Mod', 'Punk', 'Reggae', 'Rude_Boy', 'Teddy_Boys']",1960s,"Shaved or closely cropped hair, Doc Martens boots, braces (suspenders), button-down shirts (Ben Sherman, Fred Perry), straight-leg jeans or trousers (Levi's 501, Sta-Prest), bomber jackets, Harrington jackets","Often solid, working-class colours: black, oxblood, navy, white, grey, sometimes with tartan or check patterns","Working-class identity, rebellion against counterculture, sometimes associated with territorialism and football subcultures; diverse political affiliations emerged later","usic (Ska, Reggae, Oi!), Film (Romper Stomper,American History X)",1960.0,1960.0
Slavic Doll,Slavic_Doll,https://aesthetics.fandom.com/wiki/Slavic_Doll,"['Brazilian_Bombshell', 'Coquette', 'Heroin_Chic', 'Waif', 'Winter_Bimbo', 'Y2K']",2000s (Initial Popularity)2020s (Resurgence),"High cheekbones, almond-shaped eyes, long blonde hair, delicate features, tall and slim physique, aloof expression, feminine clothing, fur, luxury brands","Muted tones, black, white, beige","Femininity, beauty, grace,elegance, aloofness",,2000.0,2020.0
Slavic Violence Tumblr,Slavic_Violence_Tumblr,https://aesthetics.fandom.com/wiki/Slavic_Violence_Tumblr,"['Bondage', 'Morute', 'Southern_Gothic', 'Soviet_Nostalgia']",Mid-2010s,"Paramilitary groups, gore,Bondage, weapons, drugs","Black, army green","Terrorism, appreciation of violence, Russian Orthodox Christianity",,2010.0,2010.0
Slimepunk,Slimepunk,https://aesthetics.fandom.com/wiki/Slimepunk,"['Acid_House', 'Cleancore', 'Y2K_Futurism', 'Goblincore', 'Icepunk', 'Mallgoth', 'Seapunk', 'Vaporwave']",2010s,"Radioactive/Biohazard symbols,Green glowing objects, Needles, Gas Masks, Rubber gloves, Mall Goth themes/clothing","Black,Green,Purple,Red","Environmental awareness, acceptance,DIYculture, fun","eenage Mutant Ninja Turtles, You Can't Do That On Television, Double Dare, lots of old-school Nickelodeon programming",2010.0,2010.0
Sloanie,Sloanie,https://aesthetics.fandom.com/wiki/Sloanie,"['Dark_Academia', 'Light_Academia', 'Old_Money', 'Preppy', 'British_Countryside']",Late 1970s–1980s,"Barbour jackets, Hunter wellington boots, tweed, pie-crust collars, pearls, Land Rovers, country sports (hunting, shooting)","Earthy and country tones (green, brown, navy), pastels (for blouses and jumpers)","English upper-class tradition, country life, understated wealth, social conservatism, ""the Season""",he Official Sloane Ranger Handbook (1982),1970.0,1980.0
Snackwave,Snackwave,https://aesthetics.fandom.com/wiki/Snackwave,"['Candycore', 'Galaxy_Print', 'Grocery_Girl_Fall', 'Internet_Awesomesauce', 'LOLcore', 'Maximalism']",Mid-2010s,"Pizza, burgers, ramen, junk food, fast food logos, snack patterns",,"Self-deprecation, maximalism, rejection of diet culture, humor",,2010.0,2010.0
Socialist Realism,Socialist_Realism,https://aesthetics.fandom.com/wiki/Socialist_Realism,"['Constructivism', 'Futurism', 'Heroic_Realism', 'Laborwave', 'Mexican_Muralism', 'Neue_Slowenische_Kunst', 'New_Partisans', 'Ostalgie', 'Realism', 'Sots_Art', 'Soviet_Nostalgia', 'Sovietwave', 'Totalitarian_Kitsch', 'Yugo-Nostalgia']",1920s-1980s,"Workers, peasants, soldiers, political leaders, industry, agriculture, heroic struggles, national symbols","Red, yellow, brown, muted tones","Communism, socialism, patriotism, heroism, the working class, revolutionary ideals, social progress",,1920.0,1980.0
Social Realism,Social_Realism,https://aesthetics.fandom.com/wiki/Social_Realism,"['Figuration_Narrative', 'Mexican_Muralism', 'Realism', 'Socialist_Realism']",1920s,"Workers, the urban poor, rural struggles, protest, industry, the common person","Muted tones, earthy colors, grays, blacks, whites","Social justice, labor rights, anti-fascism, equality, human dignity, solidarity","he Grapes of Wrath, Native Son, New Masses, Artists on the WPA",1920.0,1920.0
Soft Apocalypse,Soft_Apocalypse,https://aesthetics.fandom.com/wiki/Soft_Apocalypse,"['Avant_Apocalypse', 'Brutalism', 'Industrial_Decay', 'Post-Apocalyptic', 'Solarpunk']",nan,"Overgrown cities, nature","Green, grey, white, light brown","Hope, harmony with nature, anarchy, Nature taking it back.",,,
Soft Boy,Soft_Boy,https://aesthetics.fandom.com/wiki/Soft_Boy,"['Art_Hoe', 'E-Boy', 'Femboy', 'Hallyu', 'Kawaii', 'Skater', 'Soft_Girl', 'Soft_Grunge', 'VSCO_Girl']",Late 2010s,"Oversized tops (sweaters, t-shirts, hoodies, cardigans, overshirts), straight-leg/baggy pants, layered clothing, relaxed fit, vintage feel, artfully tousled hair (curtains, shaggy cuts, bangs), minimal/light facial hair, intellectual/artistic items","Muted tones (faded blue, yellow, dusty pink), earthy tones (brown, green, rust orange), soft pastels (lavender), neutral shades (beige, cream, gray)",,,2010.0,2010.0
Soft Colonial Wanderlust,Soft_Colonial_Wanderlust,https://aesthetics.fandom.com/wiki/Soft_Colonial_Wanderlust,"['Adventure_Pulp', 'Art_Nouveau', 'Chinoiserie', 'Dadaism', 'Dieselpunk', 'Gay_Nineties_Revival', 'Hipness_Purgatory', 'Hipster', 'Japonisme', 'Orientalism', 'Steampunk', 'Utopian_Scholastic', 'Vintage']",Late 1980's,"Vintage items, vintage illustrations of animals and nature, air balloons, carnival and boardwalks, mail art","Brown, muted colors. sepia","Vintage, journey, wonder, exploration, whimsical masculinity, irony, privileging of nature/ecology",ioshock Infinite,1980.0,1980.0
Soft Countriana,Soft_Countriana,https://aesthetics.fandom.com/wiki/Soft_Countriana,"['Americana', 'Barbiecore', 'Coquette', 'Cottagecore', 'Country', 'Danish_Pastel', 'Morute', 'Shabby_Chic']",Late 1970s,"Holding onto country life whilst elsewhere, femininity,  comfort, coziness",Pastels,,,1970.0,1970.0
Soft Girl,Soft_Girl,https://aesthetics.fandom.com/wiki/Soft_Girl,"['Babycore', 'Coquette', 'Delicate_Sweet', 'E-Girl', 'Hallyu', 'Kawaii', 'Korean_Cozy_Beige', 'Peach_Girl', 'Soft_Boy', 'VSCO_Girl', 'Y2K']",Late 2010s,"Pastel colors, exaggerated femininity, childlike accessories (hair clips, scrunchies, pearl/beaded necklaces, butterfly/teddy bear/flower motifs), pleated skirts, oversized hoodies, soft textures (fluffy cardigans), hearts, flowers, clouds, fruit, fluffy animals, milk cartons","Pastel pink, white, pastel cyan, lavender, baby blue, light yellow, cream",,,2010.0,2010.0
Soft Grunge,Soft_Grunge,https://aesthetics.fandom.com/wiki/Soft_Grunge,"['Brat_Summer', 'E-Boy', 'E-Girl', 'Grunge', 'Traumacore', 'Sadgirl', 'Pastel_Grunge', '2014_Tumblr', 'Vaporwave', 'Weeaboo', 'Minimalism', 'Indie_Sleaze', 'Health_Goth', 'Skater']",2010s,,"Black, white, grey, blue, green",,,2010.0,2010.0
Solarpunk,Solarpunk,https://aesthetics.fandom.com/wiki/Solarpunk,"['Afrofuturism', 'Art_Nouveau', 'Avant_Apocalypse', 'Biopunk', 'Cottagecore', 'Cyberprep', 'Cyberpunk', 'Frutiger_Aero', 'Frutiger_Eco', 'Lunarpunk', 'Technozen', 'Naturecore', 'Steampunk', 'Indigenous_Futurisms']",Coined c. 2000sGained prevalence in the 2010s.,"Stained glass solar panels, plant life, art noveau, cluttered visuals, African and Asian patterns.","Green, yellow, blue, white","Inclusion, community, environmental awareness, local businesses over corporations, renewable energy.",,2000.0,2010.0
Song Dynasty,Song_Dynasty,https://aesthetics.fandom.com/wiki/Song_Dynasty,[],10th century,"Monumental landscapes, the moon, plum blossoms, bird-and-flower, Ru kiln",Tianqingcyan,"Neo-Confucianism, simplicity, natural elegance, scholarly refinement",,900.0,1000.0
Sots Art,Sots_Art,https://aesthetics.fandom.com/wiki/Sots_Art,"['Pop_Art', 'Socialist_Realism', 'Camp', 'Dadaism']",1970s,"Soviet symbols (hammer and sickle, red star), portraits of leaders (Lenin, Stalin), propaganda slogans, juxtaposition with Western pop culture icons (Mickey Mouse, Coca-Cola)","Red, gold, black, and the idealized palette of Socialist Realism","Irony, parody, satire, critique of ideology, nonconformism, deconstruction of propaganda",,1970.0,1970.0
Southern Belle,Southern_Belle,https://aesthetics.fandom.com/wiki/Southern_Belle,"['Cottagecore', 'Old_Money', 'Preppy', 'Regency']",Antebellum Era (c. 1820s–1860s),"Hoop skirts, corsets, wide-brimmed hats, parasols, plantations, cotillion balls, magnolias","Often light pastels, white, floral prints","Hospitality, charm, propriety, traditional femininity, family honor, purity","one with the Wind, The Birth of a Nation, Jezebel",1820.0,1860.0
Southern French Gothic,Southern_French_Gothic,https://aesthetics.fandom.com/wiki/Southern_French_Gothic,"['Gothic', 'Medieval', 'Romanesque', 'Visigothic']",12th-14th centuries,"Barrel vaults, brickwork, fortified churches, austerity, single nave","Red, white, earth tones","Simplicity, defense, militarism, Catholicism",,1100.0,1400.0
Southern Gothic,Southern_Gothic,https://aesthetics.fandom.com/wiki/Southern_Gothic,"['After_Hours', 'Anglo_Gothic', 'Catholic_Horror', 'Goth', 'Gothic', 'Midwest_Gothic', 'New_England_Gothic', 'Preacher%27s_Daughter', 'Regional_Gothic', 'Southern_Belle', 'Suburban_Gothic', 'Goth', 'Trad_Goth', 'Deathrock', 'Cryptidcore', 'After_Hours', 'Anglo_Gothic', 'Midwest_Gothic', 'New_England_Gothic', 'Regional_Gothic', 'Suburban_Gothic', 'Goth', 'Trad_Goth', 'Deathrock', 'Cryptidcore']",19th Century,"Criticism of prejudice, decay, past vs. future","black, brown, green, red, white",,exas Chainsaw MassacreThe Walking Dead,1800.0,1900.0
Soviet Nostalgia,Soviet_Nostalgia,https://aesthetics.fandom.com/wiki/Soviet_Nostalgia,"['Communist_Chic', 'Grandparentcore', 'Ostalgie', 'PRL_Nostalgia', 'Socialist_Realism', 'Sovietwave', 'Yugo-Nostalgia']",Early 1990s (as cultural and commercial phenomenon),"Soviet Union, post-Soviet period, nostalgia for childhood, panel houses",,,,1990.0,1990.0
Sovietwave,Sovietwave,https://aesthetics.fandom.com/wiki/Sovietwave,"['Doomer', 'Heroic_Realism', 'Laborwave', 'Ostalgie', 'Socialist_Realism', 'Stalker', 'Synthwave', 'Vaporwave', 'Yugo-Nostalgia']",2010s,"Hammers and sickles, Soviet Futurism, Soviet nostalgia, space, the Cold War, the Red Army, Cosmonauts, panel houses","Red, white, yellow","Communism, Utopianism, Militarism, Patriotism, Red Nationalism, nostalgia",astern European New Wave,2010.0,2010.0
Space Age,Space_Age,https://aesthetics.fandom.com/wiki/Space_Age,"['Atompunk', 'Cassette_Futurism', 'Groovival', 'Mod', 'Mid-Century_Modern', 'Pop_Art', 'Raygun_Gothic', 'Retrofuturism', 'Rocketpunk', 'Shibuya-Kei', 'Y2K_Futurism']",1950s-1960s,"Rockets, satellites, planets, stars, astronauts, flying saucers, atomic symbols, streamlined shapes, parabolas, fins, geodesic domes, capsules, clean lines, futuristic vehicles","White, silver, chrome, bright primary colors (red, blue, yellow)","Optimism, technological progress, utopianism, scientific advancement, exploration, future orientation, modernity, convenience","he Jetsons, Star Trek (original series), 2001: A Space Odyssey, The Day the Earth Stood Still, It Came From Outer Space, Invasion of the Body Snatchers",1950.0,1960.0
Spacecore,Spacecore,https://aesthetics.fandom.com/wiki/Spacecore,"['Aliencore', 'Fantasy_Astronomy', 'Galaxy_Print', 'Signalwave', 'Uchuu_Kei']",2020s,"Stylized galaxies and nebulae, rainbow-colored planets, meteor showers/shooting stars, glowing star lights (decor), pink/purple celestial bodies, escapism through the cosmos, dreamlike floating imagery","Violet, indigo, electric blue, magenta, black (space backgrounds), iridescent silver/glitter","Escapism, wonder, fantasy, existential searching, individuality, dreaminess",,2020.0,2020.0
Space Cowgirl,Space_Cowgirl,https://aesthetics.fandom.com/wiki/Space_Cowgirl,"['Barbiecore', 'Buckle_Bunny', 'Country', 'Cuntry', 'Disco', 'Retrofuturism', 'Space_Age', 'Space_Western', 'Vintage_Americana', 'Western', 'Y2K']",2020s,"Cowboy hats, Western boots, holographic bodysuits,discoballs, mechanical bulls, cow print, neon colors, metallic sheen, iridescent materials, glitter, aliens, robots, outer space, sci-fi elements, feather boas, bubble pistols","Pink, orange, iridescent, glitter, neon colors, metallic","Nostalgia, optimism, joy, irreverence, surrealism, self-expression, inclusivity, dreamers mindset","on't Worry Darling (2022 film), The Jetsons, Fievel Goes West, True Romance (Alabama Whitman), Euphoria (Cassie Howard)",2020.0,2020.0
Space Western,Space_Western,https://aesthetics.fandom.com/wiki/Space_Western,"['Americana', 'Western', 'Cottagecore', 'Cassette_Futurism', 'Spacecore', 'Space_Cowgirl']",1930s,"Transhumanism, cowboys, frontiers, space, humanity's expansion","Depends on the variant, but mostly colors used in the Wild West era.","Freedom, survival, exploration, escape from monotony",owboy BebopOutlaw StarTrigunThe MandalorianOuter WildsBorderlands (video game saga),1930.0,1930.0
Spainwave,Spainwave,https://aesthetics.fandom.com/wiki/Spainwave,"['Vaporwave', 'Sovietwave', 'note-2', 'Synthwave']",2020s,"Nostalgic Spanish pop culture (TV, ads), political figures, regional iconography, historical references (Spanish Golden Age), Vaporwave/Synthwave editing styles",,"Nostalgia, irony, national/regional identity, social commentary, surrealism",,2020.0,2020.0
Spanish Golden Age,Spanish_Golden_Age,https://aesthetics.fandom.com/wiki/Spanish_Golden_Age,"['Baroque', 'Dutch_Golden_Age', 'Italian_Renaissance']",c. 1492 - 1681,"Catholic religious scenes (saints, martyrs, biblical narratives), royal portraiture, still lifes (bodegones), dramatic use of light and shadow (tenebrism), mythological subjects","Somber and dramatic palette with deep blacks, rich reds, earthy browns, and brilliant golds; strong contrasts of light and shadow","Catholic faith and piety, royal power (Habsburg prestige), honor, realism, dramatic intensity, humanism",,1492.0,1681.0
Sparkledog,Sparkledog,https://aesthetics.fandom.com/wiki/Sparkledog,"['2010s_Dark_Fandom', 'Hands_Up', 'Scene', 'Poster_Gal', 'Furry']",2000s,,"Rainbow, black",,,2000.0,2000.0
Spirited Lad,Spirited_Lad,https://aesthetics.fandom.com/wiki/Spirited_Lad,['Shamate'],2010s,,,,,2010.0,2010.0
Sportsbrut,Sportsbrut,https://aesthetics.fandom.com/wiki/Sportsbrut,"['Acid_Design', 'Cyberminimalism', 'Fitness_Splatter', 'Glitch_Art', 'Neubrutalism']",2010s,Large bold typography,,"Action, excitement, energy",,2010.0,2010.0
Sprezzatura,Sprezzatura,https://aesthetics.fandom.com/wiki/Sprezzatura,"['Bon_Chic_Bon_Genre', 'Corporate', 'Metrosexual', 'Old_Money']",16th Century,"Apparent effortlessness, concealed art, subtle imperfection, natural asymmetry, well-worn clothes, mixing casual and formal",,"Nonchalance, grace, dignity, authenticity, confidence, individuality, comfort",he Book of the Courtier (1528) by Baldassare Castiglione,1500.0,1600.0
Spring Aesthetic,Spring_Aesthetic,https://aesthetics.fandom.com/wiki/Spring_Aesthetic,"['Cottagecore', 'Easter', 'Mori_Kei', 'Naturecore', 'Saint_Patrick%27s_Day', 'Summer', 'Autumn', 'Winter']",The beginning of time,"budding flowers, baby animals","bright colours (similar to budding plants), light green, brown, pastels","renewal, nature, beauty in the natural world",,,
Spy Fiction,Spy_Fiction,https://aesthetics.fandom.com/wiki/Spy_Fiction,"['Film_Noir', 'Femme_Fatale', 'Golden_Age_of_Detective_Fiction']",19th century,,"black, silver, red",,ames BondMission: Impossible,1800.0,1900.0
Stargirl,Stargirl,https://aesthetics.fandom.com/wiki/Stargirl,"['Y2K', 'Cyber_Grunge', 'Krushclub', 'Rockstar_GF', 'XO']",2020s,"Y2K and Cyber Grunge motifs, luxury, stars, glitter","Grey, gold, red, black","Luxury, celebrity status",,2020.0,2020.0
Starrflesh,Starrflesh,https://aesthetics.fandom.com/wiki/Starrflesh,"['Icepunk', 'Horror', 'Mochette', 'Bastardcore', 'Fairy_Grunge', 'Dark_Fantasy', 'Winter_Aesthetic', 'Fantasy', 'Meatcore', 'Weirdcore', 'Dreamcore']",Early 2010s,"Animals, teeth, claws, ice, eyes, flesh, blood, water, scales, mermaids/sirens, fish, glass, body horror","White, icy blues, red, iridescent-colors, black, mint, light/dark green","Emptiness, coldness, surreality, horror, uncanniness, calmness, and/or rage",,2010.0,2010.0
Steampunk,Steampunk,https://aesthetics.fandom.com/wiki/Steampunk,"['Atompunk', 'Art_Nouveau', 'Clockpunk', 'Cyberpunk', 'Dark_Academia', 'Dark_Cabaret', 'Decopunk', 'Dieselpunk', 'Gothic', 'Lolita', 'New_Romantic', 'Post-Apocalyptic', 'Punk', 'Raygun_Gothic', 'Retrofuturism', 'Rococopunk', 'Romantic_Goth', 'Silkpunk', 'Victorian', 'Victorian_Goth']",1960s (aesthetic)1980s (term)2000s/2010s (popularization),"Victorianstyles, gears, clocks, screws, coils, boilers, cogs, springs, steam engines, brass, top hats, waistcoats, crinoline, goggles, pipes, tubes, wheels, dials","Bronze, brown, copper, golden, metallic","Craftsmanship, optimism, ingenuity, self-sufficiency, eclecticism",,1960.0,2010.0
Stickerbomb,Stickerbomb,https://aesthetics.fandom.com/wiki/Stickerbomb,"['Graffiti_Pop', 'Maximalism', 'Shibuya_Punk', 'Skater', 'Superflat_Pop', 'Urbancore', 'UrBling', 'Vectordelia']",2000s,"Dense overlapping stickers, JDM symbols (Shoshinsha mark, Rising Sun), corporate logo parodies, graffiti tags, vector characters","CMYK, black, white, high-contrast",,"eed for Speed: Underground, DJ Hero, The Amazing World of Gumball, Splatoon, Jet Set Radio",2000.0,2000.0
Stilyagi,Stilyagi,https://aesthetics.fandom.com/wiki/Stilyagi,"['Americana', 'Beatnik', 'Bikiniarze', 'Mid-Century_Modern', 'Pin-up', 'Rockabilly', 'Swingjugend', 'Teddy_Boy']",1940s,"Bright clothing, narrow trousers, wide-brimmed hats, tight skirts, puffed sleeves, pompadours, ducktails, bouffants, beehives",Bright colors,"Individuality, rebellion against conformity, Westernization",,1940.0,1940.0
St Ives School,St_Ives_School,https://aesthetics.fandom.com/wiki/St_Ives_School,"['Avant-garde', 'Constructivism', 'Dark_Nautical', 'Impressionism', 'Minimalism', 'Modernism', 'Nautical', 'Newlyn_School']",1920s (Early Origins)1940s-1960s,,"Blue, white, grey",,,1920.0,1960.0
Stonepunk,Stonepunk,https://aesthetics.fandom.com/wiki/Stonepunk,"['Forestpunk', 'Paleocore']",2000s,"Primitive technology, Tribal societies, Steampunk elements, Natural world, Exploration and discovery, Conflict and survival, Myth and legend, Innovation and ingenuity","Earthy tones, Rustic reds, Charcoal grey, Mustard yellow, Earthy blues",,,2000.0,2000.0
Straight Edge,Straight_Edge,https://aesthetics.fandom.com/wiki/Straight_Edge,"['Jock', 'Punk', 'Skater']",Early 1980s,"The ""X"" symbol, athletic apparel, band logos, clean-cut appearance, military-style haircuts",,"Abstinence (from alcohol, drugs, tobacco), self-control, clarity, rebellion against hedonism",,1980.0,1980.0
Streamline Moderne,Streamline_Moderne,https://aesthetics.fandom.com/wiki/Streamline_Moderne,"['Art_Deco', 'Dieselpunk', 'Decopunk', 'Factory_Pomo', 'Mid-Century_Modern', 'Raygun_Gothic']",1930s–1940s,"Curved corners, horizontal lines (""speed lines""), smooth and unadorned surfaces, glass block, chrome accents, porthole windows","Often white or pale earth tones, with accents of chrome and steel","Speed, efficiency, modernity, technology, motion, functionality",,1930.0,1940.0
Strega,Strega,https://aesthetics.fandom.com/wiki/Strega,"['Dark_Fantasy', 'Cottagecore', 'Cottagegore', 'Forestpunk', 'Goth', 'Goblincore', 'Gothic_Lolita', 'Mori_Kei', 'Romantic_Goth']",Mid-2010s,"Pentacles, layered clothing, flowing dresses, high boots, moon, sun, feathers, gender-neutral clothing","Black, dark gray, browns, earth tones (greens, reds, violets)",,,2010.0,2010.0
Studyblr,Studyblr,https://aesthetics.fandom.com/wiki/Studyblr,"['Art_Academia', 'Chaotic_Academia', 'Corporate', 'Dark_Academia', 'Light_Academia', 'Romantic_Academia', 'Science_Academia', 'Theatre_Academia']",2010s,,,,,2010.0,2010.0
Suburbia,Suburbia,https://aesthetics.fandom.com/wiki/Suburbia,"['50s_Suburbia', 'Suburban_Gothic', 'Americana', 'Dreamcore', 'Nostalgiacore']",1940s-50s (origin)1970s-present (maturation),"Single-family homes, manicured lawns, cul-de-sacs, white picket fences, driveways, bicycles, cars, pools, malls",,"Family life, community, home ownership, leisure, tradition, safety",,1940.0,1970.0
Suburban Gothic,Suburban_Gothic,https://aesthetics.fandom.com/wiki/Suburban_Gothic,"['50s_Suburbia', 'After_Hours', 'Anglo_Gothic', 'Cryptidcore', 'Midwest_Gothic', 'Southern_Gothic', 'Deathrock', 'Liminal_Space', 'Weirdcore', 'Dreamcore', 'Traumacore', 'Dollar_Store_Vernacular', 'Australian_Gothic']",1950s,"Suburban neighborhoods, streetlamps, grocery and convenience stores, and fluorescent lighting","White, black, gray, blue, red, and green","Alienation, capitalist critique, facades, uncanny",,1950.0,1950.0
Succubus Chic,Succubus_Chic,https://aesthetics.fandom.com/wiki/Succubus_Chic,"['Dark_Nymphet', 'Devilcore', 'Femme_Fatale', 'Heroin_Chic', 'Indie_Sleaze', 'Waif']",2020s,"Dark hair and clothing, eyebags, androgynous","Black, dark tones","Darkness, seductiveness, sensuality, human fragility",,2020.0,2020.0
Suedehead,Suedehead,https://aesthetics.fandom.com/wiki/Suedehead,"['Casuals', 'Glam_Rock', 'Skinhead', 'Mod', 'Mod_Revival']",Early 1970s,"Prince of Wales check, Dogtooth patterns, Crombie coats, Loafers, Butterfly collars, Sta-Prest trousers","Muted pastels, blue, green, red, gold","Sharp dressing, working-class pride, stylistic sophistication","ronco Bullfrog (Film), Suedehead (Novel by Richard Allen)",1970.0,1970.0
Sukeban,Sukeban,https://aesthetics.fandom.com/wiki/Sukeban,"['Baddie', 'Bosozoku', 'Gyaru', 'Yanki']",1960s,Customized school uniforms,Navy,Rebellion,ukeban DekaTales of Yakjita CollegeHana no Asuka  Gumi!,1960.0,1960.0
Summer Aesthetic,Summer_Aesthetic,https://aesthetics.fandom.com/wiki/Summer_Aesthetic,"['Autumn', 'Brazilian_Bombshell', 'Nautical', 'Poolcore', 'Safari_Chic', 'Seapunk', 'Spring', 'Tenniscore', 'Tomato_Girl_Summer', 'Tropical', 'Vacation_Dadcore', 'Winter']",The formation of Earth,"Beaches, tropical patterns, flowers, fruit, swimsuits, cool drinks","Blue, yellow, cyan",,,,
Summer Matsuri,Summer_Matsuri,https://aesthetics.fandom.com/wiki/Summer_Matsuri,[],"Ancient origins, popularized in modern media in the 1950s","Fireworks, Yukata, Japanese Street Food, Festival Games, Paper Lanterns","Red, White, Black, Gold",,,1950.0,1950.0
Sunshine Pop,Sunshine_Pop,https://aesthetics.fandom.com/wiki/Sunshine_Pop,"['Hippie', 'Psychedelia', 'Flower_Power', 'Shibuya-Kei']",1960s,"Lush vocal harmonies, orchestral arrangements, harpsichords, wistful lyrics, themes of nature (sun, rain, flowers), soft-focus photography, floral/paisley patterns, warm color palettes","Bright, warm, and pastel tones (yellow, orange, light blue, green)","Optimism, nostalgia, innocence, beauty, escapism, melancholy",,1960.0,1960.0
Superflat,Superflat,https://aesthetics.fandom.com/wiki/Superflat,"['Animecore', 'Dokukawaii', 'Gurokawa', 'Kawaii', 'Neo-Pop', 'Pop_Art', 'Psychedelia', 'Superflat_Pop', 'Surrealism', 'Ukiyo-e']",Late 1990s,Combining the flat imagery of Japanese pop culture with traditional elements and disturbing topics,,"Flatness, shallowness, consumerism, satire, otaku culture, social commentary",,1990.0,1990.0
Superflat Pop,Superflat_Pop,https://aesthetics.fandom.com/wiki/Superflat_Pop,"['Avantropop', 'Four_Colors', 'Frutiger_Aero', '//cari.institute/aesthetics/graffiti-pop', 'Groovival', 'Internet_Awesomesauce', 'Kawaii', 'Lowbrow', 'McBling', 'Neo-Pop', 'Pop_Art', 'Shibuya_Punk', 'Superflat', 'Vectorbloom', 'Vectordelia', 'Y2K_Futurism']",2000s,"Flowers, kawaii motifs, graffiti, urban vinyl figures, vibrant colors, white/pale background",Rainbow,,,2000.0,2000.0
Supergraphic Ultramodern,Supergraphic_Ultramodern,https://aesthetics.fandom.com/wiki/Supergraphic_Ultramodern,"['Cassette_Futurism', 'Disco', 'Earth_Tones', 'Gen_X_Soft_Club', 'Groovival', 'International_Typographic_Style', 'Raygun_Gothic', 'Y2K_Futurism']",1960s,"Curves, rounded shapes, rainbows, flat iconography, plastics and shiny metals",Rainbow,,,1960.0,1960.0
Suprematism,Suprematism,https://aesthetics.fandom.com/wiki/Suprematism,"['Bauhaus', 'Constructivism', 'Cubism', 'De_Stijl', 'Futurism', 'International_Typographic_Style', 'Minimalism', 'Neue_Slowenische_Kunst']",1910s,"Basic geometric forms (squares, circles, crosses, rectangles), flat planes of color, non-objective compositions, forms floating in space","Limited palettes, including black, white, red, and other pure colors, typically against a white background","Supremacy of pure artistic feeling, non-objectivity, spiritual liberation through abstraction, rejection of mimetic representation, a universal artistic language",,1910.0,1910.0
Surf Crush,Surf_Crush,https://aesthetics.fandom.com/wiki/Surf_Crush,"['Art_Hoe', 'Coconut_Girl', 'Frutiger_Aero', 'McBling', 'Poolcore', 'Summer', 'Superflat_Pop', 'Tiki', 'UrBling']",2000s,"Hawaiian prints, surf boards, puka shells","Yellow,Orange,Blue",Surf,,2000.0,2000.0
Surfer,Surfer,https://aesthetics.fandom.com/wiki/Surfer,"['Skater', 'Summer', 'Surf_Crush', 'Tiki', 'Tropical', 'Vacation_Dadcore']",1950s (modern subculture),"Waves, surfboards, beaches, palm trees, sun, Hawaiian flower prints, tiki imagery, vintage woodies, ocean wildlife","Blue, green, white, yellow, earthy tones","Freedom, connection to nature, laid-back attitude, dedication to sport, community, escapism","idget(1959 film),The Endless Summer(1966 film), The Beach Boys (music)",1950.0,1950.0
Surrealism,Surrealism,https://aesthetics.fandom.com/wiki/Surrealism,"['Dadaism', 'Dreamcore', 'Symbolism', 'Psychedelia', 'Weirdcore']",1920s–1950s,"Dreams, the unconscious, automatism, unexpected juxtapositions, biomorphic forms, mythological symbols, everyday objects in strange contexts",Varies widely by artist,"Unlocking the unconscious, freedom from reason, psychological truth, revolution (personal and social), the marvelous",,1920.0,1950.0
Surreal Meme,Surreal_Meme,https://aesthetics.fandom.com/wiki/Surreal_Meme,"['Arabfunny', 'Deep_Fried_Meme', 'Heart_Emoji_Meme', 'MLG', 'Weirdcore', 'Vaporwave']",2010s,"Crude 3D renders, gradients, stock photography, serif fonts, celestial backgrounds, glitch effects, specific recurring characters (Meme Man, Orang)","Gradient orange, void black, deep blue, digital green","Absurdity, irony, confusion, anti-humor, rejection of narrative",,2010.0,2010.0
Swag,Swag,https://aesthetics.fandom.com/wiki/Swag,"['2014_Tumblr', 'Baddie', 'Bloghouse', 'Hip-Hop', 'Hypebeast', 'Jejemon', 'Party_Rock', 'Scene', 'Urbancore']",Late 2000s - Early 2010s,"Snapback hats, graphic tees, skinny jeans, high-top sneakers, gold chains, ""jerk"" dance","Bright, high-contrast colors: red, black, purple, neon green","Confidence, individuality, street fashion, party culture, online presence",,2000.0,2010.0
Sweet Lolita,Sweet_Lolita,https://aesthetics.fandom.com/wiki/Sweet_Lolita,"['Cult_Party_Kei', 'Delicate_Sweet', 'Fairy_Kei', 'Hime_Lolita', 'Lolita', 'Pastel', 'Yume_Kawaii']",nan,,Pastel,,,,
Swenkas,Swenkas,https://aesthetics.fandom.com/wiki/Swenkas,"['Dandy', 'La_Sape', 'Skhothane']",Mid-1900s (Apartheid era),"Tailored European suits, brimmed hats, leather shoes, accessories (gloves, braces, cuff links, zebra-striped socks), choreographed movements, physical cleanliness, sobriety","Traditional suit colors (black, brown, white) and bright colors (pink, blue, red)","Self-discipline, pride, self-respect, Zulu culture preservation, transcendence of class barriers, self-improvement","he Swenkas (Jeppe Rønde, 2004)",1900.0,1900.0
Swingjugend,Swingjugend,https://aesthetics.fandom.com/wiki/Swingjugend,"['Stilyagi', 'Zazou']",Late 1930s,"Plaid jackets, long hair, umbrellas, swing music, dancing, British & American fashion, lipstick and makeup","Varies, often featuring checked patterns and brighter colors than military uniforms","Individuality, freedom, non-conformism, internationalism, love of life, self-determination",,1930.0,1930.0
Symbolism,Symbolism,https://aesthetics.fandom.com/wiki/Symbolism,"['Aestheticism', 'Art_Nouveau', 'Decadence', 'Romanticism']",Late-19th century,"Dreams, visions, myths, the occult, the erotic, death, the subconscious",Often muted or evocative colours; use of light and shadow to create mood,"Subjectivity, emotion, spirituality, the power of suggestion, exploration of inner experience",,1800.0,1900.0
Synthwave,Synthwave,https://aesthetics.fandom.com/wiki/Synthwave,"['Cassette_Futurism', 'Cyberpunk', 'Italo_Disco', 'Laser_Grid', 'Memphis_Design', 'Neon_Noir', 'New_Wave', 'Vaporwave', 'Yuppie']",Mid-2000s,"Neon grids, wireframe landscapes, striped sunsets, 1980s supercars (Testarossa, Countach), palm trees, VHS tracking static, chrome typography","Magenta, cyan, violet, neon pink, deep blue, black","Nostalgia, retrofuturism, escapism, cinematic atmosphere","rive (2011), Hotline Miami (2012), Kung Fury, Stranger Things, Far Cry 3: Blood Dragon",2000.0,2000.0
Tacticool,Tacticool,https://aesthetics.fandom.com/wiki/Tacticool,"['Mall_Ninja', 'Techwear', 'Warcore']",2010s,"Prop firearms, MOLLE vests, camouflage, plate carriers, tactical gear, Special Forces equipment","Black, olive drab, coyote brown, various camouflage patterns","Perceived preparedness, ""badassery,"" interest in military gear",,2010.0,2010.0
Taisho Roman,Taisho_Roman,https://aesthetics.fandom.com/wiki/Taisho_Roman,"['Art_Deco', 'Romanticism', 'Neoclassicism', 'Roaring_20s', 'Nanchatte_Seifuku', 'Ukiyo-e', 'Bankara']",1920s,,Bright colors,"Individuality, westernization, technology, consumerism, democracy",,1920.0,1920.0
Takenokozoku,Takenokozoku,https://aesthetics.fandom.com/wiki/Takenokozoku,['Gyaru'],Mid-1970s,"Harem pants, loose-fitting jumpsuits, ribbons, bows, fringe","Vivid colors, including red, pink, violet, and other bright shades","Individualism, group identity, freedom of expression",,1970.0,1970.0
Talahon,Talahon,https://aesthetics.fandom.com/wiki/Talahon,"['Cani', 'Chav', 'Gangsta_Rap', 'Gopnik', 'Krocha', 'Lad_Culture', 'Racaille']",2020s,"Bootleg luxury items, sportswear, football, gold chains, aggressive posturing, shadowboxing","Red, white, black, gold","Materialism, perceived aggression, boasting, hypermasculinity, group identity",,2020.0,2020.0
Tanbi Kei,Tanbi_Kei,https://aesthetics.fandom.com/wiki/Tanbi_Kei,"['Aristocrat', 'Visual_Kei', 'Lolita', 'Rococo']",nan,,,,,,
Tang Dynasty,Tang_Dynasty,https://aesthetics.fandom.com/wiki/Tang_Dynasty,"['Guochao', 'Silkpunk', 'Neo-Chinese_Style']",618,"Baoxiang flowers, Tang Sancai, plump ladies",,,,618.0,618.0
Tango,Tango,https://aesthetics.fandom.com/wiki/Tango,[],1880s,,"Red, black, white","Romance, tragic love, passion, freedom, sexuality, following/subverting gender roles",,1880.0,1880.0
Taqwacore,Taqwacore,https://aesthetics.fandom.com/wiki/Taqwacore,"['Punk', 'Queercore']",Early 2000s,"Punk aesthetics (mohawks, leather jackets, patches), Islamic iconography (kufis, hijabs), Arabic script, DIY zines",,"Individual interpretation of Islam, anti-establishment ethos, social justice, questioning orthodoxy, cultural fusion",he Taqwacores (novel and film),2000.0,2000.0
TechnoNeko2000,TechnoNeko2000,https://aesthetics.fandom.com/wiki/TechnoNeko2000,"['Abstract_Tech', 'Animecore', 'Bubblegum_Dance', 'Frutiger_Aero', 'Hands_Up', 'Nightcore_(aesthetic)', 'Webcore', 'Y2K_Futurism']",2000s,"Anthropomorphized hardware, floating holographic interfaces, mechanical ears/headphones, high-gloss vector art, cables and plugs","Cyan, lime green, white, silver, hints of hot pink","Tech-optimism, moe personification, high-energy futurism","S-tan, early VOCALOID fanart, EXIT TRANCE, Hyperdimension Neptunia, unofficial Nightcore uploads (YouTube)",2000.0,2000.0
Technozen,Technozen,https://aesthetics.fandom.com/wiki/Technozen,"['Chromecore', 'Corporate', 'Flat_Design', 'Four_Colors', 'Frutiger_Aero', 'Gen_X_Soft_Club', 'Japandi', 'Minimalism#Matcha_Minimalism', '//cari.institute/aesthetics/eco-beige', '//cari.institute/aesthetics/gen-x-home', 'Tranquil_Spa_Graphics', 'Vaporwave', 'Vectorheart', 'Zen_Tranquility', '//cari.institute/aesthetics/zen-x']",2000s,"Technology, nature, minimalism, glossy textures, matte textures, bamboo, wood, Four Colors, Asian and Scandinavian interior design","White, matte silver, light blue, light green, black (sometimes)","Harmony with nature and technology, minimalism, health & wellbeing",,2000.0,2000.0
Techwear,Techwear,https://aesthetics.fandom.com/wiki/Techwear,"['Berlin_Techno_Fashion', 'Cyberpunk', 'Gorpcore', 'Hypebeast', 'Tacticool']",1990s,"Articulated joints, waterproof zippers, modular attachments (MOLLE), sleek silhouettes, hoods, face masks","Black, graphite, olive, navy, grey","Utility, functionality, durability, adaptability, minimalism",,1990.0,1990.0
Tecktonik,Tecktonik,https://aesthetics.fandom.com/wiki/Tecktonik,"['Bloghouse', 'Electroclash', 'Emo', 'Hands_Up', 'Indie_Sleaze', 'Krocha', 'Partille-Johnny', 'Rave', 'Scene']",2000s,"Mohawks and mullet hairstyles, skinny jeans, bright colors, futuristic graphics, eagles (Tecktonik trademark), stars","Black and white, contrasted with bright neon colors","Dance, self-expression, club culture, energy, individuality",,2000.0,2000.0
Teddy Boys,Teddy_Boys,https://aesthetics.fandom.com/wiki/Teddy_Boys,"['Androgynous', 'Minet', 'Mod', 'New_Romantic', 'Popper', 'Raggare', 'Rude_Boy', 'Stilyagi', 'Zazou']",1950s,,plain colors,rebellioncriminal behavior / violence,,1950.0,1950.0
Teen Crush,Teen_Crush,https://aesthetics.fandom.com/wiki/Teen_Crush,"['Girl_Crush', 'Avant_Apocalypse', 'Rave']",Late 2010s,"School uniforms, varsity lettering, cargo pants, combat boots, bright hair dye, plaid patterns","Neon pink, electric blue, yellow, black, white","Confidence, non-conformity, youth, energy",,2010.0,2010.0
Teenpunk,Teenpunk,https://aesthetics.fandom.com/wiki/Teenpunk,"['Emo', 'Glitter_Graphics', 'Mallgoth', 'Parisian_Girly', 'Punk', 'Scene', 'Skater', 'Tweencore', 'Vectordelia']",Late 1990s-Early 2010s,"Skulls, checkerboard patterns, stars, fishnets, neon hair extensions, composition notebooks, Vans sneakers, guitars, hearts, graffiti/paint splatters","Black, pink, white, red","Rebellion, nostalgia, commercialized edginess, angst, playful non-conformity",,1990.0,2010.0
Teethcore,Teethcore,https://aesthetics.fandom.com/wiki/Teethcore,"['Goblincore', 'Gurokawa', 'Medicalcore', 'Morute', 'Weirdcore', 'Dreamcore']",Mid-2010s,"Loose teeth, teeth as objects (jewelry, ritualistic patterns), the Tooth Fairy, dental anxiety, body horror, morbid anatomy",Muted pinks and whites,"Uncanniness, surrealism, fascination with the grotesque, bodily autonomy, coping with anxiety",,2010.0,2010.0
Tenniscore,Tenniscore,https://aesthetics.fandom.com/wiki/Tenniscore,"['Balletcore', 'Barbiecore', 'Blokecore', 'Blokette', 'Normcore', 'Old_Money', 'Preppy', 'Summer']",2020s,"Tennis skirts, polo shirts, tennis dresses, visors, sweatbands, tennis bracelets","White, green, navy","Athleticism, classic style, preppiness, luxury, leisure",,2020.0,2020.0
Teslapunk,Teslapunk,https://aesthetics.fandom.com/wiki/Teslapunk,"['Atompunk', 'Cyberpunk', 'Decopunk', 'Dieselpunk', 'Retrofuturism', 'Steampunk', 'Victorian']",2000s19th century (concept),"Victorian style, electricity, teslacoils, screws, steam engines, brass, top hats, waistcoats, crinoline, goggles, electric power","Light blue, bronze","Consciously advocates  widely available cheap (or free), clean, and often highly portable electrical energy to replace all previous energy sources",,2000.0,2000.0
Thai Modern,Thai_Modern,https://aesthetics.fandom.com/wiki/Thai_Modern,[],1930s,"Bright Color, Vintage, Thai","Teal Green, Hot Pink, Crimson, Mustard Yellow","Thai Culture (1930s-1970s), reflecting the prime of cultural hybridized aesthetic before WWII and during the Cold War (from around the 1950s until the 1970s)",,1930.0,1930.0
That Girl,That_Girl,https://aesthetics.fandom.com/wiki/That_Girl,"['Baddie', 'Nymphet', 'Vanilla_Girl', 'Wonyoungism']",Early 2020s,,"Bright but not eyestraining colors, browns, whites, nude colors","Productivity, routine",,2020.0,2020.0
Theatre Academia,Theatre_Academia,https://aesthetics.fandom.com/wiki/Theatre_Academia,"['Art_Academia', 'Ballet', 'Dark_Academia', 'Light_Academia', 'Romantic_Academia']",2010s,"Old buildings, literature","Gold, red, black, grey, white","Cultural wisdom, dramaturgy",,2010.0,2010.0
Theriancore,Theriancore,https://aesthetics.fandom.com/wiki/Theriancore,"['Forestpunk', 'Goblincore', 'Naturecore', 'Vulture_Culture']",2010s–2020s,"Theta-Delta (ΘΔ) symbols, ""spirit edit"" digital scribbles, DIY paper-mache animal masks, faux-fur tails, low-angle forest photography","Muted earth tones (moss green, charcoal, rust, brown, cream), stark white (for digital line art)","Visual escapism, nature appreciation, DIY crafting, digital anonymity",,2010.0,2020.0
Thought Daughter,Thought_Daughter,https://aesthetics.fandom.com/wiki/Thought_Daughter,"['Cottagecore', 'Dark_Academia', 'Downtown_Girl', 'Peoplehood', 'That_Girl', 'Waif']",2024 (approximately),"Books, philosophy, food, fashion","Black and white, jewel tones","Intelligence, introspection, sensuality, emotionality","he Bell Jar by Sylvia Plath, French existentialism, 1960s films",2024.0,2024.0
Thrash Metal,Thrash_Metal,https://aesthetics.fandom.com/wiki/Thrash_Metal,"['Death_Metal', 'Industrial_Gothic', 'Metal', 'Punk']",Early 1980s,"Battle jackets, band patches, bullet belts, high-top sneakers, long hair, moshing, anti-authoritarianism","Black, denim blue, with accents of bright, often neon, colors from album art","Aggression, speed, anti-authoritarianism, partying, authenticity, loyalty to the scene",,1980.0,1980.0
Tiki,Tiki,https://aesthetics.fandom.com/wiki/Tiki,"['Americana', 'Lowbrow', 'Tropical', 'Vacation_Dadcore', 'Vintage']",1930s,"Paradise, the jungle, island life","Khaki, olive green, red, orange, aqua blue","Escapism, relaxation",,1930.0,1930.0
TikTok 4chan Art Trend,TikTok_4chan_Art_Trend,https://aesthetics.fandom.com/wiki/TikTok_4chan_Art_Trend,"['2010s_Meme_Maximalism', 'Animecore', 'Clovercore', 'Cutegore', 'Femcel_(anime_subculture)', 'Incelcore', 'Lolicore', 'Moe']",Mid-2020s (peak 2023–2024),"Moeart style, 2000s imageboard iconography, 4-leaf clovers, Adobe Flash-style animations, CRT filters, ""moot-tan""","Pastels, specifically ""medical"" pink and mint green","Anemoia (longing for an era not experienced), irony, shock value, chronically online toxicity",,2020.0,2024.0
Tokusatsu,Tokusatsu,https://aesthetics.fandom.com/wiki/Tokusatsu,"['Atompunk', 'Cyberpunk', 'Dieselpunk', 'Magical_Girl', 'Mecha', 'Retrofuturism', 'Synthwave', 'Y2K_Futurism']",1950s-Present,"Creature suits (kaiju, monsters, aliens), transforming heroes (Henshin), miniature city sets, exaggerated combat, futuristic technology, masked superheroes, giant robots","Often vibrant primary colors, metallic sheens, dark monster tones, explosive effects","Heroism, justice, humanity's spirit, fight against evil/fascism, appreciation for life, technological wonder","odzilla series, Kamen Rider series, Super Sentai series, Ultraman series, Gamera series, Metal Hero series",1950.0,1950.0
Tomato Girl Summer,Tomato_Girl_Summer,https://aesthetics.fandom.com/wiki/Tomato_Girl_Summer,"['Coastal_Grandmother', 'Picniccore', 'Strawberry_Girl']",2020s,"Sun-drenched landscapes, red linen, Mediterranean cuisine, straw bags, silk headscarves, espadrilles, al fresco dining","Tomato red, white, cream, olive green, cerulean blue","Escapism, romanticization, ""Glocal"" tourism, curated leisure",,2020.0,2020.0
Tomboy,Tomboy,https://aesthetics.fandom.com/wiki/Tomboy,"['90s_Cool', 'Adventurecore', 'Bro_Hoe', 'Femboy', 'Girl_Crush', 'Grunge', 'Olderbrothercore', 'Skater']",Term: 1533Application to group: 1890s,"Sports, the outdoors, video games, skateboarding, surfing, rollerskating, cars, motorcycles, traditionally masculine activities, LGBTQ+ culture","White, black, red, blue, green, grey, purple, orange","Feminism, rejection of gender norms, masculinity, androgyny",,1533.0,1890.0
Too Cool,Too_Cool,https://aesthetics.fandom.com/wiki/Too_Cool,"['Cottagecore', 'Frutiger_Aero', 'Romantic_Chinese_Village', 'Shamate', 'Shanzhai', 'Webcore', 'Xpiritualism', 'Yabi']",2010s,"Buddhist iconography, traditional Chinese culture, references to internet culture","Vibrant colours, green, blue, teal, pink, red","Rural pride, tackiness, avant-garde",,2010.0,2010.0
Torero Aesthetic,Torero_Aesthetic,https://aesthetics.fandom.com/wiki/Torero_Aesthetic,"['Baroque', 'Cayetana', 'Majismo', 'Pijo', 'Rococo']",18th Century,"Traje de luces, montera hat, capote (cape), ornate gold/silver embroidery, carnations, the bull","Red, gold, silver, black, pink, magenta, yellow","Tradition, bravery, pageantry, honor, tragedy",,1700.0,1800.0
Totalitarian Kitsch,Totalitarian_Kitsch,https://aesthetics.fandom.com/wiki/Totalitarian_Kitsch,"['Heroic_Realism', 'Laborwave', 'Neue_Slowenische_Kunst', 'Socialist_Realism', 'Sots_Art']","1917 (Soviet origins), broadly 20th century","Sunbursts and radiant light emanating from a central leader, doves and wheat sheaves, smiling children presented as symbols of an eternal present, families, muscular idealized bodies, red banners and mass parades, synchronized crowds rendered as a single living image","Soviet red, gold, cream, Chinese revolutionary vermillion, warm yellow","Enforced optimism, the erasure of doubt, irony, and individualism, monumentalism, the ""Grand March"" toward a perpetually deferred utopia","riumph of the Will (Leni Riefenstahl, 1935), Opus Dei (Laibach, 1987), The Unbearable Lightness of Being (Milan Kundera, 1984)",1900.0,2000.0
Touge,Touge,https://aesthetics.fandom.com/wiki/Touge,"['Cyberpunk', 'Synthwave', 'Vaporwave', 'Y2K_Futurism']",2010s (as an internet aesthetic),"90s/00s JDM tuner cars, mountain passes (touge) at night, drifting, hazy headlights, kinetic Japanese typography, VHS/lo-fi editing","Dark blues and blacks of the night, contrasted with the bright white/yellow of headlights and colorful car liveries","Speed, precision, nostalgia, escapism, driver skill, rebellious freedom",nitial D,2010.0,2010.0
Toyism,Toyism,https://aesthetics.fandom.com/wiki/Toyism,"['Avant-garde', 'Neo-Pop', 'Pop_Art', 'Surrealism']",1990s-Present,"Figurative storytelling, dots, distinct unmixed colors, contemporary subjects, hidden serious undertones",Vibrant unmixed colors,"Collective creation, social commentary, high craftsmanship",,1990.0,1990.0
Tradcath Coquette,Tradcath_Coquette,https://aesthetics.fandom.com/wiki/Tradcath_Coquette,"['Catholic_Kitsch', 'Catholic_Mexican_Girl', 'Coquette', 'Dark_Academia', 'Preacher%27s_Daughter', 'Sadgirl', 'Southern_Gothic', 'Tradwife', 'Waif']",2020s,"Coquette fashion (bows, hearts, dresses) combined with traditional Catholic imagery (rosaries, veils, crucifixes), references to medieval saints","Soft coquette colors (pinks, pastels) often contrasted with darker accents","Reappropriation of tradition, performative piety, exploration of religious identity (debated: sincerity vs. irony)",ed Scare podcast,2020.0,2020.0
Tradwife,Tradwife,https://aesthetics.fandom.com/wiki/Tradwife,"['50s_Suburbia', 'Cottagecore', 'Vintage_Americana', 'Old_Money', 'Soft_Girl']",Late 2010s–2020s,"Vintage-style dresses, aprons, baking, clean homes, domestic tasks, submission to husband, traditional family structures","soft pastels, floral prints, gingham","Traditional gender roles, domesticity, anti-feminism, family, submission, homemaking",,2010.0,2020.0
Trad Goth,Trad_Goth,https://aesthetics.fandom.com/wiki/Trad_Goth,"['Deathrock', 'Glam_Rock', 'Goth', 'New_Romantic', 'Post-Punk', 'Punk', 'White_Goth']",Late 1970s–1980s,"Big backcombed hair, heavy black eyeliner, pale skin, ripped fishnets, leather jackets, band t-shirts, winklepickers, DIY elements","Primarily black, with accents of white, red, or purple","DIY ethos, androgyny, musical identity, macabre humor, rebellion, artistic expression",,1970.0,1980.0
Trailer Park Princess,Trailer_Park_Princess,https://aesthetics.fandom.com/wiki/Trailer_Park_Princess,"['Americana', 'Camp', 'Coquette', 'Cuntry', 'Farmer%27s_Daughter', 'Kinderwhore', 'Midwest_Gothic', 'Morute', 'Nymphet', 'Shabby_Chic', 'Southern_Gothic', 'Traumacore', 'Vintage_Americana']",2010s (drawing inspiration from the 1950s-1970s),"Trailer parks and poverty, American cultural imagery, over-the-top feminine clothing, sex/kink and DDLG, dolls","Pink, cherry red, general washed-out colors","Kitsch, sex positivity, not caring what others think, making the best with what you have, finding ways to romanticize one's own poor upbringing",ink Flamingos (1972),1950.0,2010.0
Tranquil Serenity,Tranquil_Serenity,https://aesthetics.fandom.com/wiki/Tranquil_Serenity,"['Chinoiserie', 'Cleancore', '//cari.institute/aesthetics/eco-beige', 'Frutiger_Aero', 'Technozen', 'Y2K_Futurism', '//cari.institute/aesthetics/zen-x']",c. 2000s,"Glossy CGI water, digital bamboo, floating lotus flowers, stacked CGI stones, smooth bubbles, reflective surfaces, digital frangipanis","Soft sage, cream, bluish gray, warm beige, high-saturation greens","Wellness, relaxation, escapism, commercial spirituality, digital harmony",,2000.0,2000.0
Trap Metal,Trap_Metal,https://aesthetics.fandom.com/wiki/Trap_Metal,"['Drift_Phonk', 'E-Boy', 'Emo_Rap', 'Hip-Hop', 'Horrorcore', 'Industrial', 'Meme_Rap', 'Metalhead', 'Necrotrap', 'Nu-Metal', 'Punk', 'Trillwave']",Late 2010s,"Loud distorted 808 patterns, industrial effects, heavy harsh vocals, horror themes, occult symbols, dystopian/cyberpunk imagery, anime/manga references","Black, red, muted tones, neon accents","Aggression, nihilism, rebellion, shock value, emotional turmoil, anti-mainstream sentiment",,2010.0,2010.0
Traumacore,Traumacore,https://aesthetics.fandom.com/wiki/Traumacore,"['Dreamcore', 'Liminal_Space', 'Morute', 'Sadgirl', 'Sanriocore', 'Weirdcore', 'Yami_Kawaii']",Mid-2010s,"Childhood innocence juxtaposed with trauma, loss of innocence, distorted nostalgia, dolls, angels, blood, religious imagery, handwritten text, visceral imagery (guts)","Pastel colors (particularly pink), white, grey, red","Coping, emotional expression, validation, processing trauma",,2010.0,2010.0
Trillwave,Trillwave,https://aesthetics.fandom.com/wiki/Trillwave,"['Draincore', 'Emo_Rap', 'Frutiger_Aero', 'Glitch_Art', 'Hip-Hop', 'Horrorcore', 'Lo-fi_Art', 'Meme_Rap', 'Nerdcore', 'Old_Web', 'Pen_%26_Pixel', 'Phonk', 'Sadboi', 'Seapunk', 'Slimepunk', 'Swag', 'Trap_Metal', 'Vaporwave', 'Webcore', 'Witch_House', 'Xpiritualism', 'Y2K_Futurism']",Late 2000s,"90s Memphis tape aesthetics,Pen & Pixelart, purple tint (""leaned out""), retro video games (N64/PS1), VHS degradation, angel statues, Fiji Water, marijuana, gold teeth (grills)","Black, purple, gold, white",,,2000.0,2000.0
Trinketcore,Trinketcore,https://aesthetics.fandom.com/wiki/Trinketcore,"['Cacareco_Girl', 'Cozy_Childhood_Hideaway', 'Crowcore', 'Grocery_Girl_Fall', 'Indiecraft', 'Juminocore', 'Whimsigothic', 'Twee']",2000s,"Magic, odd antiques, trinkets, stars, books, Polaroid photos, autumn, rainy days, vintage/nostalgic imagery, board games, cards, space, stars","Muted colors, yellow, glow-in-the-dark hues, blue, purple","Curiosity, exploration, oddness, magic",,2000.0,2000.0
Trojan Skinhead,Trojan_Skinhead,https://aesthetics.fandom.com/wiki/Trojan_Skinhead,"['2_Tone', 'Mod', 'Rude_Boy', 'Skinhead', 'Suedehead']",1960s (Origin); 1980s (codification as a distinct subset),"Spirit of '69, Jamaican Rude Boy influence, working-class pride,Mod-influenced style, Ska and Reggae fandom","Tan, forest green, black, white","Anti-racism, apolitical or left-wing views, multiracial unity, working-class solidarity","rojan Records releases, Spirit of '69: A Skinhead Bible (George Marshall)",1960.0,1980.0
Tropical,Tropical,https://aesthetics.fandom.com/wiki/Tropical,"['Beach_Day', 'Bohemian', 'Brazilian_Bombshell', 'Chicha', 'Coastal_Style', 'Frutiger_Aero', 'Hollywood_Regency', 'Nautical', 'Ocean_Grunge', 'Pirate', 'Poolcore', 'Safari_Chic', 'Seapunk', 'Summer', 'Surf_Crush', 'Tomato_Girl_Summer', 'Vacation_Dadcore']",nan,"Cool breezes, cold drinks, beach life, islands, oceans, seashells, fishing, swimming, second-hand clothing, fresh fruit","Green, blue, red, orange, yellow, purple, white, cyan","Simplicity, naturalism, survivalism, connection with nature, protection of sea life, balance","he Blue Lagoon, Castaway, Nim's Island, Kon-Tiki, Return to the Blue Lagoon, Six Days and Seven Nights, Moana, Waterworld",,
Tropicalcore,Tropicalcore,https://aesthetics.fandom.com/wiki/Tropicalcore,"['Coconut_Girl', 'Cutecore', 'Gyaru', 'Sanriocore', 'Tweencore']",2020s,"Beachy themes, tropical things, palm trees, dolphins, poppy/bright colors, mostly yellow, pink and light blue, saturation, indie kid filters, water, and typically visuals associated with Summer Gyaru","Light Blue, pink, yellow",,,2020.0,2020.0
Tropicália,Tropic%C3%A1lia,https://aesthetics.fandom.com/wiki/Tropic%C3%A1lia,"['Hipster', 'Hippie', 'Psychedelia', 'Tropical', 'Brazilian_Carnival', 'Pop_Art', 'Glam_Rock', 'Brazilcore']",1920s,"Freedom, rock music, national instruments, social movements",Vibrant colors,"Individual Freedom, Democracy, Patriotism",,1920.0,1920.0
Tropideco,Tropideco,https://aesthetics.fandom.com/wiki/Tropideco,"['Tropical', 'Beach_Day', 'Dreamcore', 'Nostalgia', 'Nautical', 'Liminal_Space', 'Poolcore', 'Summer', 'Vacation_Dadcore', 'Junglecore', 'Tiki', 'Frutiger_Aero']",90s-2000s,"Stereotypical Hawaiian motifs, tiki masks, aquariums, resorts, water parks, fish tanks, palm trees, fire, pineapples, hotel rooms, neon lights, Water slides, steel guitars","Rich/dark hues, red, green, blue, yellow, tan, dark purple, neon colors",,,1990.0,2000.0
Trxsh,Trxsh,https://aesthetics.fandom.com/wiki/Trxsh,"['Dead_Inside', 'E-Boy', 'E-Girl', 'Emo_Rap', 'Sadboi', 'Simpsonwave', 'Skater', 'Trap_Metal']",Late 2010s,"Anime music videos (AMVs), devil horns, sharp smiley mask, tattoos, chains, Japanese text, dark streetwear","Black, white, red","Edginess, melancholy, underground rap culture",,2010.0,2010.0
Tudor,Tudor,https://aesthetics.fandom.com/wiki/Tudor,"['Baroque', 'Gothic_Architecture', 'Italian_Renaissance']",1485-1603,"Tudor rose, heraldry, ornate patterns, classical elements, symbolism (e.g., pearls for purity, pansies for thought), Tudor hood","Rich jewel tones (e.g., deep reds, blues, greens, purples), gold, black, white, earthy tones for lower classes","Hierarchy, wealth, status, piety, national identity, order",,1485.0,1603.0
Tumbado,Tumbado,https://aesthetics.fandom.com/wiki/Tumbado,"['Gangsta_Rap', 'Hip-Hop', 'Tumbette']",Late 2010s,"Designer streetwear (Gucci, Louis Vuitton), striking jewelry (heavy chains, unique pendants), luxury cars, dark lighting/smoke, balaclavas (in performance), references to drugs/violence/ostentatious wealth","Black, gold, white, red (associated with luxury logos and jewelry)","Ostentation of wealth, defiance, self-assertion, ""street"" style, superación personal (overcoming adversity)",,2010.0,2010.0
Tumbette,Tumbette,https://aesthetics.fandom.com/wiki/Tumbette,"['Blokette', 'Buch%C3%B3n', 'Coquette', 'Hypebeast', 'Tumbado']",2020s,"Motocross/baseball jerseys, miniskirts, bows, lace, pearls, white tights/socks, ballet flats, trucker hats",,"Cultural pride (specifically Northwest Mexico), gender fluidity, harmonizing masculinity and femininity, self-expression",,2020.0,2020.0
Tumblr Coming-of-Age,Tumblr_Coming-of-Age,https://aesthetics.fandom.com/wiki/Tumblr_Coming-of-Age,"['After_Hours', 'Indie_Kid', 'Indie_Sleaze', 'Morute', 'Pale_Grunge']",nan,"Group photography, house parties, late nights, climbing fences, hanging out with high school friends",,"Friendship, youth, teenage rebellion, coming-of-age, nostalgia, angst",,,
Turquerie,Turquerie,https://aesthetics.fandom.com/wiki/Turquerie,"['Baroque', 'Chinoiserie', 'Orientalism', 'Rococo']",16th-18th Centuries (peak in 18th century),"Turbans, caftans, coffee houses, harem scenes, Turkish carpets, pavilions, floral patterns (tulips, carnations)","Rich jewel tones (deep reds, blues, greens), gold","Exoticism, fantasy, luxury, worldliness, cultural curiosity",,1500.0,1800.0
Tuscan Rustic,Tuscan_Rustic,https://aesthetics.fandom.com/wiki/Tuscan_Rustic,"['Autumn', '//cari.institute/aesthetics/corporate-gen-x-cyber', 'Country', '//cari.institute/aesthetics/eco-beige', 'Frasurbane', 'French_Provincial_Style', 'Rustic', '//cari.institute/aesthetics/zen-x']","Traditional, popularized in the mid-2000s","Tuscan kitchens, natural stone, distressed wood, terra-cotta, wrought iron","Earth tones, warm reds, golds, greens","Warmth, naturalism, simplicity,elegance",,2000.0,2000.0
Twee,Twee,https://aesthetics.fandom.com/wiki/Twee,"['Art_Hoe', 'Cybertwee', 'Dolly_Girl', 'Dreamy_Indie_Girlhood', 'Geek_Chic', 'Hipness_Purgatory', 'Poppare', 'Hipster', 'Indie', 'Shibuya-Kei', 'Whimsy_Twee']",Mid-to-late 1980s,"Childlike innocence, vintage objects, delicate imagery, idiosyncratic elements, eclectic color blends, hearts, Manic Pixie Dream Girl archetype","Pastel hues, bright primary and secondary colors (often in eclectic combinations)","Nerdiness, sweetness, romanticism, shyness, carefree attitude, simplicity, suspicion of adulthood, essential goodness, cultivation of passion projects, rejection of conventional ""cool"", romanticization of the nerd/geek/dork/virgin archetypes","wee: The Gentle Revolution in Music, Books, Television, Fashion, and Film (2014) by Marc Spitz",1980.0,1980.0
Tweencore,Tweencore,https://aesthetics.fandom.com/wiki/Tweencore,"['2000s_Preppy', 'Curly_Girly', 'High_School_Dream', 'Kidcore', 'Groovival', 'McBling', 'Scene_Tween', 'Teenpunk', 'Tropicalcore']",Late 1990s,"Mustaches, peace signs, neon animal print, slogan tees, silly bandz","Hot pink, lime green, cyan, purple, zebra print (black/white)","Friendship, humor, ""randomness"", expression",,1990.0,1990.0
Twilightcore,Twilightcore,https://aesthetics.fandom.com/wiki/Twilightcore,"['Dark_Naturalism', 'Fairy_Grunge', 'Fantasy', 'FantasY2K', 'Female_Horror_Game_Protagonist_Fashion', 'Krushclub', 'Vampire', 'Werewolf']",2010s/2020s,"Late 2000s fashion, fog, vampires.","Brown, dark green, grey, black, dark red, beige, earth tones","Nostalgia, romanticization of fall, the woods, school, vampires",,2010.0,2020.0
Uchuu Kei,Uchuu_Kei,https://aesthetics.fandom.com/wiki/Uchuu_Kei,"['Aliencore', 'Cyberpop', 'Decora', 'Fairy_Kei', 'Spacecore', 'Yume_Kawaii']",2000s,"Outer space (uchuu), aliens (uchuujin), planets, stars, rockets, futuristic elements, geometric shapes, rings/shoulder details","Pastel shades (foundation), fluorescent/neon colors, cool tones (blue, purple), metallic silver","Futurism, playfulness, pop culture, escapism",,2000.0,2000.0
UK Drill,UK_Drill,https://aesthetics.fandom.com/wiki/UK_Drill,"['Chav', 'Chicago_Drill', 'Techwear', 'Ultras']",2010s,"Balaclavas, puffer jackets, tracksuits, tech vests, designer brands (Nike, Moncler), luxury cars, street settings","Black, dark grey","Authenticity, street credibility, success, loyalty, defiance",,2010.0,2010.0
UK Garage,UK_Garage,https://aesthetics.fandom.com/wiki/UK_Garage,"['Britpop', 'Casuals', 'Rave', 'Y2K_Futurism']",1990s,"Italian designer labels, all-over prints, champagne, Reebok Classics, pirate radio","Varies, often bold and flashy prints with gold and silver accents","Aspiration, glamour, hedonism, multiculturalism, smoothness",,1990.0,1990.0
Ukiyo-e,Ukiyo-e,https://aesthetics.fandom.com/wiki/Ukiyo-e,"['Art_Nouveau', 'Japonisme', 'Impressionism', 'Post-Impressionism', 'Superflat']",17th–19th centuries,"Courtesans and beautiful women (bijin-ga), kabuki actors (yakusha-e), landscapes (fūkei-ga), scenes from history and folklore, sumo wrestlers, nature scenes","Rich and varied palettes, often with bold black outlines and flat areas of color","Appreciation of transient pleasures, urban entertainment culture, beauty, theatricality, observation of nature and daily life",,1600.0,1900.0
Ultras,Ultras,https://aesthetics.fandom.com/wiki/Ultras,"['Blokecore', 'Blokette', 'Casuals', 'Mod', 'Paninaro', 'Rave', 'Skinhead']",1960s,"Tifos (choreographed stadium displays), large banners, flags, flares, smoke bombs, drums, synchronized chants, graffiti, club symbols","Club colors, often monochromatic (black, team-specific hues)","Fanatical support, loyalty, unity, community, identity, intimidation, anti-commercialization, nonconformism, self-expression, collective belonging","ltras, The Real Football Factories, The Rebels of The Stadiums, The Syndrome by Andy Capp, Skins by Gavin Watson",1960.0,1960.0
Ulzzang,Ulzzang,https://aesthetics.fandom.com/wiki/Ulzzang,"['Baddie', 'E-Girl', 'Hallyu', 'Kawaii', 'Soft_Girl', 'Wonyoungism']",Early 2000s,"Gradient lips, straight eyebrows, puppy dog eyeliner, aegyo-sal, circle lenses, oversized tops, tennis skirts",,"Cuteness, innocence, natural beauty (curated), online popularity",,2000.0,2000.0
Unicorn Trend,Unicorn_Trend,https://aesthetics.fandom.com/wiki/Unicorn_Trend,"['Fairy_Kei', 'Galaxy_Print', 'Kawaii', 'Pastel_Goth', 'Yume_Kawaii']",Late 2010s,"Unicorns, rainbows, glitter, sparkles, holographic textures, pastel gradients, galaxy prints","Pastel rainbow, pink, purple, white, iridescent silver","Nostalgia, escapism, playfulness, magic, optimism",,2010.0,2010.0
Uptown Girl,Uptown_Girl,https://aesthetics.fandom.com/wiki/Uptown_Girl,"['Downtown_Girl', 'Coquette', 'Delicate_Sweet', 'Vanilla_Girl', 'Preppy', 'Clean_Girl', 'Shoe_Diva', 'French_Girl']",Early 2020,Perfect feminine clothes and makeup,"White, pink, pastels",Being polished and elegant with femininityHaving fun and being happyElegance,,2020.0,2020.0
Urbancore,Urbancore,https://aesthetics.fandom.com/wiki/Urbancore,"['Grunge', 'Hip-Hop', 'Punk', 'Witch_House', 'After_Hours', 'Art_Hoe', 'Baddie', 'Boujee', 'Brutalism', 'Chicano_Lowrider', 'Doomer', 'Drain', '//cari.institute/aesthetics/graffiti-pop', 'Hypebeast', 'Industrial_Decay', 'Liminal_Space', 'Shibuya_Punk', 'Skater', 'Techwear', 'Urban_Fantasy']",1990s,"cityscapes, graffiti, concrete architecture, parking lots, skyscrapers, alleyways, streets, streetwear, expensive brands","neutrals - gray, black, beige; sometimes contrasted with bright paint colors, otherwise any colors, depending on the style","Materialism, expensive clothes (although you don't have to be materialistic to achieve this aesthetic), urban life",,1990.0,1990.0
Urban Fantasy,Urban_Fantasy,https://aesthetics.fandom.com/wiki/Urban_Fantasy,"['Dragoncore', 'Dungeonpunk', 'Fantasy', 'FantasY2K', 'Urbancore', 'Vampire', 'Witchcore']",nan,"Magic, noise, tall buildings, crowds of people, busy streets, poorly maintained infrastructure","Loud, bold colours",Escapism,,,
UrBling,UrBling,https://aesthetics.fandom.com/wiki/UrBling,"['Corporate_Grunge', 'Cyber_Grunge', 'Gangsta_Rap', '//cari.institute/aesthetics/graffiti-pop', 'Hip-Hop', 'McBling', 'Metalheart', 'Neo-Tribal', 'Nu-Metal', 'Olderbrothercore', 'Post-Grunge_Maximalism', 'Scene', 'Shibuya_Punk', 'Skater', 'Teenpunk', 'Vectordelia', 'Y2K_Futurism']",1990s,"Silhouetted streetlights, power lines, buildings, highways, grungy effects, wings, crests, flames, tribal tattoo-looking motifs, paint splatters/drips, slab sans-serifs, graffiti and stencil motifs & fonts, gothic fonts","Orange, red, yellow, black, white, silver",,ef Jam Recordings,1990.0,1990.0
Utopian Scholastic,Utopian_Scholastic,https://aesthetics.fandom.com/wiki/Utopian_Scholastic,"['Factory_Pomo', 'Festival_Marketplace', 'Dreamcore', 'Frasurbane', 'Frutiger_Aero', 'Global_Village_Coffeehouse', '//cari.institute/aesthetics/neoclassical-pomo', 'Kid_Science', 'Surrealism', 'Memphis_Lite', 'Wacky_Pomo', 'Y2K_Futurism', 'Silicon_Dreams', 'Vaporwave', 'Pixel_UI', 'Old_Web', 'Webcore', 'Whimsicraft', '//cari.institute/aesthetics/zen-x']",1980s,"Museums, photo collages,science/social studies-related imagery",Bright and chromatic,,"iscovery Channel, educational videos, edutainment games, New Age music (often with pan flutes), early CGI",1980.0,1980.0
Vacation Dadcore,Vacation_Dadcore,https://aesthetics.fandom.com/wiki/Vacation_Dadcore,"['Nautical', 'Tiki', 'Tropical', 'Vaporwave']",2010s (as a defined aesthetic),"Hawaiian shirts, poolside settings, beaches, moustaches, aviator sunglasses, cocktails, day drinking","Bright reds, blues, yellows, and pinks, often paired with beige, tan, or white","Relaxation, leisure, fun, comfort, nostalgia, kitsch",,2010.0,2010.0
Vampire,Vampire,https://aesthetics.fandom.com/wiki/Vampire,"['Darkest_Academia', 'Dark_Academia', 'Goth', 'Gothic', 'Halloween', 'Romantic_Goth', 'Victorian_Goth', 'Witchcore']",19th Century (Modern Archetype),"Fangs, blood, bats, coffins, castles, moonlight, aristocratic attire, dark romanticism","Black, deep red, white, silver","Immortality, forbidden knowledge, transgression, elegance, tragedy",,1800.0,1900.0
Vanilla Girl,Vanilla_Girl,https://aesthetics.fandom.com/wiki/Vanilla_Girl,"['Clean_Girl', 'Danish_Pastel', 'Korean_Cozy_Beige', 'Minimalism', 'That_Girl']",2020s,,"White, brown, beige, cream","Simplicity, authenticity, femininity, sentimentality, relatability, self-care, mindfulness and gratitude",,2020.0,2020.0
Vaporgoth,Vaporgoth,https://aesthetics.fandom.com/wiki/Vaporgoth,"['Industrial', 'Glitch_Art', 'Weirdcore', 'Vaporwave']",Mid-2010s,"Glitch art, technological decay, dark ambient textures, dystopian transmissions, horror imagery, cryptic text","Black, white, muted greys, occasional digital blues or greens","Darkness, alienation, dread, technological horror, surrealism",,2010.0,2010.0
Vaporwave,Vaporwave,https://aesthetics.fandom.com/wiki/Vaporwave,"['Cassette_Futurism', 'Classicism', 'Cleancore', 'Demoscene', 'Glitch_Art', 'Italo_Disco', 'Liminal_Space', 'Lo-fi', 'Memphis_Design', 'Memphis_Lite', '//cari.institute/aesthetics/neoclassical-pomo', 'PC_Music', 'Retrofuturism', 'Seapunk', 'Synthwave', 'Webcore', 'Old_Web', 'Utopian_Scholastic', 'Y2K_Futurism']",Early 2010s,"Hellenic statues, 1990s web design and CGI, Japanese text,glitch art, palm trees, obsolete technology (Windows 95, VHS), corporate logos","Pastel pink and cyan, purple, neon gradients","Nostalgia(often for a fabricated past), anti-capitalist critique (ambiguous), irony, technological melancholy, surrealism",,2010.0,2010.0
Vectorbloom,Vectorbloom,https://aesthetics.fandom.com/wiki/Vectorbloom,"['Art_Nouveau', 'Frutiger_Aero', 'McBling', 'Psychedelia', 'Superflat_Pop', 'Supergraphic_Ultramodern', 'Vectordelia']",Early 2000s,"Flourishes, flower patterns, vector-based psychedelic shapes, explorations of natural forms, hybrid creatures, multi-layered imagery","Pink, red, purple, blue, green, yellow, black (contrast), white","Maximalism, psychedelic fantasy, technological opulence",,2000.0,2000.0
Vectordelia,Vectordelia,https://aesthetics.fandom.com/wiki/Vectordelia,"['2010s_Meme_Maximalism', 'Colorful_Pop', 'Corporate_Hippie', 'Graffiti_Pop', 'Fitness_Splatter', 'Flat_Design', 'Frutiger_Aero', 'Groovival', 'Hands_Up', 'Indie_Sleaze', 'McBling', 'New_Rave', 'Recession_Pop', 'Superflat_Pop', 'UrBling', 'Vectorbloom', 'Wacky_Pomo']",2000s,"Swirling vines, splats, butterflies, sunbursts, silhouettes of dancers/crowds, speakers, headphones, turntables, microphones, halftone dots, striped circles, flowing gradients, bokeh, arrow clusters","Cyan, magenta, lime green, orange, black, white (high-contrast CMYK palette)","Digital humanism, maximalism, dynamism, optimism, creativity, ""organized chaos""","ust Dance (1-3), Rayman Origins, iPod silhouette commercials, Xbox 360 Dashboard",2000.0,2000.0
Vectorheart,Vectorheart,https://aesthetics.fandom.com/wiki/Vectorheart,"['Abstract_Tech', 'Acid_Design', 'Cyberpunk', 'Flat_Design', 'Gen_X_Soft_Club', 'Hexatron', 'International_Typographic_Style', 'Metalheart', 'Neo-Vectorheart', 'Old_Web', 'Racing', 'Superflat_Pop', 'Supergraphic_Ultramodern', 'Urbancore', 'Vectordelia', 'Vectorflourish', 'Y2K_Futurism']",1990s,"Striking vector shapes, 45- and/or 60-degree diagonal lines, futuristic and/or experimental typography, flat colors, high-contrast colors, maximalist-minimalism, silhouettes, icons, occasional references to Japanese culture, occasional criticism of capitalism and consumerism rooted in irony",,,,1990.0,1990.0
Vector Minimalism,Vector_Minimalism,https://aesthetics.fandom.com/wiki/Vector_Minimalism,"['Corporate_Memphis', 'Cyberbougie', 'Flat_Design', 'Memphis_Design']",2010s,Flat vector illustrations,,,,2010.0,2010.0
Vector Música,Vector_M%C3%BAsica,https://aesthetics.fandom.com/wiki/Vector_M%C3%BAsica,"['Frutiger_Aero', 'Vectorbloom', 'Vectordelia', 'Magical_Girl', 'McBling', 'Pianocore']",Late 2000s,"Flowing musical staves, treble clefs, scattering notes, hearts and stars, floral filigree, silhouettes (headphones, dancers, microphones), bokeh effects","Pastel Pink, Lavender, Baby Blue, White, Magenta","Harmony, whimsy, elegance, melody, magical transformation","inx Club (Seasons 4–5), Suite PreCure♪, Just Dance, Project Diva (Backgrounds), Violetta",2000.0,2000.0
Venetian Carnival,Venetian_Carnival,https://aesthetics.fandom.com/wiki/Venetian_Carnival,"['Brazilian_Carnival', 'Fanfare', 'Baroque', 'Rococo', 'Clowncore']",1162,"Masks, revelry, gondolas, costumes, mystery","Gold, Red, Purple, Black, White","mystery, elegance, luxury, anonymity, wealth, hedonism, mischief",,1162.0,1162.0
Victorian,Victorian,https://aesthetics.fandom.com/wiki/Victorian,"['Arts_and_Crafts_Movement', 'Dandy', 'Dark_Academia', 'Edwardian', 'Gothic', 'Lolita', 'Steampunk', 'Victorian_Goth', 'Vintage_British_Sportsman']",19th Century (1837-1901),"Ornate detailing, Gothic Revival architecture, industrial machinery, gaslight, pocket watches, corsets, top hats, mourning rituals, strict social codes, intricate patterns, dark romanticism, scientific curiosity, domesticity, elaborate hairstyles, crinolines, bustles","Ochre, russet, beige, brown, taupe, black, white, royal blue, crimson, deep jewel tones (emerald green, ruby red, sapphire blue)","Morality, strict social codes, domesticity, industrial progress, technological innovation, scientific inquiry, formality, class hierarchy, duty, sentimentality, knowledge, romanticism","herlock Holmes series (Arthur Conan Doyle), Works by Charles Dickens (e.g., Oliver Twist, Great Expectations), Works by Brontë sisters (e.g., Jane Eyre, Wuthering Heights), Works by Lewis Carroll (e.g., Alice's Adventures in Wonderland)",1800.0,1901.0
Victorian Goth,Victorian_Goth,https://aesthetics.fandom.com/wiki/Victorian_Goth,"['Darkest_Academia', 'Goth', 'Romantic_Goth', 'Steampunk', 'Trad_Goth', 'Victorian']",1980s,"Mourning attire, corsets, bustles, lace, velvet, top hats, cameos, veils, Gothic literature","Primarily black, with accents of deep jewel tones like burgundy, purple, and dark green","Melancholy, elegance, romanticism, history, mourning, decadence",,1980.0,1980.0
Viking Art,Viking_Art,https://aesthetics.fandom.com/wiki/Viking_Art,['Northerness'],8th century,,"brown, green, black, blue",,,700.0,800.0
Vintage Americana,Vintage_Americana,https://aesthetics.fandom.com/wiki/Vintage_Americana,"['50s_Suburbia', 'Americana', 'Coquette', 'Diner', 'Hot_Rod', 'Nymphet', 'Pin-up', 'Rockabilly', 'Trailer_Park_Princess']",2010s,"Vintage diners, vintage cars, hearts, gingham, cherry print, Old Hollywood imagery, mid-century American pop culture,pin-upaesthetics, road trips, desolate desert landscapes","Red, white, and blue; pastel tones","Nostalgia for an idealized American past, romanticized femininity, escapism, hedonism, perceived innocence of mid-century girlhood, American patriotism of a bygone era","ana Del Rey's music videos (""National Anthem,"" ""Ride""), Music (Lana Del Rey, MARINA, Elvis Presley), Films depicting idealized 1950s/60s Americana (e.g., ""Lolita"" (1997) forNymphetconnections)",2010.0,2010.0
Vintage British Sportsman,Vintage_British_Sportsman,https://aesthetics.fandom.com/wiki/Vintage_British_Sportsman,"['Dark_Academia', 'Golden_Age_of_Detective_Fiction', 'Old_Money', 'Preppy', 'Grandparentcore', 'Sloanies', 'Vintage']","Practices from Medieval times, visuals from Victorian era","Horses, rural Britain, firearms, dogs, golf, fishing, hunting, patterns: argyle, tartan, chintz","Brown, dark green, red, olive, beige","Competition, wealth, pride, tradition, masculinity",owntown AbbeyJeeves and WoosterFantastic Mr. FoxGet Duked!,,
Visigothic Art,Visigothic_Art,https://aesthetics.fandom.com/wiki/Visigothic_Art,"['Byzantine', 'Hellenic', 'Medieval', 'Romanesque', 'Southern_French_Gothic']",5th-8th Century,,"Gold, red, blue",Religion,,400.0,800.0
Visual Kei,Visual_Kei,https://aesthetics.fandom.com/wiki/Visual_Kei,"['Glam_Rock', 'Goth', 'Gothic_Lolita', 'Punk', 'New_Romantic', 'Angura_Kei']",1980s,"Androgyny, elaborate costumes, dramatic makeup, extravagant hairstyles (often brightly colored and spiked), historical and fantastical themes","Varies widely by sub-genre, from all-black to vibrant, multi-colored palettes","Visual self-expression, artistic freedom, theatricality, rebellion against conformity, musical diversity",,1980.0,1980.0
Vorticism,Vorticism,https://aesthetics.fandom.com/wiki/Vorticism,"['Cubism', 'Expressionism', 'Futurism', 'Modernism']",1910s (c. 1914–1917),"The machine, angular and geometric forms, hard-edged lines, urban landscapes, dynamism captured in a static moment (the ""vortex"")","Harsh, bold color combinations; strong use of black and white","Machine-age energy, anti-sentimentality, embracing modernity, a rejection of both Victorian naturalism and the perceived chaos of Futurism",,1910.0,1917.0
VSCO Girl,VSCO_Girl,https://aesthetics.fandom.com/wiki/VSCO_Girl,"['2010s_Summer_Nostalgia', 'Art_Hoe', 'Basic_Girl', 'E-Girl', 'Granola', 'Soft_Girl', 'TikTok_Preppy']",Late 2010s,"Oversized T-shirts, scrunchies, Hydro Flasks, Pura Vida bracelets, Birkenstocks/Crocs/Vans, puka shell necklaces, messy buns, simple makeup, Polaroid cameras","Earthy tones, pastels, bright and natural colors (often enhanced with VSCO app filters)","Environmentalism (""save the turtles"")",,2010.0,2010.0
Vulture Culture,Vulture_Culture,https://aesthetics.fandom.com/wiki/Vulture_Culture,"['Goblincore', 'Crowcore', 'Cottagegore', 'Dark_Academia', 'Strega', 'Forestpunk']",2010s,"Animal skulls and bones, taxidermy, wet specimens, insects, feathers, natural decay, forests, curiosities","White, brown, tan, green, black","Ethical sourcing, appreciation for nature and anatomy, preservation, anti-consumerism, curiosity, respect for the deceased animal",,2010.0,2010.0
Wabi-Sabi,Wabi-Sabi,https://aesthetics.fandom.com/wiki/Wabi-Sabi,"['Art_Academia', 'Japandi', 'Showa_Retro', 'Mizuiro_Kaiwai']",~1300s A.D.,"Simplicity, imperfections, rust/verdigris, nicks/scratches, organic shapes (esp. plants), asymmetry/lopsidedness",,"irregularity, roughness, incompleteness, deliberate imperfection",,1300.0,1300.0
Waif,Waif,https://aesthetics.fandom.com/wiki/Waif,"['Balletcore', 'Coquette', 'Dark_Nymphet', 'Dollette', 'Femcel_(anime_subculture)', 'Heroin_Chic', 'Lobotomy_Chic', 'Morute', 'Nymphet', 'Preppy', 'Sadgirl', 'Slavic_Doll', 'Thought_Daughter', 'Tradcath_Coquette', 'Trailer_Park_Princess']",Early 2020s,"Thinness, eating disorders, luxury brands, cigarettes, Diet Coke, ballet, classic literature, messy bedrooms","Black, pink, beige, white, red","Preoccupation with beauty and thinness, performative narcissism, intellectual pretension, embracing ""unlikable"" traits and female protagonists","he Bell Jar by Sylvia Plath, Girl, Interrupted (1999), The Red Scare (podcast)",2020.0,2020.0
Wa Lolita,Wa_Lolita,https://aesthetics.fandom.com/wiki/Wa_Lolita,"['Lolita', 'Taisho_Roman']",Late 1990s,"Kimono collars, obi bows, wide sleeves, traditional Japanese prints (sakura, goldfish, fans, cranes, temari balls)","Varies widely, but often includes traditional Japanese color palettes (red, black, white, indigo, gold)",,,1990.0,1990.0
Warcore,Warcore,https://aesthetics.fandom.com/wiki/Warcore,"['Cyberpunk', 'Military_Chic', 'Post-Apocalyptic', 'Tacticool', 'Techwear']",Late 2010s,"Tactical vests (chest rigs), combat boots, cargo pants, face masks, utility belts, holsters, protective gear","Black, khaki, olive drab, grey, other desaturated tones","Functionality, preparedness, intimidation, self-expression, dystopianism",,2010.0,2010.0
Wartime Austerity,Wartime_Austerity,https://aesthetics.fandom.com/wiki/Wartime_Austerity,"['Film_Noir', 'Harlem_Renaissance', 'New_Look', 'Old_Hollywood']",1940s,"Utility clothing, tailored suits, practical dresses, restricted fabrics, minimal embellishments, sturdy shoes, menswear-inspired elements for women, repurposed old clothes, siren suits, gas mask bags, luminous accessories","Muted tones, somber colors, practical colors (e.g., browns, greys, olives, navy), occasional white for visibility","Resource conservation, practicality, resilience, ingenuity, national unity, efficiency over luxury, adaptability, durability","itty Foyle (film, 1940), Make Do and Mend (1943 newsreel film)",1940.0,1940.0
Webcore,Webcore,https://aesthetics.fandom.com/wiki/Webcore,"['2010s_Meme_Maximalism', 'Cybercore', 'Demoscene', 'Dreamcore', 'Frutiger_Aero', 'Glitch_Art', 'Glitchcore', 'Old_Web', 'Silicon_Dreams', 'TechnoNeko2000', 'Vaporwave', 'Weirdcore', 'Xpiritualism', 'Y2K_Futurism', 'Yabujincore']",Late 2010s-Early 2020s,"Nostalgic internet imagery (GeoCities, Windows XP), pixel art, early 3D graphics, browser windows, surrealism, pop-ups, error messages, outdated technology","Bright primary colors, often with digital distortion or pastel filters","Nostalgia (anemoia), critique of the modern corporate internet, digital surrealism, creativity",,2010.0,2020.0
Weeaboo,Weeaboo,https://aesthetics.fandom.com/wiki/Weeaboo,"['Animecore', 'Scene', 'Emo', 'Mall_Ninja', 'Wota', 'Otaku']",mid 2000s,"Graphic Tees, Cosplay, Merch",,"Fandom, Romanticization of Japan",,2000.0,2000.0
Weimar Cabaret,Weimar_Cabaret,https://aesthetics.fandom.com/wiki/Weimar_Cabaret,"['Art_Deco', 'Dadaism', 'Dark_Cabaret', 'Expressionism', 'Flapper', 'Gar%C3%A7onne', 'Roaring_20s']",1920s,"Androgynous fashion (tuxedos on women), dramatic makeup (thin eyebrows, dark lipstick), smoke-filled clubs, political caricature, nudity, jazz and chanson music","Black, red, metallics, often with dramatic and shadowy lighting","Satire, sexual liberation, political criticism, hedonism, anti-bourgeois sentiment, artistic experimentation",,1920.0,1920.0
Weirdcore,Weirdcore,https://aesthetics.fandom.com/wiki/Weirdcore,"['Blogspot_Scene', 'After_Hours', 'Bastardcore', 'Dreamcore', 'Glitch_Art', 'Glitter_Graphics', 'Kidcore', 'Liminal_Space', 'Net.art', 'Surrealism', 'Vaporwave', 'Webcore', 'Xpiritualism']",2010s,"Low-quality digital images, amateur editing, primitive graphics, image compression, distorted or out-of-place objects, unusual borders, word art, uncomfortably framed subjects, liminal spaces, out-of-context captions, incorrect or nonsensical labels, digital artifacts, distorted geometry",,"Confusion, disorientation, dread, alienation, nostalgia (anemoia), dreamlike states, distorted perception, the unfamiliar within the familiar, unease, comfort (paradoxically), curiosity, questioning of reality","oup 0.9, Yume Nikki, LSD Dream Emulator",2010.0,2010.0
Welwitschia Goth,Welwitschia_Goth,https://aesthetics.fandom.com/wiki/Welwitschia_Goth,"['Dark_Fantasy', 'Emo', 'Glitter_Graphics', 'Gothic_Lolita', 'Gurokawa', 'Mallgoth', 'Morute', 'Whimsigothic']",Late 1990s–Early 2000s,"Cracked dolls, butterflies, bows, stitches, blood, decayed forests, grunge filters, plaid/stripes","Black, red, deep purple, pink (for morbid innocence contrast)","Morbid innocence, angst, sadness, tragic beauty",,1990.0,2000.0
Werewolf,Werewolf,https://aesthetics.fandom.com/wiki/Werewolf,"['Fantasy', 'Vampire', 'Witchcore', 'Halloween', 'Horror', 'Zombie_Apocalypse']","2,100 BC (Werewolf legends)1910s (Character trope/aesthetic)","Wolves, night, full moon, fangs, claws","Black, grey, blue, red, brown","Transformation, escapism, bloodlust",,1910.0,1910.0
Western,Western,https://aesthetics.fandom.com/wiki/Western,"['Americana', 'Cottagecore', 'Country', 'Desert', 'Gaucho', 'Prairie', 'Rusticcore']",1860s,"Cowboy hats, Horses, Cacti, Revolvers, Leather clothing","Muted tones, Browns, Red, Orange","Remembrance, Pioneering spirit, Independence","ed Dead Redemption, Old Western films",1860.0,1860.0
Whimsicraft,Whimsicraft,https://aesthetics.fandom.com/wiki/Whimsicraft,"['Indiecraft', 'Industrial_Gothic', 'Whimsigothic', 'Maximalism', 'Surrealism', 'Art_Hoe', 'Wacky_Pomo', 'Memphis_Lite', 'Utopian_Scholastic']",1980s-1990s,Funky home crafts,"Warm colors, saturated colors",Childlike wonder and imagination,,1980.0,1990.0
Whimsigothic,Whimsigothic,https://aesthetics.fandom.com/wiki/Whimsigothic,"['Whimsicraft', 'Cottagecore', 'FantasY2K', 'Gothic', 'Grocery_Girl_Fall', 'Hippie', 'Trinketcore', 'Twee', 'Witchcore', 'Welwitschia_Goth']",1980s-1990s,"Warm colors, supernatural beings","Deep blues and oranges, bits of black/purple",Gothic themes with a warm and whimsical twist,,1980.0,1990.0
Whimsy Twee,Whimsy_Twee,https://aesthetics.fandom.com/wiki/Whimsy_Twee,"['Clovercore', 'Geek_Chic', 'Picniccore', 'Heisei_Retro', 'Juminocore', 'Kidcore', 'Mod', 'Mori_Kei', 'Pianocore', 'Trinketcore', 'Twee']",Mid-2020s,"Playful patterns (dots, stripes, swirls, gingham), colorful layering, nostalgic childhood imagery,Mod-inspired makeup","Bright colors, primary colors, red, purple, green","Childlike wonder, self-expression, creativity, carefree attitude, 90s/2000s nostalgia",,2020.0,2020.0
White Goth,White_Goth,https://aesthetics.fandom.com/wiki/White_Goth,"['Goth', 'Trad_Goth']",1980s,"Monochrome white palette, layered textures (lace, faux fur), dramatic silhouettes, contrast with dark makeup/accessories","White, cream, light grey, off-white","Elegance, etherealness, serenity, dramatic contrast",,1980.0,1980.0
Winter Aesthetic,Winter_Aesthetic,https://aesthetics.fandom.com/wiki/Winter_Aesthetic,"['Apr%C3%A8s-ski', 'Autumn_Aesthetic', 'Christmas', 'Cozycore', 'Hygge', 'Winter_Bimbo']",2010s,"Snowflakes, fireplaces, cozy blankets, candles, hot cocoa, pine trees, knitted textures, fairy lights","White, ice blue, silver, grey, combined with warm neutrals (cream, beige) and festive accents (deep red, forest green)","Coziness, comfort, warmth, slowness, mindfulness, nostalgia, magic",,2010.0,2010.0
Winter Bimbo,Winter_Bimbo,https://aesthetics.fandom.com/wiki/Winter_Bimbo,"['Apr%C3%A8s-ski', 'Bimbocore', 'Coquette', 'Slavic_Doll', 'Winter_Aesthetic']",Early 2020s,"Fur hats (ushankas), earmuffs, leg warmers, miniskirts, faux fur coats, snowy forests","White, cream, beige, pastel pink, pastel blue","Hyper-femininity, glamour, softness, romanticized cold",,2020.0,2020.0
Wishcore,Wishcore,https://aesthetics.fandom.com/wiki/Wishcore,"['Balletcore', 'Kawaii', 'Heisei_Retro', 'Juminocore', 'Pianocore', 'Shoujo_Girl']",2020s,"Stars, crescent moons, Wichu (official plushie mascot), cupid wings/feathers, music notes, clovers, small charms/keychains, innocence, subtle shimmer/shimmering details, school uniform elements","Pastel pink, light blue, white, cream, subtle holographic/iridescent accents","Wish, magical realism, comfort, innocence, subtle self-expression, desire for protection (守られたい)",,2020.0,2020.0
Witchcore,Witchcore,https://aesthetics.fandom.com/wiki/Witchcore,"['Angelcore', 'Cabincore', 'Cottagecore', 'Cottagegore', 'Cryptidcore', 'Dark_Fantasy', 'Dragoncore', 'Gothic', 'Goblincore', 'Halloween', 'Hellenic', 'Honeycore', 'Horror', 'Mallgoth', 'Medieval_Fantasy', 'Mossy', 'Mushroomcore', 'Naturecore', 'Strega', 'Werewolf', 'Whimsigothic', 'Witch_House']",nan,"Frogs, owls, bats, tarot cards, magic, brooms, crystal balls, potions, old houses/architecture, cats, wands, halloween, woods/outdoors, nature, occult imagery","Black,Green,Orange,Purple, dark/dull colours","The occult, the unknown, energy, self-growth, connection to nature, female empowerment","he Craft (1996), Charmed (1998-2006), Practical Magic, Harry Potter, Sabrina the Teenage Witch",,
Witch House,Witch_House,https://aesthetics.fandom.com/wiki/Witch_House,"['Goth', 'Health_Goth', 'Horror', 'Industrial', 'Nu-Goth', 'Seapunk', 'Trillwave', 'Vaporwave', 'Witchcore']",Late 2000s,"Triangles (△), crosses (✝), Unicode symbols, occult imagery, distorted visuals, lo-fi aesthetics","Black, desaturated colors, dark red, purple, blue","Occultism, surrealism, nocturnal themes, horror, dark atmospheres,DIY ethos","he Blair Witch Project, Twin Peaks",2000.0,2000.0
Wixa,Wixa,https://aesthetics.fandom.com/wiki/Wixa,"['Cybersigilism', 'Dresiarz', 'Gabber', 'Hands_Up', 'Rave', 'Ultras', 'Y2K_Futurism']",Late 1990s (Original); 2010s (Revival),"Tracksuits, workwear, tribal tattoos, glowsticks, Polish internet memes, satirical national/religious imagery (e.g., Pope John Paul II),Dresiarzculture","Black, white, and yellow, often with neon accents","Irreverence, irony, anti-purism, hedonism, high-energy clubbing, satirical social commentary",,1990.0,2010.0
Wizardcore,Wizardcore,https://aesthetics.fandom.com/wiki/Wizardcore,"['Cabincore', 'Chaotic_Academia', 'Dark_Academia', 'Fantasy', 'Fantasy_Astronomy', 'Goblincore', 'Light_Academia', 'Naturecore', 'Whimsigoth', 'Witchcore']",2010s,"Wizard staffs, walking sticks, books, cloaks, hourglasses, glass baubles and trinkets, globes, maps, mirrors, succulents, gems, stones, brooches, scrolls, candles, notebooks, rustic items","Black, gray, brown, dark red, purple, navy blue, green","Intelligence, wisdom, ambition, creativity, control, determination, devotion, freedom, peacefulness, whimsy",arry PotterThe Lord of the RingsDungeons and Dragons,2010.0,2010.0
Wonderland,Wonderland,https://aesthetics.fandom.com/wiki/Wonderland,"['Chaotic_Academia', 'Cottagecore', 'Cottagegore', 'Weirdcore', 'Dreamcore']",1860s,"Checkered floors, dark forests, unusual architecture, pocket watches, locked doors, tea sets, rabbits, mirrors, locks and keys, key holes, flamingos, playing cards, mushrooms, roses, gardens, hedge mazes, books, cats","Muted colors, Black, White, Light brown, red, blue","Feelings of being lost, confidence, knowledge, nonsense",lice in WonderlandThe Wizard of Oz,1860.0,1860.0
Wonyoungism,Wonyoungism,https://aesthetics.fandom.com/wiki/Wonyoungism,"['Coquette', 'Pink_Pilates_Princess', 'That_Girl', 'Balletcore', 'Dollette', 'Romantic_Academia', 'Pink_Parisian']",2020s,"Self-care routines, pilates/exercise, healthy eating, studying, luxury beauty products (Dior, Miu Miu), pink, coquette details (bows, pearls)","Pastel pink, white, cream","Self-improvement, discipline, confidence, hyper-femininity, productivity, ""glowing up""",,2020.0,2020.0
Wuxia,Wuxia,https://aesthetics.fandom.com/wiki/Wuxia,['Adventurecore'],9th century,"Chinese warriors, martial artists in an ancient Chinese setting","White, tan, red, black, teal","Determination, fighting for what is right, effortless wandering",,800.0,900.0
XO,XO,https://aesthetics.fandom.com/wiki/XO,"['Dark_Nymphet', 'Grunge', 'Indie_Sleaze', 'Pale_Grunge', 'Sadboi']",Late 2000s/Early 2010s,"Addiction, self-loathing, promiscuity, manipulation, detachment from reality, heavy drug usage","Black, White, Greyscale, Yellow, Red, Blue","Understanding the dark side of heavy drug usage, manipulation, and sex.",,2000.0,2010.0
Xpiritualism,Xpiritualism,https://aesthetics.fandom.com/wiki/Xpiritualism,"['Blogspot_Scene', 'Digital_Horror', 'Dollar_Store_Vernacular', 'Draincore', 'Fotonight_Web', 'Glitch_Art', 'Glitter_Graphics', 'Goreweb', 'HexD', 'Keller_Synth', 'Net.art', 'Old_Web', 'Rave', 'Shanzhai', 'Weirdcore', 'Webcore', 'Yabujincore']",2010s (early origins); 2020s (codification),"Multiculturalism, bizarre/surreal imagery, low quality digital images, old internet aesthetics, digital collage, esotericism, foreign internet culture, medical diagrams, spam imagery, conspiracy theories, anime visual novels",,"Confusion, discomfort, foreignness, nostalgia, lack of context, surrealism, theuncanny","oundCloud Underground, Instagram, VK, 4chan, Telegram, Newgrounds, old Flash content, foreign websites, online forums",2010.0,2020.0
Y2K Futurism,Y2K_Futurism,https://aesthetics.fandom.com/wiki/Y2K_Futurism,"['90s_Cool', 'Abstract_Tech', 'Bubblegum_Dance', 'Chromecore', 'Corporate_Grunge', 'Cybercore', 'Cyberpunk', 'DORFic', 'Frutiger_Aero', 'Gen_X_Soft_Club', 'Low_Poly', 'Groovival', 'McBling', 'Metalheart', 'Neo-Y2K', 'Retrofuturism', 'Seapunk', 'Shibuya_Punk', 'Superflat_Pop', 'Vectorheart']",1990s,"Abstract 3D graphics (""blobs""), translucent or transparent materials, metallic textures, chrome, sleek typography, futuristic interfaces","Cool-toned palettes, icy blue, silver, glossy white, black, with accents of bright orange and lime green","Techno-utopianism, optimism for the new millennium, digital futurism, sleek minimalism","he Matrix, Space Channel 5, Wipeout, Jet Set Radio, Toonami",1990.0,1990.0
Y3K,Y3K,https://aesthetics.fandom.com/wiki/Y3K,"['Bubblegum_Bling', 'Cyberpunk', 'Cybersigilism', 'Metalheart', 'Neo-Y2K', 'Techwear', 'Opium', 'Y2K_Futurism']",2020s,"Form-fitting ""second skin"" silhouettes, metallic/chrome fabrics, bug-eyed/ultra-slim sunglasses, AI and avatar concepts, intricate hardware details, glitch effects, digital prints, bug-eyed/ultra-slim sunglasses","Metallic silver, glossy black, neon/fluorescent accents, holographic iridescence","Futurism, dystopia, digital identity, post-human narratives, sustainability, technological integration, anxieties surrounding AI","espa (Music Group), XG (Music Group), Mugler (Fashion House), Dress to Impress (Video Game)",2020.0,2020.0
Yabi,Yabi,https://aesthetics.fandom.com/wiki/Yabi,"['Asian_Baby_Girl', 'Cybergoth', 'Decora', 'E-Girl', 'Emo', 'Frutiger_Aero', 'Gyaru', 'Hippie', 'Hipster', 'Kogal', 'Neo-Chinese_Style', 'Punk', 'Scene', 'Shamate', 'Shanzhai', 'Too_Cool', 'Visual_Kei', 'Xpiritualism', 'Y2K_Futurism']",Late 2010s,"Maximalism, layering, DIY, eclecticism, mixing and matching different styles","Black, neon, pastels, metallic","Individuality, self-expression, nostalgia",,2010.0,2010.0
Yabujincore,Yabujincore,https://aesthetics.fandom.com/wiki/Yabujincore,"['Arabfunny', 'Cybersigilism', 'Keller_Synth', 'Webcore', 'Weirdcore', 'Xpiritualism']",2020s (specifically 2021),"Juxtaposition, jumpstyle dance, Arabic/Russian/Japanese text, ""Epic Face"" (Awesome Face), Roblox avatars, Matrix code, The ""Winter Girl"" (Snow Girl), toothpaste dancing, anime characters, Christian crosses",,"Absurdism, brainrot, virality, irony, chaotic confusion, ""cursed"" re-contextualization",,2020.0,2021.0
Yakuza Aesthetic,Yakuza_Aesthetic,https://aesthetics.fandom.com/wiki/Yakuza_Aesthetic,"['Cyberpunk', 'Film_Noir', 'Mafia_Aesthetic']",20th Century (Media Portrayals),"Full-body tattoos (irezumi), sharp suits, sunglasses, katana swords, neon-lit cityscapes (e.g., Kabukicho), missing pinky fingers (yubitsume)","Black, white, and grey (suits), contrasted with the vibrant colors of tattoos","Honor, loyalty, chivalry (ninkyō), duty, sacrifice, adherence to a strict code (all fictional tropes)","akuza (Like a Dragon) video game series, Battles Without Honor and Humanity (film series), Outrage (film series), Tokyo Vice (TV series)",1900.0,2000.0
Yallternative,Yallternative,https://aesthetics.fandom.com/wiki/Yallternative,"['Country', 'Cuntry', 'Emo', 'Goth', 'Grunge', 'Southern_Gothic', 'Western']",2010s,"Cowboy hats, boots, dark makeup, denim, leather, silver, turquoise","Black, silver, denim blue, turquoise","Inclusivity, anti-corporate sentiment, self-expression, reclaiming Southern identity","exter and the Moonrocks, Tyler Childers, Johnny Cash",2010.0,2010.0
Yami Kawaii,Yami_Kawaii,https://aesthetics.fandom.com/wiki/Yami_Kawaii,"['Jirai_Kei', 'Kuromicore', 'Medicalcore', 'Morute', 'Pastel_Goth', 'PEEPS', 'Traumacore', 'Yume_Kawaii']",2010s,"Medical iconography (pills, syringes, bandages, eye patches), self-harm/suicide tools (razors, nooses), negative or cynical text messages (""Die!,"" ""Go to Hell""), cute animals and shoujo imagery with dark undertones","Black, red, pink, purple, lavender","Cute appearance but inner darkness, cathartic expression, challenging mental health taboos",rist-Cut Transformation Subculture✡Menhera,2010.0,2010.0
Yandere,Yandere,https://aesthetics.fandom.com/wiki/Yandere,"['Animecore', 'Cutegore', 'Erokawa', 'Gurokawa', 'Lovecore', 'Nanchatte_Seifuku', 'Traumacore', 'Yami_Kawaii']",2000s,"Knives, heart eyes, obsession","Pink, red, white, black",,,2000.0,2000.0
Yanki,Yanki,https://aesthetics.fandom.com/wiki/Yanki,"['Bosozoku', 'Sukeban', 'Gyaru', 'Greaser', 'Yakuza', 'Bankara']",1950s and 1960s,Japanese gangster,"black, yellow, white",rebellion,,1950.0,1960.0
Yé-yé,Y%C3%A9-y%C3%A9,https://aesthetics.fandom.com/wiki/Y%C3%A9-y%C3%A9,"['Coquette', 'Flower_Power', 'Hippie', 'Mod', 'Peacock_Revolution', 'Pop_Art', 'Shibuya-Kei']",Early 1960s,"Miniskirts, A-line dresses, geometric patterns, go-go boots, heavy eyeliner, bob haircuts","Bright pastels (pink, yellow, baby blue), bold primary colors, black and white contrasts","Youthful optimism, fun, innocence, romantic love, modernity, mild rebellion",alut les copains,1960.0,1960.0
Yōkai,Y%C5%8Dkai,https://aesthetics.fandom.com/wiki/Y%C5%8Dkai,"['Horror', 'Ukiyo-e']",Edo period (1603-1868)-present,"Yōkai, body horror","Red, black, dark blue, green",,"o-Kai Watch, Touhou Project",1603.0,1868.0
Young Poland,Young_Poland,https://aesthetics.fandom.com/wiki/Young_Poland,"['Art_Nouveau', 'Arts_and_Crafts_Movement', 'Expressionism', 'Impressionism', 'Modernism', 'Orientalism', 'Post-Impressionism', 'Romanticism', 'Symbolism', 'Zakopane_Style']",1890s-1910s,"Symbolic flora, folk patterns, melancholic figures","Earthy tones, gold, deep blues","National identity, patriotism, artistic freedom, spiritual expression, pessimism",,1890.0,1910.0
Yugo-Nostalgia,Yugo-Nostalgia,https://aesthetics.fandom.com/wiki/Yugo-Nostalgia,"['Dizela%C5%A1i', 'New_Partisans', 'Ostalgie', 'Retrofuturism', 'Socialist_Realism', 'Soviet_Nostalgia', 'Sovietwave']",Post-2000s (as aesthetic/commodification),"SFRY flag, red star, portraits and imagery of Josip Broz Tito, modernist and brutalist architecture, socialist youth pioneer symbols","Red, white, blue (from the SFRY flag)","Unity, brotherhood, anti-nationalism, longing, a perceived higher quality of life","ugoslav popular culture, Ex-Yu Rock andNew Wavemusic, Yugoslav cinema",2000.0,2000.0
Yume Kawaii,Yume_Kawaii,https://aesthetics.fandom.com/wiki/Yume_Kawaii,"['Animecore', 'Babycore', 'Decora', 'Fairy_Kei', 'Harajuku_Fashion', 'Kawaii', 'Magical_Girls', 'Mizuiro', 'Pastel', 'Shoujo', 'Unicorncore', 'Yami_Kawaii']",2013,"Strawberry milk, sailor uniforms, magical girl imagery",Pastels,"Dreams, softness, pale colors,cuteness",,2013.0,2013.0
Yuppie,Yuppie,https://aesthetics.fandom.com/wiki/Yuppie,"['Corporate', 'Power_Dressing', 'Preppy', 'New_Money', 'Sloanie']",1980s,"Power suits, Rolex watches, Filofax organizers, brick-sized mobile phones, luxury European cars (BMW, Saab), gourmet food (brie, sun-dried tomatoes)","Navy blue, charcoal grey, white, khaki, red (power ties/suspenders)","Ambition, materialism, careerism, consumerism, self-improvement, status, professionalism","he Bonfire of the Vanities, Wall Street, American Psycho, Bright Lights, Big City",1980.0,1980.0
Zakopane Style,Zakopane_Style,https://aesthetics.fandom.com/wiki/Zakopane_Style,"['Art_Nouveau', 'Arts_and_Crafts_Movement', 'Romanticism', 'Young_Poland']",1890s-1910s,"Sunrays, floral carving, Goral motifs, hearts","Wood tones, stone grey, green","Goral culture, national identity, connection with nature, traditional craftmanship",,1890.0,1910.0
Zazou,Zazou,https://aesthetics.fandom.com/wiki/Zazou,"['Bikiniarze', 'Stilyagi', 'Swingjugend', 'Teddy_Boys']",1940s,"Oversized jackets, narrow trousers, long hair, elaborate quiffs, thick-soled shoes, umbrellas (furled), bright lipstick, padded shoulders, swing dance, jazz music","Black, white, often bright or checkered patterns (in defiance of austerity)","Individualism, nonconformity, defiance, hedonism, freedom",,1940.0,1940.0
Zef,Zef,https://aesthetics.fandom.com/wiki/Zef,"['Chav', 'Hipness_Purgatory', 'Juggalo', 'Kitsch', 'McBling', 'Rave']",2000s,"DIY fashion, kitsch, customized cars, gold jewelry, esoteric symbols, working-class signifiers",,"Reclaiming stereotypes, unapologetic attitude, individuality, shock value, anti-establishment irony",,2000.0,2000.0
Zenitism,Zenitism,https://aesthetics.fandom.com/wiki/Zenitism,"['Constructivism', 'Cubism', 'Dadaism', 'Expressionism', 'Futurism', 'Signalism']",1921–1926,"The ""Barbarogenius,"" machines, the modern city, airplanes, Balkan folklore motifs, geometric abstraction, dynamic typography","Often black, white, and red","Anti-traditionalism, Balkan cultural revival, synthesis of ""East"" and ""West,"" pacifism, primitivism",,1921.0,1926.0
Zombie Apocalypse,Zombie_Apocalypse,https://aesthetics.fandom.com/wiki/Zombie_Apocalypse,"['Grunge', 'Horror_Punk', 'Post-Apocalyptic']",1960s,"Meat, torn clothes, empty cities, post-apocalyptic scenery, weapons (especially firearms)","Faded and dull colors, reds, greens, purples, teals, pinks","Fatigue, hunger, survival",,1960.0,1960.0
